{"type":"FeatureCollection","features":[{"type":"Feature","id":1,"geometry":{"type":"LineString","coordinates":[[66.54399871806646,86.65499877957006],[66.3010025028633,86.60600280798326]]},"properties":{"OBJECTID":1,"NAME":"Eurasian:North American","LABEL":"Transform Boundary"}},{"type":"Feature","id":2,"geometry":{"type":"LineString","coordinates":[[46.062999725157226,86.59799957292199],[47.522998810147044,86.64099883992458],[50.770000457655044,86.70600128163392],[54.5610008237291,86.74600219724368],[58.01800155602706,86.78700256361748],[61.50600051900881,86.80500030541981],[62.46300125090704,86.75499725322072],[66.54399871806646,86.65499877957006]]},"properties":{"OBJECTID":2,"NAME":"Eurasian:North American","LABEL":"Divergent Boundary"}},{"type":"Feature","id":3,"geometry":{"type":"LineString","coordinates":[[46.313999176320976,86.56099700960436],[46.062999725157226,86.59799957292199]]},"properties":{"OBJECTID":3,"NAME":"Eurasian:North American","LABEL":"Transform Boundary"}},{"type":"Feature","id":4,"geometry":{"type":"LineString","coordinates":[[66.3010025028633,86.60600280798326],[70.08948516830594,86.40396118186311]]},"properties":{"OBJECTID":4,"NAME":"Eurasian:North American","LABEL":"Divergent Boundary"}},{"type":"Feature","id":5,"geometry":{"type":"LineString","coordinates":[[9.809000015138622,84.95800018306204],[10.659000396551107,85.06700134253799],[11.704000473243298,85.1370010371682],[13.241999626281768,85.28099823038406],[14.66600036602415,85.37999725327069],[16.06299972575681,85.48500061058974],[17.88999938986001,85.59100341777355],[19.28499984716524,85.68399810802634],[21.343000411639764,85.7990036010354],[23.347000121758242,85.81700134283778],[25.38299941988737,85.8590011599756],[27.42700004561567,85.86699676518862],[28.142999648914724,85.8740005494858],[29.22900009198071,85.80999755854054],[30.972000121808207,85.90799713156241],[33.340000152185326,86.05300140359196],[35.60699844322363,86.16100311320315],[38.300998688138975,86.29100036587425],[41.75600051890888,86.43199920679803],[43.47900009138118,86.49600219684396],[46.313999176320976,86.56099700960436]]},"properties":{"OBJECTID":5,"NAME":"Eurasian:North American","LABEL":"Divergent Boundary"}},{"type":"Feature","id":6,"geometry":{"type":"LineString","coordinates":[[8.937999725606915,85.00900268512589],[9.809000015138622,84.95800018306204]]},"properties":{"OBJECTID":6,"NAME":"Eurasian:North American","LABEL":"Transform Boundary"}},{"type":"Feature","id":7,"geometry":{"type":"LineString","coordinates":[[4.507999896877777,84.56999969493006],[5.177000046015337,84.6320037843472],[6.664999961778847,84.76200103791763],[8.133999824232546,84.89800262412189],[8.937999725606915,85.00900268512589]]},"properties":{"OBJECTID":7,"NAME":"Eurasian:North American","LABEL":"Divergent Boundary"}},{"type":"Feature","id":8,"geometry":{"type":"LineString","coordinates":[[4.0349998470653645,84.59700012165837],[4.507999896877777,84.56999969493006]]},"properties":{"OBJECTID":8,"NAME":"Eurasian:North American","LABEL":"Transform Boundary"}},{"type":"Feature","id":9,"geometry":{"type":"LineString","coordinates":[[-7.211999893180462,82.86799621565291],[-6.234000205544987,82.99999999970026],[-5.1539998053467,83.24900054933596],[-4.147999763578184,83.43000030497018],[-3.2039999963027412,83.56999969512987],[-2.3629999157134876,83.69000244105985],[-1.2059999702224218,83.8639984132962],[-0.46900001184104667,83.99600219734361],[0.4050000014489683,84.10199737557849],[1.3009999986510365,84.22299957317182],[2.2349998947294125,84.3430023191018],[3.0239999290535593,84.46199798621814],[3.848000049462769,84.56099700910477],[4.0349998470653645,84.59700012165837]]},"properties":{"OBJECTID":9,"NAME":"Eurasian:North American","LABEL":"Divergent Boundary"}},{"type":"Feature","id":10,"geometry":{"type":"LineString","coordinates":[[-5.864999770722818,82.69100189202373],[-7.211999893180462,82.86799621565291]]},"properties":{"OBJECTID":10,"NAME":"Eurasian:North American","LABEL":"Transform Boundary"}},{"type":"Feature","id":11,"geometry":{"type":"LineString","coordinates":[[-5.0100002289273675,82.51899719236661],[-5.864999770722818,82.69100189202373]]},"properties":{"OBJECTID":11,"NAME":"Eurasian:North American","LABEL":"Divergent Boundary"}},{"type":"Feature","id":12,"geometry":{"type":"LineString","coordinates":[[-3.700000047364256,82.32800292999127],[-5.0100002289273675,82.51899719236661]]},"properties":{"OBJECTID":12,"NAME":"Eurasian:North American","LABEL":"Transform Boundary"}},{"type":"Feature","id":13,"geometry":{"type":"LineString","coordinates":[[-4.6409997941051415,81.37000274642963],[-4.151999950737093,81.55200195282794],[-3.9089999197104817,81.62000274682936],[-5.032999992755435,81.91300201423161],[-4.537000179114955,82.05000305209921],[-3.7960000038970065,82.29000091590962],[-3.700000047364256,82.32800292999127]]},"properties":{"OBJECTID":13,"NAME":"Eurasian:North American","LABEL":"Divergent Boundary"}},{"type":"Feature","id":14,"geometry":{"type":"LineString","coordinates":[[-2.4140000345739168,81.12599945061419],[-3.4539999958031444,81.25099945036442],[-4.6409997941051415,81.37000274642963]]},"properties":{"OBJECTID":14,"NAME":"Eurasian:North American","LABEL":"Transform Boundary"}},{"type":"Feature","id":15,"geometry":{"type":"LineString","coordinates":[[-3.364000082138034,80.79199981683814],[-2.779000043916824,80.99299621580275],[-2.4140000345739168,81.12599945061419]]},"properties":{"OBJECTID":15,"NAME":"Eurasian:North American","LABEL":"Divergent Boundary"}},{"type":"Feature","id":16,"geometry":{"type":"LineString","coordinates":[[-1.6840000149886691,80.62499999995009],[-2.9419999119663203,80.75599670428454],[-3.364000082138034,80.79199981683814]]},"properties":{"OBJECTID":16,"NAME":"Eurasian:North American","LABEL":"Transform Boundary"}},{"type":"Feature","id":17,"geometry":{"type":"LineString","coordinates":[[-2.341000080189474,80.3700027466295],[-1.6840000149886691,80.62499999995009]]},"properties":{"OBJECTID":17,"NAME":"Eurasian:North American","LABEL":"Divergent Boundary"}},{"type":"Feature","id":18,"geometry":{"type":"LineString","coordinates":[[4.389999866500659,79.5329971317123],[3.2960000041969124,79.65799713146248],[2.378000021283981,79.77999877892057],[1.4869999884587628,79.90899658172691],[0.6280000211840502,80.02600097626413],[-0.25099998705968574,80.14199829108833],[-0.9689999820634512,80.21299743648257],[-1.7660000327752527,80.30899810797638],[-2.341000080189474,80.3700027466295]]},"properties":{"OBJECTID":18,"NAME":"Eurasian:North American","LABEL":"Transform Boundary"}},{"type":"Feature","id":19,"geometry":{"type":"LineString","coordinates":[[3.4319999221587523,79.0299987795201],[3.9010000231326103,79.22799682619262],[4.389999866500659,79.5329971317123]]},"properties":{"OBJECTID":19,"NAME":"Eurasian:North American","LABEL":"Divergent Boundary"}},{"type":"Feature","id":20,"geometry":{"type":"LineString","coordinates":[[7.784999847664892,78.23500061068967],[6.776000022782853,78.44400024381628],[5.592000007594322,78.64099884062404],[4.690999984861435,78.80599975598403],[3.8570001128649665,78.94999694830057],[3.4319999221587523,79.0299987795201]]},"properties":{"OBJECTID":20,"NAME":"Eurasian:North American","LABEL":"Transform Boundary"}},{"type":"Feature","id":21,"geometry":{"type":"LineString","coordinates":[[70.08948516830594,86.40396118186311],[70.92600250261347,86.20300292944171],[72.98400115962585,86.10600280718387],[75.02899932865614,85.98899841264671],[76.32599639891475,85.91699981648839],[78.40299987834175,85.76799774140272],[81.10299682604273,85.63899993859633],[83.14299774125283,85.55599975598403],[84.8020019535274,85.50000000009999],[86.80200195312767,85.41799926735234],[88.48600006075424,85.34600067119408],[89.98000335676954,85.29599761989431],[92.31300354028122,85.22899627665691],[94.15499877897054,85.15499877897054],[95.83899688749642,85.10199737537863],[97.27300262457152,85.02799987769225],[98.56800079330202,84.95999908459015],[99.44400024411601,84.91100311300335],[102.91799926745227,84.66400146489576],[103.94300079335198,84.57800292999127],[105.3020019530278,84.4850006107896],[106.75900268572542,84.3690032959654],[107.70899963422579,84.29499816933009],[108.93900299109521,84.19400024401608],[109.72699737562846,84.1100006106397],[110.95899963402593,83.96499633771089],[111.97399902333632,83.82399749768643],[112.84300231970133,83.67400360078562],[113.72299957267217,83.51200103771777],[114.55799865711242,83.32099914549423],[115.25800323506132,83.15100097631404],[115.79299926780197,83.01399993934581],[116.58200073204819,82.7399978636106],[117.1709976200442,82.53900146464593],[117.6607676311213,82.34345125657029],[117.85783000964727,82.28113667981398],[118.99971846603444,82.0939195097776],[119.26865410400376,81.9931317281468],[119.98400115922618,81.59500122072978],[121.00399780235671,81.11499786416016],[121.89800262482129,80.64299774175242],[122.63899993929579,80.20600128203358],[123.40799713126262,79.75900268572542],[125.01117786466682,79.06639073284612],[125.14812759081576,78.99428268469819],[125.28371647633435,78.82293896066454],[125.58064138159455,78.30468144439322],[125.70108967504848,78.17405559259157]]},"properties":{"OBJECTID":21,"NAME":"Eurasian:North American","LABEL":"Divergent Boundary"}},{"type":"Feature","id":22,"geometry":{"type":"LineString","coordinates":[[-3.6919999122661125,71.39800262412189],[-2.9370000366223508,71.50000000019992],[-2.3989999292033417,71.59200286863751],[-1.743000030626888,71.6849975588903],[-0.9750000240318286,71.8150024414096],[-0.3919999899075606,71.91000366213933],[0.2809999884587455,72.01499938961018],[0.9010000228328181,72.13400268567545],[1.9910000559078753,72.32800292929181],[2.780999898926268,72.43299865766198],[3.6089999672747126,72.58000183121959],[4.300000191155959,72.69699859590855],[4.9699997901582265,72.82099914579402],[5.585999965625945,72.9240036006857],[6.054999828279506,73.01899719246654],[6.78200006475123,73.14499664298074],[7.071000099175308,73.20300292934178],[7.390999794205186,73.25199890092858],[7.7909998896332695,73.37100219699386],[8.149999618687502,73.4270019528779],[8.385999679441682,73.48500061029],[8.652000427577718,73.5339965818768],[8.83800029777558,73.6279983518425],[8.956999778916725,73.70600128153399],[9.036999702674166,73.75800323526113],[9.14000034354109,73.88200378424727],[9.20300006879819,73.97899627665691],[9.208000183361833,74.09600067119408],[9.152999878241815,74.23300170906168],[9.133000374167977,74.37699890137827],[8.984000205645032,74.54299926750224],[8.78100013694683,74.7630004879822],[8.630000114513734,74.94599914514447],[8.46000003787151,75.07599639871489],[8.211999893180575,75.18800354033118],[7.946000099225273,75.38200378394754],[7.842000007594322,75.52700042702816],[7.60300016372662,75.72899627675685],[7.5929999354986535,75.9810028076335],[7.514999866550625,76.11699676488882],[7.480000018785859,76.278999328856],[7.55700016032921,76.4309997562338],[7.5630002022975304,76.6019973752787],[7.614999771022667,76.7990036010354],[7.62200021703643,76.96900177021558],[7.671999930952097,77.14800262432169],[7.809000015538345,77.47899627685678],[7.880000114213942,77.71199798621814],[7.770999908019405,77.91100311260362],[7.8270001414434205,78.08999633776085],[7.784999847664892,78.23500061068967]]},"properties":{"OBJECTID":22,"NAME":"Eurasian:North American","LABEL":"Divergent Boundary"}},{"type":"Feature","id":23,"geometry":{"type":"LineString","coordinates":[[-4.072000026979595,71.49099731437462],[-3.6919999122661125,71.39800262412189]]},"properties":{"OBJECTID":23,"NAME":"Eurasian:North American","LABEL":"Transform Boundary"}},{"type":"Feature","id":24,"geometry":{"type":"LineString","coordinates":[[-4.741000175217891,71.33300018331187],[-4.360000133099618,71.43199920619844],[-4.072000026979595,71.49099731437462]]},"properties":{"OBJECTID":24,"NAME":"Eurasian:North American","LABEL":"Divergent Boundary"}},{"type":"Feature","id":25,"geometry":{"type":"LineString","coordinates":[[-5.698999882138821,71.54000091580969],[-5.157000065100874,71.43099975543441],[-4.741000175217891,71.33300018331187]]},"properties":{"OBJECTID":25,"NAME":"Eurasian:North American","LABEL":"Transform Boundary"}},{"type":"Feature","id":26,"geometry":{"type":"LineString","coordinates":[[-12.359000205894745,71.2519989013283],[-12.105999946640168,71.3960037234931],[-11.71399974798993,71.58799743663246],[-11.36999988598592,71.77400207503581]]},"properties":{"OBJECTID":26,"NAME":"Eurasian:North American","LABEL":"Divergent Boundary"}},{"type":"Feature","id":27,"geometry":{"type":"LineString","coordinates":[[-7.375000000449631,71.12500000005002],[-6.900000094928373,71.28199768034875],[-6.333000183511615,71.3870010376678],[-5.916999816987925,71.46499633751102],[-5.698999882138821,71.54000091580969]]},"properties":{"OBJECTID":27,"NAME":"Eurasian:North American","LABEL":"Divergent Boundary"}},{"type":"Feature","id":28,"geometry":{"type":"LineString","coordinates":[[-11.36999988598592,71.77400207503581],[-10.355999946540237,71.61499786336077],[-9.392999649314334,71.45600128153399],[-7.940999984461655,71.21700286848767],[-7.375000000449631,71.12500000005002]]},"properties":{"OBJECTID":28,"NAME":"Eurasian:North American","LABEL":"Transform Boundary"}},{"type":"Feature","id":29,"geometry":{"type":"LineString","coordinates":[[-11.355999946340432,71.05200195312767],[-11.864999771322346,71.14700317385746],[-12.359000205894745,71.2519989013283]]},"properties":{"OBJECTID":29,"NAME":"Eurasian:North American","LABEL":"Transform Boundary"}},{"type":"Feature","id":30,"geometry":{"type":"LineString","coordinates":[[-12.255000114263794,70.56300353968169],[-12.008999824382329,70.70600128213351],[-11.668999671997199,70.87599945041438],[-11.355999946340432,71.05200195312767]]},"properties":{"OBJECTID":30,"NAME":"Eurasian:North American","LABEL":"Divergent Boundary"}},{"type":"Feature","id":31,"geometry":{"type":"LineString","coordinates":[[-13.89200019855025,70.81600189237349],[-13.395999908269118,70.77200317370756],[-12.904999732551573,70.69799804707225],[-12.255000114263794,70.56300353968169]]},"properties":{"OBJECTID":31,"NAME":"Eurasian:North American","LABEL":"Transform Boundary"}},{"type":"Feature","id":32,"geometry":{"type":"LineString","coordinates":[[-14.447999954334364,70.35399627670688],[-14.237000465499023,70.51699829143803],[-14.03600025161029,70.72599792456464],[-13.89200019855025,70.81600189237349]]},"properties":{"OBJECTID":32,"NAME":"Eurasian:North American","LABEL":"Divergent Boundary"}},{"type":"Feature","id":33,"geometry":{"type":"LineString","coordinates":[[-14.734000205644918,70.38899993939572],[-14.447999954334364,70.35399627670688]]},"properties":{"OBJECTID":33,"NAME":"Eurasian:North American","LABEL":"Transform Boundary"}},{"type":"Feature","id":34,"geometry":{"type":"LineString","coordinates":[[-14.734000205644918,70.38899993939572],[-15.02400016747373,70.1689987180165],[-15.425000190306491,69.83999633806059],[-15.71599960289933,69.55000305189941],[-16.034000396401154,69.26499938971011],[-16.26300048868154,69.03800201388191],[-16.486999511318345,68.80799865681263]]},"properties":{"OBJECTID":34,"NAME":"Eurasian:North American","LABEL":"Divergent Boundary"}},{"type":"Feature","id":35,"geometry":{"type":"LineString","coordinates":[[-16.486999511318345,68.80799865681263],[-17.153999329005785,68.8649978634607]]},"properties":{"OBJECTID":35,"NAME":"Eurasian:North American","LABEL":"Transform Boundary"}},{"type":"Feature","id":36,"geometry":{"type":"LineString","coordinates":[[-17.153999329005785,68.8649978634607],[-17.39200019875011,68.6999969481007],[-17.82900047339308,68.40000152624947],[-18.219999312917935,68.06600189247342],[-18.489999770672853,67.73799896238228],[-18.756000518808833,67.44300079345192],[-19.099000930948137,67.05799865761202]]},"properties":{"OBJECTID":36,"NAME":"Eurasian:North American","LABEL":"Divergent Boundary"}},{"type":"Feature","id":37,"geometry":{"type":"LineString","coordinates":[[125.69187364035633,78.1786636099377],[125.82007335779929,78.0515864127828],[126.45700073209821,77.68399810782648],[127.0511966143323,77.31467946948197],[127.15256436965001,77.2253021267918],[127.26574230356448,77.12344307723629],[127.63400268537566,76.6429977416525],[128.05000305189935,76.05000305149969],[128.5189971921667,75.49400329571557],[128.84330040488987,75.08044689980466],[128.94552796064693,74.96076454994409],[129.08645926788097,74.8437223272237],[129.59500122102963,74.47899627655698],[130.19999694840055,74.0179977415026],[131.26300048838186,73.37100219699386],[132.48300170866196,72.69499969438044],[133.26699829103836,72.28199768104821],[134.01699829133815,71.86499786376044],[134.85400390625534,71.26799774160253],[135.56721267672367,70.72642313661851],[135.95527876949973,70.51519728842419],[136.75799560541293,69.95400238030567],[137.36799621555292,69.63500213603982],[138.34052310765537,69.13568498327544],[138.47034002647115,69.05135304140981],[138.60289553200323,68.93940038971624],[138.96299743688223,68.47699737532866],[139.28453256062926,68.04085212752375],[139.3840146237759,67.94118928355863],[139.50508761690003,67.8494616058685],[140.33000183072,67.44699859650808],[141.24200439408753,66.97899627715651]]},"properties":{"OBJECTID":37,"NAME":"Eurasian:North American","LABEL":"Divergent Boundary"}},{"type":"Feature","id":38,"geometry":{"type":"LineString","coordinates":[[-19.099000930948137,67.05799865761202],[-18.11800003027713,66.93399810772655]]},"properties":{"OBJECTID":38,"NAME":"Eurasian:North American","LABEL":"Transform Boundary"}},{"type":"Feature","id":39,"geometry":{"type":"LineString","coordinates":[[-18.11800003027713,66.93399810772655],[-18.24699974054556,66.78099822958467]]},"properties":{"OBJECTID":39,"NAME":"Eurasian:North American","LABEL":"Divergent Boundary"}},{"type":"Feature","id":40,"geometry":{"type":"LineString","coordinates":[[-18.24699974054556,66.78099822958467],[-17.472999572372316,66.68499755899023]]},"properties":{"OBJECTID":40,"NAME":"Eurasian:North American","LABEL":"Transform Boundary"}},{"type":"Feature","id":41,"geometry":{"type":"LineString","coordinates":[[-17.472999572372316,66.68499755899023],[-17.718000412389074,66.3649978639603]]},"properties":{"OBJECTID":41,"NAME":"Eurasian:North American","LABEL":"Divergent Boundary"}},{"type":"Feature","id":42,"geometry":{"type":"LineString","coordinates":[[-17.718000412389074,66.3649978639603],[-16.506999969572917,66.20300292984138]]},"properties":{"OBJECTID":42,"NAME":"Eurasian:North American","LABEL":"Transform Boundary"}},{"type":"Feature","id":43,"geometry":{"type":"LineString","coordinates":[[-16.506999969572917,66.20300292984138],[-16.656000137196543,65.94300079375171],[-16.858999252613387,65.6770019530777],[-17.024999618737354,65.37899780290633],[-17.14100074758636,64.99500274677939],[-17.368000030876658,64.73699951131846],[-17.822000503120705,64.48899841334617],[-18.62599945031434,64.18199920629837],[-19.041000366074,63.98500061038993],[-19.238000869444534,63.86199951216781]]},"properties":{"OBJECTID":43,"NAME":"Eurasian:North American","LABEL":"Divergent Boundary"}},{"type":"Feature","id":44,"geometry":{"type":"LineString","coordinates":[[-19.238000869444534,63.86199951216781],[-20.097000121758185,63.94900131186108],[-20.731000900671006,64.01699829093843],[-21.298000335447057,64.06700134313752]]},"properties":{"OBJECTID":44,"NAME":"Eurasian:North American","LABEL":"Transform Boundary"}},{"type":"Feature","id":45,"geometry":{"type":"LineString","coordinates":[[-21.298000335447057,64.06700134313752],[-22.065999985011274,63.922000885132775],[-22.537000655755605,63.83599853530421],[-22.871999740295735,63.76699829143803],[-23.0590000154383,63.6500015258498]]},"properties":{"OBJECTID":45,"NAME":"Eurasian:North American","LABEL":"Divergent Boundary"}},{"type":"Feature","id":46,"geometry":{"type":"LineString","coordinates":[[-23.0590000154383,63.6500015258498],[-23.329999923957303,63.65100097661383]]},"properties":{"OBJECTID":46,"NAME":"Eurasian:North American","LABEL":"Transform Boundary"}},{"type":"Feature","id":47,"geometry":{"type":"LineString","coordinates":[[-23.329999923957303,63.65100097661383],[-23.486999511718068,63.56800079310216],[-23.739999770972588,63.47399902313646],[-24.010000228727506,63.35499954199531],[-24.25499916038291,63.22999954224514],[-24.5189990995288,63.110000610339966],[-24.72100067164365,62.99200057996285],[-24.888000488531702,62.92399978596143],[-25.03499984716518,62.79999923697528],[-25.156000137296473,62.7099990840905],[-25.311000823529128,62.61399841349606]]},"properties":{"OBJECTID":47,"NAME":"Eurasian:North American","LABEL":"Divergent Boundary"}},{"type":"Feature","id":48,"geometry":{"type":"LineString","coordinates":[[-25.311000823529128,62.61399841349606],[-25.448999404698725,62.61999893210509]]},"properties":{"OBJECTID":48,"NAME":"Eurasian:North American","LABEL":"Transform Boundary"}},{"type":"Feature","id":49,"geometry":{"type":"LineString","coordinates":[[-25.448999404698725,62.61999893210509],[-25.642999649214403,62.50299835249206],[-25.8750000003497,62.37499999955037],[-26.10700035058568,62.236999511818055],[-26.309000015238496,62.10499954179545],[-26.52700042762757,61.93899917567148],[-26.767999648764714,61.82500076327466],[-27.031999587910605,61.66500091575972],[-27.225999832426282,61.53200149497309],[-27.388999938796076,61.39799880939756],[-27.582000732547726,61.25199890152811],[-27.854000091830756,61.0660018920737],[-28.024000167573604,60.95600128183372],[-28.19199943522574,60.847999573121854],[-28.40800094608676,60.70399856588119],[-28.64200019875011,60.56600189217363],[-28.829000472993414,60.418998718616024],[-28.92700004601528,60.33300018281221]]},"properties":{"OBJECTID":49,"NAME":"Eurasian:North American","LABEL":"Divergent Boundary"}},{"type":"Feature","id":50,"geometry":{"type":"LineString","coordinates":[[-28.92700004601528,60.33300018281221],[-29.027999877892,60.340000152185326]]},"properties":{"OBJECTID":50,"NAME":"Eurasian:North American","LABEL":"Transform Boundary"}},{"type":"Feature","id":51,"geometry":{"type":"LineString","coordinates":[[-30.79100036597407,58.94100189182393],[-30.646999358733353,59.091999053513575],[-30.452999115117052,59.23799896228235],[-30.305999755584196,59.38999938966015],[-30.163000106569598,59.528999329055864],[-30.04299926720239,59.618000030277244],[-29.85000038181215,59.750999451063876],[-29.63599967994122,59.86800003067691],[-29.50699996967279,59.96900177001572],[-29.37199974079533,60.08300018331187],[-29.225000381262532,60.167999267452274],[-29.118000030776727,60.27299880984725],[-29.027999877892,60.340000152185326]]},"properties":{"OBJECTID":51,"NAME":"Eurasian:North American","LABEL":"Divergent Boundary"}},{"type":"Feature","id":52,"geometry":{"type":"LineString","coordinates":[[-30.976999282890574,58.97600173958864],[-30.79100036597407,58.94100189182393]]},"properties":{"OBJECTID":52,"NAME":"Eurasian:North American","LABEL":"Transform Boundary"}},{"type":"Feature","id":53,"geometry":{"type":"LineString","coordinates":[[-31.555999755784057,58.44699859650808],[-31.427000045515626,58.57400131181117],[-31.30299949652948,58.68999862663537],[-31.177999496779307,58.80500030561967],[-31.038999557383647,58.89199829128819],[-30.976999282890574,58.97600173958864]]},"properties":{"OBJECTID":53,"NAME":"Eurasian:North American","LABEL":"Divergent Boundary"}},{"type":"Feature","id":54,"geometry":{"type":"LineString","coordinates":[[-31.74500083901745,58.46799850462736],[-31.555999755784057,58.44699859650808]]},"properties":{"OBJECTID":54,"NAME":"Eurasian:North American","LABEL":"Transform Boundary"}},{"type":"Feature","id":55,"geometry":{"type":"LineString","coordinates":[[-145.608774469666,59.22889390662857],[-145.0819588537181,59.49782299483542],[-144.68263981667417,59.73258770276033],[-144.2879242374136,59.913904246383936],[-143.33200073234786,60.206001281533986],[-142.53803133757611,60.428441866299124],[-142.39930152214748,60.4540497701808],[-142.27860740081087,60.45529888353673],[-141.59800720237047,60.40100097681369],[-141.217247559827,60.335119430717214],[-141.06863004743872,60.31698863691611],[-140.90868581489843,60.3228921771323],[-140.2245545273695,60.37406071383094],[-140.13320182920103,60.37327385650332],[-140.04261261587948,60.347497404381784],[-139.47115457712198,60.120278632552925],[-139.36438048527117,60.06068960594064],[-138.86000061073958,59.762001037517905],[-138.35299682654227,59.33599853530421],[-137.8190002445656,58.924999236625524],[-137.10699462849925,58.437999725606915]]},"properties":{"OBJECTID":55,"NAME":"North American:Pacific","LABEL":"Other"}},{"type":"Feature","id":56,"geometry":{"type":"LineString","coordinates":[[-32.27999877922025,57.99800109867181],[-32.12300109892152,58.147998809597425],[-31.98299980129974,58.24900054893624],[-31.871999740295735,58.34000015258505],[-31.799999236675376,58.39699935923312],[-31.74500083901745,58.46799850462736]]},"properties":{"OBJECTID":56,"NAME":"Eurasian:North American","LABEL":"Divergent Boundary"}},{"type":"Feature","id":57,"geometry":{"type":"LineString","coordinates":[[-32.47200012220782,58.006000518808946],[-32.27999877922025,57.99800109867181]]},"properties":{"OBJECTID":57,"NAME":"Eurasian:North American","LABEL":"Transform Boundary"}},{"type":"Feature","id":58,"geometry":{"type":"LineString","coordinates":[[-32.80599975598392,57.64199829108833],[-32.70800018296205,57.77299880944753],[-32.618999480841296,57.880001068294746],[-32.49200057956307,57.95700073229801],[-32.47200012220782,58.006000518808946]]},"properties":{"OBJECTID":58,"NAME":"Eurasian:North American","LABEL":"Divergent Boundary"}},{"type":"Feature","id":59,"geometry":{"type":"LineString","coordinates":[[-32.91799926775195,57.66699981718784],[-32.80599975598392,57.64199829108833]]},"properties":{"OBJECTID":59,"NAME":"Eurasian:North American","LABEL":"Transform Boundary"}},{"type":"Feature","id":60,"geometry":{"type":"LineString","coordinates":[[-33.20299911501712,57.28499984766489],[-33.06999969512981,57.451000213788916],[-33.00999832126547,57.5480003360467],[-32.964000701970804,57.60800170901172],[-32.91799926775195,57.66699981718784]]},"properties":{"OBJECTID":60,"NAME":"Eurasian:North American","LABEL":"Divergent Boundary"}},{"type":"Feature","id":61,"geometry":{"type":"LineString","coordinates":[[-33.49700164810753,57.26399993864629],[-33.37699890127823,57.26499938941032],[-33.20299911501712,57.28499984766489]]},"properties":{"OBJECTID":61,"NAME":"Eurasian:North American","LABEL":"Transform Boundary"}},{"type":"Feature","id":62,"geometry":{"type":"LineString","coordinates":[[-33.587001800092935,56.87499999975023],[-33.56600189197371,57.00099945026449],[-33.53499984726511,57.088001250857076],[-33.50899887040151,57.16199874854345],[-33.49700164810753,57.26399993864629]]},"properties":{"OBJECTID":62,"NAME":"Eurasian:North American","LABEL":"Divergent Boundary"}},{"type":"Feature","id":63,"geometry":{"type":"LineString","coordinates":[[-33.97800064051711,56.90200042737786],[-33.796001434118864,56.88299941988737],[-33.68199920679791,56.870998382669256],[-33.587001800092935,56.87499999975023]]},"properties":{"OBJECTID":63,"NAME":"Eurasian:North American","LABEL":"Transform Boundary"}},{"type":"Feature","id":64,"geometry":{"type":"LineString","coordinates":[[-34.071998596458,56.73899841264671],[-34.04299926730232,56.7799987790205],[-34.00400161738071,56.826999664003324],[-33.97800064051711,56.90200042737786]]},"properties":{"OBJECTID":64,"NAME":"Eurasian:North American","LABEL":"Divergent Boundary"}},{"type":"Feature","id":65,"geometry":{"type":"LineString","coordinates":[[-34.217998504327454,56.74599838291908],[-34.071998596458,56.73899841264671]]},"properties":{"OBJECTID":65,"NAME":"Eurasian:North American","LABEL":"Transform Boundary"}},{"type":"Feature","id":66,"geometry":{"type":"LineString","coordinates":[[-34.34600067129389,56.501998901128445],[-34.32099914519438,56.57699966450298],[-34.247001647508,56.659000396351246],[-34.217998504327454,56.74599838291908]]},"properties":{"OBJECTID":66,"NAME":"Eurasian:North American","LABEL":"Divergent Boundary"}},{"type":"Feature","id":67,"geometry":{"type":"LineString","coordinates":[[-34.439998626335466,56.49900054973563],[-34.34600067129389,56.501998901128445]]},"properties":{"OBJECTID":67,"NAME":"Eurasian:North American","LABEL":"Transform Boundary"}},{"type":"Feature","id":68,"geometry":{"type":"LineString","coordinates":[[-34.63800048793212,55.81200027469299],[-34.61999893210498,55.938999175971276],[-34.557998657611904,56.06100082432863],[-34.509998321865,56.20999908449022],[-34.49300003082669,56.337001800692576],[-34.45999908459004,56.43600082357921],[-34.439998626335466,56.49900054973563]]},"properties":{"OBJECTID":68,"NAME":"Eurasian:North American","LABEL":"Divergent Boundary"}},{"type":"Feature","id":69,"geometry":{"type":"LineString","coordinates":[[-34.876998900978435,55.847999572322465],[-34.63800048793212,55.81200027469299]]},"properties":{"OBJECTID":69,"NAME":"Eurasian:North American","LABEL":"Transform Boundary"}},{"type":"Feature","id":70,"geometry":{"type":"LineString","coordinates":[[-35.33900070172098,54.99599838281915],[-35.250999450364304,55.14099883992458],[-35.17300033559695,55.32600021353909],[-35.08000183131941,55.484001159525974],[-34.97200012170822,55.691001892023735],[-34.90100097631398,55.77399826061128],[-34.876998900978435,55.847999572322465]]},"properties":{"OBJECTID":70,"NAME":"Eurasian:North American","LABEL":"Divergent Boundary"}},{"type":"Feature","id":71,"geometry":{"type":"LineString","coordinates":[[-35.21200180044269,54.97100067164371],[-35.33900070172098,54.99599838281915]]},"properties":{"OBJECTID":71,"NAME":"Eurasian:North American","LABEL":"Transform Boundary"}},{"type":"Feature","id":72,"geometry":{"type":"LineString","coordinates":[[164.06599426232538,55.208999633926],[164.8705575970555,54.981218272305455],[165.40695167897684,54.80454916780991],[165.78051184294725,54.64932454409251]]},"properties":{"OBJECTID":72,"NAME":"North American:Pacific","LABEL":"Convergent Boundary"}},{"type":"Feature","id":73,"geometry":{"type":"LineString","coordinates":[[-35.48799896278189,54.33100128158395],[-35.41199874864327,54.515998840274335],[-35.365001678584576,54.678001404241456],[-35.28900146444596,54.78599929802925],[-35.27399826091096,54.91299819930748],[-35.21200180044269,54.97100067164371]]},"properties":{"OBJECTID":73,"NAME":"Eurasian:North American","LABEL":"Divergent Boundary"}},{"type":"Feature","id":74,"geometry":{"type":"LineString","coordinates":[[-35.12099838276913,54.30799865701249],[-35.3129997257567,54.32699966450298],[-35.48799896278189,54.33100128158395]]},"properties":{"OBJECTID":74,"NAME":"Eurasian:North American","LABEL":"Transform Boundary"}},{"type":"Feature","id":75,"geometry":{"type":"LineString","coordinates":[[165.79009030892064,54.64376975916713],[166.51805370581394,54.32588485949873]]},"properties":{"OBJECTID":75,"NAME":"North American:Pacific","LABEL":"Transform Boundary"}},{"type":"Feature","id":76,"geometry":{"type":"LineString","coordinates":[[166.5084752407398,54.32028575868088],[167.41842948663157,53.92078959656271],[168.15597134949826,53.574464106633286]]},"properties":{"OBJECTID":76,"NAME":"North American:Pacific","LABEL":"Convergent Boundary"}},{"type":"Feature","id":77,"geometry":{"type":"LineString","coordinates":[[-35.45199966425304,53.54600143441871],[-35.395000457604965,53.667999267852],[-35.326999664502864,53.827999115366936],[-35.27000045785479,53.951000213589055],[-35.201000213988664,54.111000061103994],[-35.14699935873335,54.220001220579945],[-35.12099838276913,54.30799865701249]]},"properties":{"OBJECTID":77,"NAME":"Eurasian:North American","LABEL":"Divergent Boundary"}},{"type":"Feature","id":78,"geometry":{"type":"LineString","coordinates":[[-35.2459983825193,53.512001037417974],[-35.45199966425304,53.54600143441871]]},"properties":{"OBJECTID":78,"NAME":"Eurasian:North American","LABEL":"Transform Boundary"}},{"type":"Feature","id":79,"geometry":{"type":"LineString","coordinates":[[-35.32500076297481,53.23799896258214],[-35.282001495072905,53.38800048843183],[-35.25699996987265,53.474998474100346],[-35.2459983825193,53.512001037417974]]},"properties":{"OBJECTID":79,"NAME":"Eurasian:North American","LABEL":"Divergent Boundary"}},{"type":"Feature","id":80,"geometry":{"type":"LineString","coordinates":[[-35.1829986572622,53.20999908419043],[-35.32500076297481,53.23799896258214]]},"properties":{"OBJECTID":80,"NAME":"Eurasian:North American","LABEL":"Transform Boundary"}},{"type":"Feature","id":81,"geometry":{"type":"LineString","coordinates":[[168.15597134949826,53.58586454691135],[168.88393474639145,53.253996082453284]]},"properties":{"OBJECTID":81,"NAME":"North American:Pacific","LABEL":"Transform Boundary"}},{"type":"Feature","id":82,"geometry":{"type":"LineString","coordinates":[[-137.10699462849925,58.437999725606915],[-136.8950042720295,58.090000152185326],[-136.5220031734077,57.63399887095119],[-136.20899963372608,57.11800003077684],[-135.9029998783417,56.62099838226959],[-135.4290008544059,56.102001189803104],[-135.17999267582132,55.819000244066046],[-134.66900634736498,55.31700134263792],[-134.15100097671365,54.81200027489285],[-133.8399963376608,54.37699890177794],[-133.42599487266523,53.92399978596143]]},"properties":{"OBJECTID":82,"NAME":"North American:Pacific","LABEL":"Transform Boundary"}},{"type":"Feature","id":83,"geometry":{"type":"LineString","coordinates":[[-35.13800048783219,52.705001831369486],[-35.15599822963452,52.86100006090413],[-35.1609992983789,52.9900016786346],[-35.18399810802623,53.13399887095119],[-35.1829986572622,53.20999908419043]]},"properties":{"OBJECTID":83,"NAME":"Eurasian:North American","LABEL":"Divergent Boundary"}},{"type":"Feature","id":84,"geometry":{"type":"LineString","coordinates":[[-34.92499923672534,52.708000182762305],[-34.88399887125087,52.70399856568133]]},"properties":{"OBJECTID":84,"NAME":"Eurasian:North American","LABEL":"Transform Boundary"}},{"type":"Feature","id":85,"geometry":{"type":"LineString","coordinates":[[-34.88399887125087,52.70399856568133],[-35.01100158655396,52.70399856568133],[-35.13800048783219,52.705001831369486]]},"properties":{"OBJECTID":85,"NAME":"Eurasian:North American","LABEL":"Transform Boundary"}},{"type":"Feature","id":86,"geometry":{"type":"LineString","coordinates":[[-31.25699996977272,52.41999816918019],[-31.582000732647657,52.465000152635014],[-31.865999221686707,52.5040016174807],[-32.05400085415607,52.515998840674],[-32.359001159675756,52.55599975628377],[-32.64899826076106,52.58100128148402],[-32.856998444022906,52.59500122112951],[-33.02000045785479,52.6150016784847],[-33.33499908414035,52.62799835244209],[-33.712001800742485,52.647998809797286],[-34.17399978656084,52.66299819930748],[-34.57199859635807,52.681999206798025],[-34.92499923672534,52.708000182762305]]},"properties":{"OBJECTID":86,"NAME":"Eurasian:North American","LABEL":"Transform Boundary"}},{"type":"Feature","id":87,"geometry":{"type":"LineString","coordinates":[[-132.71400451629535,53.12699890157808],[-132.16900634786464,52.69699859630822],[-131.59199523918892,52.25899887090122]]},"properties":{"OBJECTID":87,"NAME":"North American:Pacific","LABEL":"Other"}},{"type":"Feature","id":88,"geometry":{"type":"LineString","coordinates":[[-31.267999648764714,52.109001159975605],[-31.25300025925452,52.2630004879822],[-31.26499938990986,52.3429985042776],[-31.25699996977272,52.41999816918019]]},"properties":{"OBJECTID":88,"NAME":"Eurasian:North American","LABEL":"Divergent Boundary"}},{"type":"Feature","id":89,"geometry":{"type":"LineString","coordinates":[[-30.025999069601312,52.0299987795201],[-30.375999451113728,52.056999206248406],[-30.80699920624835,52.09500122033012],[-31.058000564874135,52.10499954199531],[-31.267999648764714,52.109001159975605]]},"properties":{"OBJECTID":89,"NAME":"Eurasian:North American","LABEL":"Transform Boundary"}},{"type":"Feature","id":90,"geometry":{"type":"LineString","coordinates":[[-131.59199523918892,52.25899887090122],[-131.1770019532775,51.886001587203566]]},"properties":{"OBJECTID":90,"NAME":"North American:Pacific","LABEL":"Transform Boundary"}},{"type":"Feature","id":91,"geometry":{"type":"LineString","coordinates":[[-131.1770019532775,51.886001587203566],[-130.8500061037986,51.611999511468355]]},"properties":{"OBJECTID":91,"NAME":"North American:Pacific","LABEL":"Other"}},{"type":"Feature","id":92,"geometry":{"type":"LineString","coordinates":[[-179.99999999990004,50.399216484653095],[-179.43991550269826,50.36986390629431],[-178.9993060778132,50.36986390629431],[-178.5203827908331,50.36986390629431],[-178.0127241059327,50.38211466725812],[-177.3518099690548,50.40660664737891],[-176.91120054416976,50.44943700371482],[-176.10660942128774,50.504447379443036],[-175.4840091474042,50.589891171140664],[-174.80393807947877,50.63864631687409],[-174.04723928466524,50.71168379457151],[-173.15644196982103,50.81495802539263],[-172.40932164188024,50.90589210173914],[-171.6334659160192,51.0087352758124],[-170.8001393952169,51.12943441446669],[-170.0147052033824,51.27385591321985],[-169.27716334051573,51.465710361843776],[-168.81739698458316,51.59714183712612],[-167.87870734077114,51.83513179719472],[-166.796340710955,52.101367444651885],[-165.9438572591052,52.28972435879217],[-165.13926613622317,52.50066794666844],[-164.3921458073831,52.69314357321741],[-163.77912399947297,52.88477021187583],[-163.09905293154753,53.058240913487396],[-162.3327756716599,53.23101260264957],[-161.5952338087932,53.391636648912254],[-160.8002211509853,53.51741555868114],[-159.92858076808795,53.63143542170741],[-159.22935276821565,53.767851762648775],[-157.93625989148077,54.02807628309404],[-156.87314458015823,54.23071844679896],[-156.07823338476285,54.37019511771058],[-155.5924543212099,54.49377619771343],[-155.27448984323166,54.60160269151106],[-154.85397510037055,54.83896014309619],[-154.53257272734945,54.99452187768259],[-154.00908893320766,55.19548276871484],[-153.23323320734661,55.512003886070545],[-152.4286420844646,55.852938522195075],[-152.0071895915264,56.024970461417695],[-151.2180023192516,56.308998108276114],[-150.54699707045842,56.49900054973563],[-150.08099365263493,56.62300109872177],[-149.60299468795446,56.784401975770606],[-149.1528067979953,56.9470326721202],[-148.75051123610464,57.11416573526054],[-148.1758032911889,57.37380325021985],[-147.8022431272185,57.59562595397466],[-147.41910449637538,57.841647664807965],[-147.03596586643155,58.09613908994709],[-146.73903342844994,58.34882090016447],[-146.40619339940582,58.644141810596125],[-146.14516855158735,58.858714495677475],[-145.79076531866448,59.101018035054324],[-145.58003907264506,59.22889390662857]]},"properties":{"OBJECTID":92,"NAME":"North American:Pacific","LABEL":"Convergent Boundary"}},{"type":"Feature","id":93,"geometry":{"type":"MultiLineString","coordinates":[[[168.87435628041806,53.253996082453284],[169.77473206123568,52.88477021187583],[170.69999694840055,52.49800109887167],[171.86283759487912,52.06005739133559],[172.96400451699492,51.68399810762662],[174.22871863545674,51.339897035020215],[174.97583896429683,51.16558246715721],[175.34939912826724,51.08722570909924],[175.96242093707667,50.9482670045187],[176.67122740202308,50.82709287093928],[177.24593534693872,50.70560170205698],[177.69612323779722,50.63255470143838],[178.27083118271298,50.53498089085548],[178.75933293566652,50.48611773924233],[179.4681394015122,50.424967283613285],[179.99495501746014,50.400484844400125]],[[-179.99999999990004,50.41293089134763],[-179.99546651656647,50.41272765445774]]]},"properties":{"OBJECTID":93,"NAME":"North American:Pacific","LABEL":"Convergent Boundary"}},{"type":"Feature","id":94,"geometry":{"type":"LineString","coordinates":[[-130.32899475100692,50.29800033524731],[-130.2539978025565,50.46500015303468],[-130.7530059815408,50.90800094628668],[-131.07400512733471,51.18500137341471],[-130.8500061037986,51.611999511468355]]},"properties":{"OBJECTID":94,"NAME":"Pacific:Juan de Fuca","LABEL":"Divergent Boundary"}},{"type":"Feature","id":95,"geometry":{"type":"LineString","coordinates":[[-130.1620025630678,50.21699905416307],[-130.32899475100692,50.29800033524731]]},"properties":{"OBJECTID":95,"NAME":"Pacific:Juan de Fuca","LABEL":"Transform Boundary"}},{"type":"Feature","id":96,"geometry":{"type":"LineString","coordinates":[[-28.8180007931021,49.65700149532279],[-28.86899948114109,49.730998993009166],[-28.895000458004688,49.814998626385545],[-28.9599990847899,49.90499877927033],[-28.986999511518206,49.987998962781944],[-28.99500083911738,50.06800079310216],[-29.021999359282972,50.15200042737786],[-29.125999450913866,50.19499969438044],[-29.197999954534225,50.22100067124404],[-29.32200050352037,50.319999695029935],[-29.42700004591535,50.41600036652375],[-29.507999420436875,50.46900177011565],[-29.537000656155328,50.499999999900126],[-29.6620006559055,50.59799957292199],[-29.767999649064507,50.694000244415804],[-29.830999374321607,50.74300003092674],[-29.87499999955031,50.790000915909616],[-29.909000396550994,50.861000061303855],[-29.941999435325613,50.93099975593407],[-29.98200035093538,50.990001678135],[-29.97599983232635,51.10699844372323],[-30.000999450963832,51.25400161728089],[-29.996000289681604,51.423999786461025],[-30.000999450963832,51.61999893160544],[-30.006000518808833,51.76499938961018],[-30.010999679191798,51.85699844402302],[-30.035999297829278,51.95299911461751],[-30.025999069601312,52.0299987795201]]},"properties":{"OBJECTID":96,"NAME":"Eurasian:North American","LABEL":"Divergent Boundary"}},{"type":"Feature","id":97,"geometry":{"type":"LineString","coordinates":[[-28.56200027499267,49.63899993859633],[-28.71800041198935,49.652999878241815],[-28.8180007931021,49.65700149532279]]},"properties":{"OBJECTID":97,"NAME":"Eurasian:North American","LABEL":"Transform Boundary"}},{"type":"Feature","id":98,"geometry":{"type":"LineString","coordinates":[[-130.50100708051235,49.47900009198071],[-130.1620025630678,49.98300170896175],[-130.30000305169943,50.05500030512002],[-130.1620025630678,50.21699905416307]]},"properties":{"OBJECTID":98,"NAME":"Pacific:Juan de Fuca","LABEL":"Divergent Boundary"}},{"type":"Feature","id":99,"geometry":{"type":"LineString","coordinates":[[-128.9190063480645,48.86899948094134],[-129.70500183106964,49.17699813875316],[-130.50100708051235,49.47900009198071]]},"properties":{"OBJECTID":99,"NAME":"Pacific:Juan de Fuca","LABEL":"Transform Boundary"}},{"type":"Feature","id":100,"geometry":{"type":"LineString","coordinates":[[-28.01099967959152,48.60499954179545],[-28.034999847464917,48.68799972530712],[-28.08699989283076,48.8030014033921],[-28.162000656205294,48.90900039655111],[-28.205999373971906,48.995998382219625],[-28.263000488082014,49.09899902308649],[-28.316999434975912,49.160999298478885],[-28.35300064096674,49.22000122067982],[-28.426000595351127,49.28599929822906],[-28.45199966475269,49.36899948084141],[-28.486000060854053,49.4809989926095],[-28.545000076492272,49.58300018271234],[-28.56200027499267,49.63899993859633]]},"properties":{"OBJECTID":100,"NAME":"Eurasian:North American","LABEL":"Divergent Boundary"}},{"type":"Feature","id":101,"geometry":{"type":"LineString","coordinates":[[-27.76000022932709,48.584999084440256],[-27.888999938696145,48.609001159775744],[-28.01099967959152,48.60499954179545]]},"properties":{"OBJECTID":101,"NAME":"Eurasian:North American","LABEL":"Transform Boundary"}},{"type":"Feature","id":102,"geometry":{"type":"LineString","coordinates":[[-129.19000244165932,47.83499908414046],[-128.94000244125965,48.32400131251063],[-129.1470031737574,48.47600173988843],[-128.9190063480645,48.86899948094134]]},"properties":{"OBJECTID":102,"NAME":"Pacific:Juan de Fuca","LABEL":"Divergent Boundary"}},{"type":"Feature","id":103,"geometry":{"type":"LineString","coordinates":[[-128.93800353973154,47.72700119035272],[-129.19000244165932,47.83499908414046]]},"properties":{"OBJECTID":103,"NAME":"Pacific:Juan de Fuca","LABEL":"Transform Boundary"}},{"type":"Feature","id":104,"geometry":{"type":"LineString","coordinates":[[-27.462999343944546,47.65800094648654],[-27.563999175821266,47.65100097621411]]},"properties":{"OBJECTID":104,"NAME":"Eurasian:North American","LABEL":"Transform Boundary"}},{"type":"Feature","id":105,"geometry":{"type":"LineString","coordinates":[[-27.563999175821266,47.65100097621411],[-27.590000152684865,47.77500152609963],[-27.621999740695458,47.886001587103635],[-27.63500022867754,47.993999480891375],[-27.653999328705993,48.09000015238519],[-27.704000473443045,48.205001831369486],[-27.711999893580185,48.32500076327466],[-27.731000900171352,48.42100143476847],[-27.749000549435777,48.516998291338155],[-27.76000022932709,48.584999084440256]]},"properties":{"OBJECTID":105,"NAME":"Eurasian:North American","LABEL":"Divergent Boundary"}},{"type":"Feature","id":106,"geometry":{"type":"LineString","coordinates":[[-27.378000259804082,46.75699996957297],[-27.377000809040055,46.84899902308649],[-27.347000121658255,46.92200088493297],[-27.333999633676115,46.99900054893624],[-27.38199996942302,47.11399841299641],[-27.44099998506124,47.20500183067003],[-27.474000930398574,47.263999938846155],[-27.461000442416434,47.34099960284942],[-27.45800018266226,47.39300155657662],[-27.46400070217061,47.47299957287203],[-27.443000793152066,47.52199935938296],[-27.447999954434295,47.60200119060249],[-27.462999343944546,47.65800094648654]]},"properties":{"OBJECTID":106,"NAME":"Eurasian:North American","LABEL":"Divergent Boundary"}},{"type":"Feature","id":107,"geometry":{"type":"LineString","coordinates":[[-27.436000823778954,46.75500106804492],[-27.378000259804082,46.75699996957297]]},"properties":{"OBJECTID":107,"NAME":"Eurasian:North American","LABEL":"Transform Boundary"}},{"type":"Feature","id":108,"geometry":{"type":"LineString","coordinates":[[-129.57200622520708,46.40200042767765],[-129.2590026855255,47.064998626485476],[-128.93800353973154,47.72700119035272]]},"properties":{"OBJECTID":108,"NAME":"Pacific:Juan de Fuca","LABEL":"Divergent Boundary"}},{"type":"Feature","id":109,"geometry":{"type":"LineString","coordinates":[[-129.80299377424325,46.43299865746212],[-129.57200622520708,46.40200042767765]]},"properties":{"OBJECTID":109,"NAME":"Pacific:Juan de Fuca","LABEL":"Transform Boundary"}},{"type":"Feature","id":110,"geometry":{"type":"LineString","coordinates":[[-27.51199913045548,46.20299911531697],[-27.48900032080809,46.30400085465578],[-27.486999511818,46.355998992559535],[-27.472000122307747,46.48500061029],[-27.445999145444148,46.63800048843183],[-27.444000243916093,46.691001892023735],[-27.436000823778954,46.75500106804492]]},"properties":{"OBJECTID":110,"NAME":"Eurasian:North American","LABEL":"Divergent Boundary"}},{"type":"Feature","id":111,"geometry":{"type":"LineString","coordinates":[[-27.565000534047385,46.21300125100697],[-27.51199913045548,46.20299911531697]]},"properties":{"OBJECTID":111,"NAME":"Eurasian:North American","LABEL":"Transform Boundary"}},{"type":"Feature","id":112,"geometry":{"type":"LineString","coordinates":[[-27.601999282440886,45.98300170886182],[-27.584999084839865,46.07199859605839],[-27.57200050342044,46.14899826006172],[-27.565000534047385,46.21300125100697]]},"properties":{"OBJECTID":112,"NAME":"Eurasian:North American","LABEL":"Divergent Boundary"}},{"type":"Feature","id":113,"geometry":{"type":"LineString","coordinates":[[-27.67700004581542,45.98500061038993],[-27.601999282440886,45.98300170886182]]},"properties":{"OBJECTID":113,"NAME":"Eurasian:North American","LABEL":"Transform Boundary"}},{"type":"Feature","id":114,"geometry":{"type":"LineString","coordinates":[[-130.0729980469223,45.943000793252054],[-130.05099487311486,46.19599914594386],[-129.91700744633653,46.22900009128125],[-129.80299377424325,46.43299865746212]]},"properties":{"OBJECTID":114,"NAME":"Pacific:Juan de Fuca","LABEL":"Divergent Boundary"}},{"type":"Feature","id":115,"geometry":{"type":"LineString","coordinates":[[-129.86900329566555,45.89599990826923],[-130.0729980469223,45.943000793252054]]},"properties":{"OBJECTID":115,"NAME":"Pacific:Juan de Fuca","LABEL":"Transform Boundary"}},{"type":"Feature","id":116,"geometry":{"type":"LineString","coordinates":[[-27.698999404698725,45.88299942028709],[-27.697000503170614,45.936000823879],[-27.67700004581542,45.98500061038993]]},"properties":{"OBJECTID":116,"NAME":"Eurasian:North American","LABEL":"Divergent Boundary"}},{"type":"Feature","id":117,"geometry":{"type":"LineString","coordinates":[[-27.73900032030849,45.87799835244209],[-27.698999404698725,45.88299942028709]]},"properties":{"OBJECTID":117,"NAME":"Eurasian:North American","LABEL":"Transform Boundary"}},{"type":"Feature","id":118,"geometry":{"type":"LineString","coordinates":[[-27.825000762675018,45.526000976863656],[-27.795000076192537,45.59899902378595],[-27.77300071730923,45.70000076312476],[-27.759000778563063,45.8289985659311],[-27.73900032030849,45.87799835244209]]},"properties":{"OBJECTID":118,"NAME":"Eurasian:North American","LABEL":"Divergent Boundary"}},{"type":"Feature","id":119,"geometry":{"type":"LineString","coordinates":[[-27.877000808940124,45.53599929852885],[-27.825000762675018,45.526000976863656]]},"properties":{"OBJECTID":119,"NAME":"Eurasian:North American","LABEL":"Transform Boundary"}},{"type":"Feature","id":120,"geometry":{"type":"LineString","coordinates":[[-27.871000290331096,45.456001281334125],[-27.861999511967838,45.479999542644805],[-27.864000320058665,45.520999908119336],[-27.877000808940124,45.53599929852885]]},"properties":{"OBJECTID":120,"NAME":"Eurasian:North American","LABEL":"Divergent Boundary"}},{"type":"Feature","id":121,"geometry":{"type":"LineString","coordinates":[[-27.92399978646091,45.46599960299932],[-27.871000290331096,45.456001281334125]]},"properties":{"OBJECTID":121,"NAME":"Eurasian:North American","LABEL":"Transform Boundary"}},{"type":"Feature","id":122,"geometry":{"type":"LineString","coordinates":[[-27.93700027444305,45.33700180019298],[-27.934999466352224,45.38999938976008],[-27.937999725207135,45.430000305369845],[-27.92399978646091,45.46599960299932]]},"properties":{"OBJECTID":122,"NAME":"Eurasian:North American","LABEL":"Divergent Boundary"}},{"type":"Feature","id":123,"geometry":{"type":"LineString","coordinates":[[-27.972000122207817,45.34400177046541],[-27.93700027444305,45.33700180019298]]},"properties":{"OBJECTID":123,"NAME":"Eurasian:North American","LABEL":"Transform Boundary"}},{"type":"Feature","id":124,"geometry":{"type":"LineString","coordinates":[[-27.993999481091123,45.097999573121854],[-27.98800086994413,45.162998199907065],[-27.986000060953984,45.21500015273489],[-27.97900009158093,45.2799987795201],[-27.972000122207817,45.34400177046541]]},"properties":{"OBJECTID":124,"NAME":"Eurasian:North American","LABEL":"Divergent Boundary"}},{"type":"Feature","id":125,"geometry":{"type":"LineString","coordinates":[[-28.076000213838768,45.12699890137827],[-27.993999481091123,45.097999573121854]]},"properties":{"OBJECTID":125,"NAME":"Eurasian:North American","LABEL":"Transform Boundary"}},{"type":"Feature","id":126,"geometry":{"type":"LineString","coordinates":[[-28.156999588360293,44.919998168880454],[-28.138999939095868,44.96799850462736],[-28.114999771222415,45.02999877912043],[-28.10000038171222,45.066001891674034],[-28.076000213838768,45.12699890137827]]},"properties":{"OBJECTID":126,"NAME":"Eurasian:North American","LABEL":"Divergent Boundary"}},{"type":"Feature","id":127,"geometry":{"type":"LineString","coordinates":[[-28.10600090032125,44.90900039645118],[-28.156999588360293,44.919998168880454]]},"properties":{"OBJECTID":127,"NAME":"Eurasian:North American","LABEL":"Transform Boundary"}},{"type":"Feature","id":128,"geometry":{"type":"LineString","coordinates":[[-130.4799957276207,44.58900070232062],[-130.36700439493683,44.930000305469775],[-130.06900024386613,45.2849998473651],[-130.18699646021844,45.414001465095566],[-129.93600463890294,45.736000060754236],[-129.86900329566555,45.89599990826923]]},"properties":{"OBJECTID":128,"NAME":"Pacific:Juan de Fuca","LABEL":"Divergent Boundary"}},{"type":"Feature","id":129,"geometry":{"type":"LineString","coordinates":[[-28.367000579712965,44.18399810822615],[-28.319999694730086,44.30699920644827],[-28.281999588110466,44.404998779470134],[-28.256999969472986,44.51800155602706],[-28.215000152335108,44.62799835224223],[-28.167999267352286,44.749999999700265],[-28.143999099478833,44.81200027509266],[-28.142000197950722,44.86399841299641],[-28.10600090032125,44.90900039645118]]},"properties":{"OBJECTID":129,"NAME":"Eurasian:North American","LABEL":"Divergent Boundary"}},{"type":"Feature","id":130,"geometry":{"type":"LineString","coordinates":[[-28.434999466252293,44.198001861896444],[-28.367000579712965,44.18399810822615]]},"properties":{"OBJECTID":130,"NAME":"Eurasian:North American","LABEL":"Transform Boundary"}},{"type":"Feature","id":131,"geometry":{"type":"LineString","coordinates":[[-28.52400016747373,43.76800155662659],[-28.513000488481737,43.845001220629854],[-28.481000900471145,43.930999755534344],[-28.4829998019992,44.02299880994718],[-28.454999923607545,44.096000671793604],[-28.436000823579093,44.14500045740522],[-28.434999466252293,44.198001861896444]]},"properties":{"OBJECTID":131,"NAME":"Eurasian:North American","LABEL":"Divergent Boundary"}},{"type":"Feature","id":132,"geometry":{"type":"LineString","coordinates":[[-28.795999526756702,43.76800155662659],[-28.52400016747373,43.76800155662659]]},"properties":{"OBJECTID":132,"NAME":"Eurasian:North American","LABEL":"Transform Boundary"}},{"type":"Feature","id":133,"geometry":{"type":"LineString","coordinates":[[-29.173999786660772,43.08000183081987],[-29.0909996031491,43.20800018286218],[-29.007999420536805,43.38899993939572],[-28.934000015388335,43.49300003012735],[-28.885000228877402,43.62799835244209],[-28.840000152884727,43.698001861996374],[-28.795999526756702,43.76800155662659]]},"properties":{"OBJECTID":133,"NAME":"Eurasian:North American","LABEL":"Divergent Boundary"}},{"type":"Feature","id":134,"geometry":{"type":"LineString","coordinates":[[-29.31699943567537,43.08100128158395],[-29.173999786660772,43.08000183081987]]},"properties":{"OBJECTID":134,"NAME":"Eurasian:North American","LABEL":"Transform Boundary"}},{"type":"Feature","id":135,"geometry":{"type":"LineString","coordinates":[[-126.62699890107837,43.01399993924588],[-127.57099914589384,43.41899871841616],[-128.52799987779207,43.81800079390155],[-129.49800109857182,44.208000182662374],[-130.4799957276207,44.58900070232062]]},"properties":{"OBJECTID":135,"NAME":"Pacific:Juan de Fuca","LABEL":"Transform Boundary"}},{"type":"Feature","id":136,"geometry":{"type":"LineString","coordinates":[[-29.37199974079533,42.72399902323639],[-29.349000931147998,42.83800125145666],[-29.326999663903337,42.95100021398872],[-29.31699943567537,43.027999877992045],[-29.31699943567537,43.08100128158395]]},"properties":{"OBJECTID":136,"NAME":"Eurasian:North American","LABEL":"Divergent Boundary"}},{"type":"Feature","id":137,"geometry":{"type":"LineString","coordinates":[[-29.32099914529425,42.71500015233522],[-29.37199974079533,42.72399902323639]]},"properties":{"OBJECTID":137,"NAME":"Eurasian:North American","LABEL":"Transform Boundary"}},{"type":"Feature","id":138,"geometry":{"type":"LineString","coordinates":[[-29.43499946605249,42.29100036657371],[-29.392000198150583,42.412998199107676],[-29.370000839267277,42.52700042732789],[-29.339000702020712,42.61299896223238],[-29.31800079390149,42.67399978596143],[-29.32099914529425,42.71500015233522]]},"properties":{"OBJECTID":138,"NAME":"Eurasian:North American","LABEL":"Divergent Boundary"}},{"type":"Feature","id":139,"geometry":{"type":"LineString","coordinates":[[-29.222999573171705,42.2890014650456],[-29.43499946605249,42.29100036657371]]},"properties":{"OBJECTID":139,"NAME":"Eurasian:North American","LABEL":"Transform Boundary"}},{"type":"Feature","id":140,"geometry":{"type":"LineString","coordinates":[[-29.260999679791325,41.929000854405956],[-29.242000579762873,42.08300018331187],[-29.245000839517104,42.174999236825386],[-29.222999573171705,42.23699951131846],[-29.222999573171705,42.2890014650456]]},"properties":{"OBJECTID":140,"NAME":"Eurasian:North American","LABEL":"Divergent Boundary"}},{"type":"Feature","id":141,"geometry":{"type":"LineString","coordinates":[[-29.162000656005432,41.90999984781479],[-29.260999679791325,41.929000854405956]]},"properties":{"OBJECTID":141,"NAME":"Eurasian:North American","LABEL":"Transform Boundary"}},{"type":"Feature","id":142,"geometry":{"type":"LineString","coordinates":[[-127.44599914524434,41.55500030502009],[-127.40100097671365,41.63999939005987],[-127.24099731427458,41.69200134288769],[-127.03900146454595,42.35699844322363],[-126.62699890107837,43.01399993924588]]},"properties":{"OBJECTID":142,"NAME":"Pacific:Juan de Fuca","LABEL":"Divergent Boundary"}},{"type":"Feature","id":143,"geometry":{"type":"LineString","coordinates":[[-127.55999755854049,41.589000702020826],[-127.44599914524434,41.55500030502009]]},"properties":{"OBJECTID":143,"NAME":"Pacific:Juan de Fuca","LABEL":"Transform Boundary"}},{"type":"Feature","id":144,"geometry":{"type":"LineString","coordinates":[[-29.32200050352037,41.24700164810764],[-29.29199981703789,41.38499832181515],[-29.245000839517104,41.5200004581547],[-29.205999374671364,41.6829986570624],[-29.200000762625052,41.79999923667549],[-29.162000656005432,41.90999984781479]]},"properties":{"OBJECTID":144,"NAME":"Eurasian:North American","LABEL":"Divergent Boundary"}},{"type":"Feature","id":145,"geometry":{"type":"LineString","coordinates":[[-29.22900009178079,41.215000152635014],[-29.32200050352037,41.24700164810764]]},"properties":{"OBJECTID":145,"NAME":"Eurasian:North American","LABEL":"Transform Boundary"}},{"type":"Feature","id":146,"geometry":{"type":"LineString","coordinates":[[-127.71700286868742,40.57300186194641],[-127.63899993899594,41.08100128198362],[-127.55999755854049,41.589000702020826]]},"properties":{"OBJECTID":146,"NAME":"Pacific:Juan de Fuca","LABEL":"Divergent Boundary"}},{"type":"Feature","id":147,"geometry":{"type":"LineString","coordinates":[[-29.346000671393824,40.5699996947302],[-29.29999923717503,40.705001831069694],[-29.277999878291723,40.87099838226959],[-29.256000518509097,40.98500061048986],[-29.242000579762873,41.12599945051426],[-29.22900009178079,41.215000152635014]]},"properties":{"OBJECTID":147,"NAME":"Eurasian:North American","LABEL":"Divergent Boundary"}},{"type":"Feature","id":148,"geometry":{"type":"LineString","coordinates":[[-29.55999946580266,40.59899902388588],[-29.346000671393824,40.5699996947302]]},"properties":{"OBJECTID":148,"NAME":"Eurasian:North American","LABEL":"Transform Boundary"}},{"type":"Feature","id":149,"geometry":{"type":"LineString","coordinates":[[-127.57900238005578,40.53900146494573],[-127.71700286868742,40.57300186194641]]},"properties":{"OBJECTID":149,"NAME":"Pacific:Juan de Fuca","LABEL":"Transform Boundary"}},{"type":"Feature","id":150,"geometry":{"type":"LineString","coordinates":[[-127.57900238005578,40.45000076282497],[-127.57900238005578,40.53900146494573]]},"properties":{"OBJECTID":150,"NAME":"Pacific:Juan de Fuca","LABEL":"Divergent Boundary"}},{"type":"Feature","id":151,"geometry":{"type":"LineString","coordinates":[[-130.8500061037986,51.611999511468355],[-130.54800415057105,51.397998809597425],[-130.2120056152669,51.27799987769225],[-129.98199462924873,51.10100173913901],[-129.73800659223042,50.83599853520428],[-129.46000671343904,50.646999359432925],[-129.00999450694093,50.47900009178085],[-128.71899414106673,50.31000137336474],[-128.41400146449598,50.08599853490449],[-128.28300476106085,49.88499832191508],[-128.02900695760496,49.780998230284126],[-127.85199737517871,49.49100112919882],[-127.8180007931021,49.08000183141945],[-127.60800170921146,48.87699890107848],[-127.37799835214219,48.749999999800195],[-127.01799774150254,48.564998627085004],[-126.7330017091615,48.29100036627392],[-126.48600006105391,47.99599838241949],[-126.37000274622972,47.748001098471946],[-126.08499908404048,47.34999847375059],[-125.99800109837196,46.97000122067982],[-125.87599945091392,46.64300155627683],[-125.77300262407181,46.29499816883049],[-125.65499877966994,45.94599914554419],[-125.51699829103825,45.47399902313646],[-125.43499755829066,45.10400009173088],[-125.43699645981872,44.88100051895884],[-125.43399810752663,44.72499847450007],[-125.3759994510138,44.66699981708797],[-125.37200164795763,44.52299880984725],[-125.37200164795763,44.323001861646674],[-125.36199951136831,44.06600189187384],[-125.4290008546057,44.001998900928584],[-125.44999694780086,43.924999236925316],[-125.48000335666956,43.736999511917986],[-125.4739990231364,43.425998687789274],[-125.39399719281619,43.26699829103836],[-125.34300231970127,43.143001556077024],[-125.28900146444602,43.05099868763938],[-125.28900146444602,42.86199951186802],[-125.26799774140261,42.56100082432863],[-125.1979980467724,42.492000579563125],[-125.2089996341258,42.35900115967581],[-125.29000091521004,42.284999847065365],[-125.33100128158384,42.141998290588674],[-125.3130035397815,41.98600006105403],[-125.28099823028407,41.81800079340195],[-125.3089981077764,41.652000427277926],[-125.18199920649818,41.380001067994954],[-125.0889968872965,41.13499832141548],[-124.93299865686248,40.88399887115105],[-124.95300293004118,40.6329994199873],[-124.78438613571154,40.37534511878226]]},"properties":{"OBJECTID":151,"NAME":"North America:Juan de Fuca","LABEL":"Convergent Boundary"}},{"type":"Feature","id":152,"geometry":{"type":"LineString","coordinates":[[-29.656000137296473,40.10699844322363],[-29.63999938956016,40.20800018346176],[-29.631000518658936,40.28499984746503],[-29.59799957242228,40.3829994204869],[-29.569000244165863,40.47000122107954],[-29.576999664303003,40.54899978661092],[-29.55999946580266,40.59899902388588]]},"properties":{"OBJECTID":152,"NAME":"Eurasian:North American","LABEL":"Divergent Boundary"}},{"type":"Feature","id":153,"geometry":{"type":"LineString","coordinates":[[-29.587999344194316,40.105998993358924],[-29.656000137296473,40.10699844322363]]},"properties":{"OBJECTID":153,"NAME":"Eurasian:North American","LABEL":"Transform Boundary"}},{"type":"Feature","id":154,"geometry":{"type":"LineString","coordinates":[[-29.770000458054653,39.40000152574987],[-29.608999252313595,39.993000030826806],[-29.61300086939457,40.03300094643657],[-29.579999924057233,40.0789985657313],[-29.587999344194316,40.105998993358924]]},"properties":{"OBJECTID":154,"NAME":"Eurasian:North American","LABEL":"Divergent Boundary"}},{"type":"Feature","id":155,"geometry":{"type":"LineString","coordinates":[[-29.2600002290273,39.249999999900126],[-29.18799972540694,39.278999329055864],[-29.146999359033146,39.29399871856606],[-29.090000152385073,39.32300186174655],[-29.04899978601128,39.3380012512568],[-28.98200035113524,39.36600112874913],[-28.951000213888733,39.37900161763059],[-28.895000458004688,39.41199874894318]]},"properties":{"OBJECTID":155,"NAME":"Eurasian:African","LABEL":"Transform Boundary"}},{"type":"Feature","id":156,"geometry":{"type":"LineString","coordinates":[[-29.770000458054653,39.40000152574987],[-29.334999084040476,39.31499862668534],[-29.29700088488289,39.25500106774513],[-29.2600002290273,39.249999999900126]]},"properties":{"OBJECTID":156,"NAME":"Eurasian:African","LABEL":"Divergent Boundary"}},{"type":"Feature","id":157,"geometry":{"type":"LineString","coordinates":[[-28.618999481640742,39.12099838216966],[-28.56599998461155,39.130001067994954],[-28.483999252763283,39.155998229934426]]},"properties":{"OBJECTID":157,"NAME":"Eurasian:African","LABEL":"Transform Boundary"}},{"type":"Feature","id":158,"geometry":{"type":"LineString","coordinates":[[-28.895000458004688,39.41199874894318],[-28.85300064086681,39.373001099021565],[-28.781000137246508,39.29899978641106],[-28.745000839617035,39.263000487882266],[-28.686000823978816,39.21400070227065],[-28.666000366623564,39.17900085450589],[-28.618999481640742,39.12099838216966]]},"properties":{"OBJECTID":158,"NAME":"Eurasian:African","LABEL":"Divergent Boundary"}},{"type":"Feature","id":159,"geometry":{"type":"LineString","coordinates":[[-28.291999817237752,38.938999175771414],[-28.215000152335108,38.951999664652874],[-28.120000839067416,38.967998504927095],[-28.05900001533837,38.983001709361474],[-27.954999923707476,39.0040016174807]]},"properties":{"OBJECTID":159,"NAME":"Eurasian:African","LABEL":"Transform Boundary"}},{"type":"Feature","id":160,"geometry":{"type":"LineString","coordinates":[[-28.483999252763283,39.155998229934426],[-28.45199966475269,39.13399887105112],[-28.4200000767421,39.092998504677325],[-28.395999908868646,39.05799865691256],[-28.364999770722818,39.020000457754975],[-28.341999053613392,38.99300003012735],[-28.291999817237752,38.938999175771414]]},"properties":{"OBJECTID":160,"NAME":"Eurasian:African","LABEL":"Divergent Boundary"}},{"type":"Feature","id":161,"geometry":{"type":"LineString","coordinates":[[41.000999450764084,39.08000183071994],[41.026000976863656,38.84899902378595]]},"properties":{"OBJECTID":161,"NAME":"Eurasian:Arabian","LABEL":"Transform Boundary"}},{"type":"Feature","id":162,"geometry":{"type":"LineString","coordinates":[[-30.43000030546966,38.3880004878323],[-30.170999526706737,38.88800048863169],[-29.909000396550994,39.38700103776773],[-29.770000458054653,39.40000152574987]]},"properties":{"OBJECTID":162,"NAME":"North American:African","LABEL":"Divergent Boundary"}},{"type":"Feature","id":163,"geometry":{"type":"LineString","coordinates":[[-30.604999542494852,38.402999878241815],[-30.43000030546966,38.3880004878323]]},"properties":{"OBJECTID":163,"NAME":"North American:African","LABEL":"Transform Boundary"}},{"type":"Feature","id":164,"geometry":{"type":"LineString","coordinates":[[-26.829999923257787,38.27799987759232],[-26.718000412389074,38.41999816928012]]},"properties":{"OBJECTID":164,"NAME":"Eurasian:African","LABEL":"Other"}},{"type":"Feature","id":165,"geometry":{"type":"LineString","coordinates":[[-27.954999923707476,39.0040016174807],[-27.79299926720239,39.00000000039972],[-27.72200012180815,38.94200134298762],[-27.680000305569592,38.91400146459597],[-27.60600090042118,38.862998962532174],[-27.5590000154383,38.83599853490449],[-27.483999252063768,38.782001495472684],[-27.239000320408422,38.7799987790205],[-27.202999115316857,38.7000007627251],[-27.173999786161176,38.66600036662368],[-27.128999710168443,38.60699844352342],[-27.090000152784796,38.57099914589389],[-27.02899932905575,38.49100112959849],[-27.006999969273124,38.46400070197086],[-26.94099998516117,38.40000152594973],[-26.900999069551347,38.360000610339966],[-26.829999923257787,38.27799987759232]]},"properties":{"OBJECTID":165,"NAME":"Eurasian:African","LABEL":"Divergent Boundary"}},{"type":"Feature","id":166,"geometry":{"type":"LineString","coordinates":[[-25.916000365824175,37.83900070232062],[-25.808000564574343,37.87799835224223]]},"properties":{"OBJECTID":166,"NAME":"Eurasian:African","LABEL":"Transform Boundary"}},{"type":"Feature","id":167,"geometry":{"type":"LineString","coordinates":[[-26.718000412389074,38.41999816928012],[-26.6469993595328,38.358001708811855],[-26.61400032075818,38.32400131181112],[-26.531999588010535,38.25500106794499],[-26.493999481390915,38.22200012170828],[-26.41699981648827,38.148998260761175],[-26.37899970986865,38.11600112944859],[-26.302000045865384,38.04700088468314],[-26.170999526606806,38.03599929822906],[-26.075000762575087,37.96500015283482],[-26.04299926800178,37.93600082367914],[-25.916000365824175,37.83900070232062]]},"properties":{"OBJECTID":167,"NAME":"Eurasian:African","LABEL":"Divergent Boundary"}},{"type":"Feature","id":168,"geometry":{"type":"LineString","coordinates":[[-25.632999420087117,37.72200012180821],[-25.538000106819425,37.81800079330202]]},"properties":{"OBJECTID":168,"NAME":"Eurasian:African","LABEL":"Other"}},{"type":"Feature","id":169,"geometry":{"type":"LineString","coordinates":[[-25.808000564574343,37.87799835224223],[-25.733999251963837,37.816001891773965],[-25.697999954334364,37.790000915809685],[-25.632999420087117,37.72200012180821]]},"properties":{"OBJECTID":169,"NAME":"Eurasian:African","LABEL":"Divergent Boundary"}},{"type":"Feature","id":170,"geometry":{"type":"LineString","coordinates":[[-31.070999145394183,37.680000305569706],[-30.604999542494852,38.402999878241815]]},"properties":{"OBJECTID":170,"NAME":"North American:African","LABEL":"Divergent Boundary"}},{"type":"Feature","id":171,"geometry":{"type":"LineString","coordinates":[[-31.37100028963164,37.7050018307699],[-31.070999145394183,37.680000305569706]]},"properties":{"OBJECTID":171,"NAME":"North American:African","LABEL":"Transform Boundary"}},{"type":"Feature","id":172,"geometry":{"type":"LineString","coordinates":[[-25.35499954219506,37.66299819960727],[-25.26700019830048,37.769001006791086]]},"properties":{"OBJECTID":172,"NAME":"Eurasian:African","LABEL":"Other"}},{"type":"Feature","id":173,"geometry":{"type":"LineString","coordinates":[[-25.538000106819425,37.81800079330202],[-25.46400070167101,37.75199890172797],[-25.42700004581542,37.71799850472729],[-25.35499954219506,37.66299819960727]]},"properties":{"OBJECTID":173,"NAME":"Eurasian:African","LABEL":"Divergent Boundary"}},{"type":"Feature","id":174,"geometry":{"type":"LineString","coordinates":[[-25.26700019830048,37.769001006791086],[-25.100999832176456,37.64599990856897]]},"properties":{"OBJECTID":174,"NAME":"Eurasian:African","LABEL":"Divergent Boundary"}},{"type":"Feature","id":175,"geometry":{"type":"LineString","coordinates":[[-25.100999832176456,37.64599990856897],[-24.982999801799394,37.64400100704091]]},"properties":{"OBJECTID":175,"NAME":"Eurasian:African","LABEL":"Transform Boundary"}},{"type":"Feature","id":176,"geometry":{"type":"LineString","coordinates":[[-31.516000747636326,37.28200149577248],[-31.37100028963164,37.7050018307699]]},"properties":{"OBJECTID":176,"NAME":"North American:African","LABEL":"Divergent Boundary"}},{"type":"Feature","id":177,"geometry":{"type":"LineString","coordinates":[[-32.28300094643646,37.3909988403243],[-31.516000747636326,37.28200149577248]]},"properties":{"OBJECTID":177,"NAME":"North American:African","LABEL":"Transform Boundary"}},{"type":"Feature","id":178,"geometry":{"type":"LineString","coordinates":[[-18.12400054888616,37.465999603698776],[-17.583999633376322,37.502998352092334],[-16.74200057956307,37.435001373014984],[-15.842000007594208,37.29700088528267],[-15.387000083686871,37.212001800242945]]},"properties":{"OBJECTID":178,"NAME":"Eurasian:African","LABEL":"Transform Boundary"}},{"type":"Feature","id":179,"geometry":{"type":"LineString","coordinates":[[-32.39500045820455,37.13700103776773],[-32.28300094643646,37.3909988403243]]},"properties":{"OBJECTID":179,"NAME":"North American:African","LABEL":"Divergent Boundary"}},{"type":"Feature","id":180,"geometry":{"type":"LineString","coordinates":[[-32.64599990846898,37.175998687689344],[-32.39500045820455,37.13700103776773]]},"properties":{"OBJECTID":180,"NAME":"North American:African","LABEL":"Transform Boundary"}},{"type":"Feature","id":181,"geometry":{"type":"LineString","coordinates":[[41.026000976863656,38.84899902378595],[41.236000060754236,38.61600112934872],[41.83900070152123,38.354999542494966],[42.2890014650456,38.21300125080711],[42.79700088508281,37.9910011287991],[43.17599868738955,37.68500137341471],[43.64699935903326,37.40700149552265],[44.020000457655044,37.09799957292199]]},"properties":{"OBJECTID":181,"NAME":"Eurasian:Arabian","LABEL":"Other"}},{"type":"Feature","id":182,"geometry":{"type":"LineString","coordinates":[[-32.70800018296205,37.03300094613678],[-32.64599990846898,37.175998687689344]]},"properties":{"OBJECTID":182,"NAME":"North American:African","LABEL":"Divergent Boundary"}},{"type":"Feature","id":183,"geometry":{"type":"LineString","coordinates":[[-32.943000793851525,37.06499862668534],[-32.70800018296205,37.03300094613678]]},"properties":{"OBJECTID":183,"NAME":"North American:African","LABEL":"Transform Boundary"}},{"type":"Feature","id":184,"geometry":{"type":"LineString","coordinates":[[-19.681999206897842,37.0250015259997],[-18.6180000301772,37.30699920694792],[-18.12400054888616,37.465999603698776]]},"properties":{"OBJECTID":184,"NAME":"Eurasian:African","LABEL":"Other"}},{"type":"Feature","id":185,"geometry":{"type":"LineString","coordinates":[[-15.142999648614818,37.020999908019405],[-14.411000251760186,37.20999908469008],[-13.67500019110588,37.39500045740522]]},"properties":{"OBJECTID":185,"NAME":"Eurasian:African","LABEL":"Other"}},{"type":"Feature","id":186,"geometry":{"type":"LineString","coordinates":[[-15.387000083686871,37.212001800242945],[-15.142999648614818,37.020999908019405]]},"properties":{"OBJECTID":186,"NAME":"Eurasian:African","LABEL":"Divergent Boundary"}},{"type":"Feature","id":187,"geometry":{"type":"LineString","coordinates":[[-33.0050010683446,36.91600036652375],[-32.943000793851525,37.06499862668534]]},"properties":{"OBJECTID":187,"NAME":"North American:African","LABEL":"Divergent Boundary"}},{"type":"Feature","id":188,"geometry":{"type":"LineString","coordinates":[[-33.22499847390043,36.941001891724],[-33.0050010683446,36.91600036652375]]},"properties":{"OBJECTID":188,"NAME":"North American:African","LABEL":"Transform Boundary"}},{"type":"Feature","id":189,"geometry":{"type":"LineString","coordinates":[[-24.25499916038291,36.78099823018425],[-24.14599990836905,36.78900146524546]]},"properties":{"OBJECTID":189,"NAME":"Eurasian:African","LABEL":"Transform Boundary"}},{"type":"Feature","id":190,"geometry":{"type":"LineString","coordinates":[[-24.982999801799394,37.64400100704091],[-24.93099975553423,37.60900115927615],[-24.892000198150583,37.583999634075894],[-24.844999313167705,37.55199813860327],[-24.815999984911343,37.53300094603691],[-24.774999618537493,37.499999999800195],[-24.73299980139967,37.46699905356354],[-24.666999817287717,37.410999297679496],[-24.701999664153107,37.35200119040269],[-24.738000870143992,37.27299880994718],[-24.749999999900012,37.21699905406314],[-24.680999756033884,37.12699890117841],[-24.635000229277125,37.095001220629854],[-24.5540008547556,37.01699829093843],[-24.500000000399666,36.97100067164371],[-24.434000015388335,36.9099998470154],[-24.385000228877402,36.86299896203252],[-24.31100082372899,36.79199981663828],[-24.25499916038291,36.78099823018425]]},"properties":{"OBJECTID":190,"NAME":"Eurasian:African","LABEL":"Divergent Boundary"}},{"type":"Feature","id":191,"geometry":{"type":"LineString","coordinates":[[36.46599960299932,36.72999954214521],[36.79000091511017,37.397998809697356]]},"properties":{"OBJECTID":191,"NAME":"African:Arabian","LABEL":"Transform Boundary"}},{"type":"Feature","id":192,"geometry":{"type":"LineString","coordinates":[[-33.31299972525704,36.691001892223596],[-33.22499847390043,36.941001891724]]},"properties":{"OBJECTID":192,"NAME":"North American:African","LABEL":"Divergent Boundary"}},{"type":"Feature","id":193,"geometry":{"type":"LineString","coordinates":[[-33.595001221129394,36.74200058026264],[-33.31299972525704,36.691001892223596]]},"properties":{"OBJECTID":193,"NAME":"North American:African","LABEL":"Transform Boundary"}},{"type":"Feature","id":194,"geometry":{"type":"LineString","coordinates":[[-23.569999695229683,36.64599990876883],[-22.892999649314334,36.701999664652874],[-22.215999603398927,36.7540016174807],[-21.506999969472986,36.819999695029935],[-20.79700088478296,36.88100051875898],[-20.239999770772783,36.95399856568133],[-19.681999206897842,37.0250015259997]]},"properties":{"OBJECTID":194,"NAME":"Eurasian:African","LABEL":"Transform Boundary"}},{"type":"Feature","id":195,"geometry":{"type":"LineString","coordinates":[[-24.14599990836905,36.78900146524546],[-24.045999527256356,36.75500106824478],[-23.569999695229683,36.64599990876883]]},"properties":{"OBJECTID":195,"NAME":"Eurasian:African","LABEL":"Divergent Boundary"}},{"type":"Feature","id":196,"geometry":{"type":"LineString","coordinates":[[-33.77199935878332,36.1850013737145],[-33.595001221129394,36.74200058026264]]},"properties":{"OBJECTID":196,"NAME":"North American:African","LABEL":"Divergent Boundary"}},{"type":"Feature","id":197,"geometry":{"type":"LineString","coordinates":[[-33.981998443573275,36.22100067134397],[-33.77199935878332,36.1850013737145]]},"properties":{"OBJECTID":197,"NAME":"North American:African","LABEL":"Transform Boundary"}},{"type":"Feature","id":198,"geometry":{"type":"LineString","coordinates":[[-34.05699920694781,36.07099914549423],[-33.981998443573275,36.22100067134397]]},"properties":{"OBJECTID":198,"NAME":"North American:African","LABEL":"Divergent Boundary"}},{"type":"Feature","id":199,"geometry":{"type":"LineString","coordinates":[[-34.141998291088214,36.078998565631366],[-34.05699920694781,36.07099914549423]]},"properties":{"OBJECTID":199,"NAME":"North American:African","LABEL":"Transform Boundary"}},{"type":"Feature","id":200,"geometry":{"type":"LineString","coordinates":[[-9.97700023677146,36.65100097661383],[-9.545000076692133,36.430000305369845],[-9.022311127656394,36.16954153131667],[-8.880292205520846,36.09862125826453],[-8.484614454193661,35.83862197572364],[-8.233325534645644,35.90087128418247],[-8.003887825063032,36.034096435702],[-7.763524510947377,36.13165066714464],[-7.359277118044531,36.299865599417956],[-7.118913803928876,36.36174751143858],[-6.90040169977857,36.388253150962214]]},"properties":{"OBJECTID":200,"NAME":"Eurasian:African","LABEL":"Transform Boundary"}},{"type":"Feature","id":201,"geometry":{"type":"LineString","coordinates":[[36.41299819940741,36.02299880974732],[36.38899993899605,36.259998321265584],[36.46599960299932,36.72999954214521]]},"properties":{"OBJECTID":201,"NAME":"African:Arabian","LABEL":"Divergent Boundary"}},{"type":"Feature","id":202,"geometry":{"type":"LineString","coordinates":[[-11.5850000377215,35.8510017399384],[-10.923000335497022,36.097999573121854],[-10.428999900924623,36.39199829128819],[-9.97700023677146,36.65100097661383]]},"properties":{"OBJECTID":202,"NAME":"Eurasian:African","LABEL":"Other"}},{"type":"Feature","id":203,"geometry":{"type":"LineString","coordinates":[[-13.67500019110588,37.39500045740522],[-12.902999877742104,36.86399841279655],[-12.142000198450376,36.327999115267005],[-11.5850000377215,35.8510017399384]]},"properties":{"OBJECTID":203,"NAME":"Eurasian:African","LABEL":"Transform Boundary"}},{"type":"Feature","id":204,"geometry":{"type":"LineString","coordinates":[[-34.334999084839865,35.616001129048925],[-34.141998291088214,36.078998565631366]]},"properties":{"OBJECTID":204,"NAME":"North American:African","LABEL":"Divergent Boundary"}},{"type":"Feature","id":205,"geometry":{"type":"LineString","coordinates":[[-34.45899963382601,35.62499999995009],[-34.334999084839865,35.616001129048925]]},"properties":{"OBJECTID":205,"NAME":"North American:African","LABEL":"Transform Boundary"}},{"type":"Feature","id":206,"geometry":{"type":"LineString","coordinates":[[138.67399597163683,35.03400039640121],[139.23399353047716,35.013999939046016]]},"properties":{"OBJECTID":206,"NAME":"North American:Philippine","LABEL":"Other"}},{"type":"Feature","id":207,"geometry":{"type":"LineString","coordinates":[[-34.745998382619234,35.00999832196504],[-34.45899963382601,35.62499999995009]]},"properties":{"OBJECTID":207,"NAME":"North American:African","LABEL":"Divergent Boundary"}},{"type":"Feature","id":208,"geometry":{"type":"LineString","coordinates":[[-36.373001098521854,35.27999877971996],[-35.55799865741204,35.147998809697356],[-34.745998382619234,35.00999832196504]]},"properties":{"OBJECTID":208,"NAME":"North American:African","LABEL":"Transform Boundary"}},{"type":"Feature","id":209,"geometry":{"type":"LineString","coordinates":[[139.23399353047716,35.013999939046016],[139.4290008547057,34.860000610140105]]},"properties":{"OBJECTID":209,"NAME":"North American:Philippine","LABEL":"Transform Boundary"}},{"type":"Feature","id":210,"geometry":{"type":"LineString","coordinates":[[139.4290008547057,34.860000610140105],[139.9230041500216,34.713001251506626]]},"properties":{"OBJECTID":210,"NAME":"North American:Philippine","LABEL":"Other"}},{"type":"Feature","id":211,"geometry":{"type":"LineString","coordinates":[[-36.62300109892152,34.693000793252054],[-36.373001098521854,35.27999877971996]]},"properties":{"OBJECTID":211,"NAME":"North American:African","LABEL":"Divergent Boundary"}},{"type":"Feature","id":212,"geometry":{"type":"LineString","coordinates":[[-36.78499984706525,34.71200180074254],[-36.62300109892152,34.693000793252054]]},"properties":{"OBJECTID":212,"NAME":"North American:African","LABEL":"Transform Boundary"}},{"type":"Feature","id":213,"geometry":{"type":"LineString","coordinates":[[44.020000457655044,37.09799957292199],[44.35699844372323,36.57199859615832]]},"properties":{"OBJECTID":213,"NAME":"Eurasian:Arabian","LABEL":"Transform Boundary"}},{"type":"Feature","id":214,"geometry":{"type":"LineString","coordinates":[[-36.86199951196784,34.554000854755714],[-36.78499984706525,34.71200180074254]]},"properties":{"OBJECTID":214,"NAME":"North American:African","LABEL":"Divergent Boundary"}},{"type":"Feature","id":215,"geometry":{"type":"LineString","coordinates":[[-37.046001433919,34.56700134273785],[-36.86199951196784,34.554000854755714]]},"properties":{"OBJECTID":215,"NAME":"North American:African","LABEL":"Transform Boundary"}},{"type":"Feature","id":216,"geometry":{"type":"LineString","coordinates":[[139.9230041500216,34.713001251506626],[140.44000244095992,34.63100051875898],[140.86999511728095,34.52899932865614]]},"properties":{"OBJECTID":216,"NAME":"North American:Philippine","LABEL":"Other"}},{"type":"Feature","id":217,"geometry":{"type":"LineString","coordinates":[[140.86999511728095,34.52899932865614],[141.10400390635527,34.438999175771414]]},"properties":{"OBJECTID":217,"NAME":"North American:Philippine","LABEL":"Transform Boundary"}},{"type":"Feature","id":218,"geometry":{"type":"LineString","coordinates":[[29.731000899971605,35.42699813835344],[30.221000671643708,35.153999328306384],[30.7929992677021,34.99100112939868],[31.25600051920867,34.826000214038686],[31.739999771372425,34.63399887105112],[32.17200088473311,34.48699951151832],[32.78956956778137,34.32929160872084]]},"properties":{"OBJECTID":218,"NAME":"Eurasian:African","LABEL":"Convergent Boundary"}},{"type":"Feature","id":219,"geometry":{"type":"LineString","coordinates":[[141.88299560506323,34.213001251606556],[141.99200439438732,34.66600036652375],[142.02900695770495,34.888999939295786],[142.09049089363987,35.04902935292233],[142.16999816878058,35.21699905356354],[142.22099304189544,35.33300018331187],[142.32499694845046,35.502998352492],[142.44749750470612,35.685691143031875],[142.5307990474381,35.85824433830561],[142.60600280758354,36.000999450864015],[142.680999756034,36.063999176121115],[142.7807036747348,36.155749846778065],[142.88699340791948,36.26399993924588],[143.00085775208368,36.3937542544553],[143.13771028580106,36.54250700869153],[143.26266259989916,36.67340943349859],[143.40800476071115,36.8600006106397],[143.5180053709512,37.05899810807625],[143.63699340821927,37.290000915909616],[143.74299621540308,37.479000091680916],[143.843002318902,37.70999908459015],[143.94692527118434,37.94078290210928],[143.9888313393949,38.17646256949206],[144.01537098858034,38.34481659540961],[144.04206456932445,38.5130599597494],[144.08084949270994,38.68840457601044],[144.13137868697686,38.89875064172878],[144.16112923782418,39.130804938697],[144.20300292954164,39.37400054888627],[144.2359924319053,39.55699920694792],[144.22500610334907,39.7669982908385],[144.2539978026565,39.928001404041595],[144.28300476076117,40.06700134253799],[144.32800292929187,40.20299911471744],[144.39900207558537,40.367000580212675],[144.47900390590564,40.54899978661092],[144.59286631472867,40.78349919723024],[144.73882471888578,40.985620778476175],[145.09666215513437,41.2944062477502],[145.50121519882248,41.553201209468284],[145.87602169544493,41.7346551488161],[146.45192165845788,41.96900749689854],[146.98148146479787,42.21296201438548],[147.56459226302263,42.54616818441423],[148.4809092312761,43.105478541601485],[149.32364653316108,43.656282107233494],[150.33900451634543,44.187000274543095],[150.87699890137822,44.44699859660801],[151.4190063473651,44.70399856548147],[152.29990643423457,45.11519521049064],[152.97296108508613,45.49299052928956],[153.52799987749245,45.89699935903326],[154.19500732412882,46.439998626835234],[154.66400146439616,46.853000641066785],[155.14100646957297,47.26300048808213],[155.74200439478705,47.724998473900484],[156.35299682584287,48.18299865756205],[157.02400207553546,48.65900039705076],[157.67581449144564,49.09134015642314],[158.28105696940372,49.42921350839674],[158.72608820340793,49.764762715427025],[159.03761006685113,49.98334739306779],[159.44703880119982,50.36632578180945],[159.9365731584246,50.797017969703575],[160.74489461969097,51.538687667701765],[161.45322532798662,52.10537582193666],[161.87986780215738,52.513889862127485],[162.22749457421526,52.83051321980929],[162.49026419673532,53.14472045798283],[163.02020178128726,53.724963687824015],[163.44882563369606,54.315795237760085],[163.74138700230833,54.773676772065414],[164.06599426232538,55.208999633926]]},"properties":{"OBJECTID":219,"NAME":"North American:Pacific","LABEL":"Convergent Boundary"}},{"type":"Feature","id":220,"geometry":{"type":"LineString","coordinates":[[141.10400390635527,34.438999175771414],[141.44099426257526,34.35599899315906],[141.88299560506323,34.213001251606556]]},"properties":{"OBJECTID":220,"NAME":"North American:Philippine","LABEL":"Other"}},{"type":"Feature","id":221,"geometry":{"type":"LineString","coordinates":[[18.92151592931674,37.44854766584217],[19.0969558917011,36.67661183207042],[19.354267835392363,35.67075604875271],[20.184683657225037,34.81694823277479],[21.50633137139573,34.302324344492945],[22.827979086465746,34.021620404857856],[23.807510732334492,33.79923227754762],[25.061914605574657,33.75261246229536],[26.168371138517273,33.99603290029819]]},"properties":{"OBJECTID":221,"NAME":"Eurasian:African","LABEL":"Convergent Boundary"}},{"type":"Feature","id":222,"geometry":{"type":"LineString","coordinates":[[-37.24499893225487,34.1240005494858],[-37.046001433919,34.56700134273785]]},"properties":{"OBJECTID":222,"NAME":"North American:African","LABEL":"Divergent Boundary"}},{"type":"Feature","id":223,"geometry":{"type":"LineString","coordinates":[[-37.335998535004364,34.13600158670391],[-37.24499893225487,34.1240005494858]]},"properties":{"OBJECTID":223,"NAME":"North American:African","LABEL":"Transform Boundary"}},{"type":"Feature","id":224,"geometry":{"type":"LineString","coordinates":[[-37.53300094583693,33.70500183067003],[-37.335998535004364,34.13600158670391]]},"properties":{"OBJECTID":224,"NAME":"North American:African","LABEL":"Divergent Boundary"}},{"type":"Feature","id":225,"geometry":{"type":"LineString","coordinates":[[-37.67800140384168,33.73600006135382],[-37.53300094583693,33.70500183067003]]},"properties":{"OBJECTID":225,"NAME":"North American:African","LABEL":"Transform Boundary"}},{"type":"Feature","id":226,"geometry":{"type":"LineString","coordinates":[[-37.79800033574685,33.50099945046429],[-37.67800140384168,33.73600006135382]]},"properties":{"OBJECTID":226,"NAME":"North American:African","LABEL":"Divergent Boundary"}},{"type":"Feature","id":227,"geometry":{"type":"LineString","coordinates":[[-39.39899826076106,33.76800155682645],[-38.597000121658255,33.63700103756787],[-37.79800033574685,33.50099945046429]]},"properties":{"OBJECTID":227,"NAME":"North American:African","LABEL":"Transform Boundary"}},{"type":"Feature","id":228,"geometry":{"type":"LineString","coordinates":[[-39.585998535004364,33.06700134303759],[-39.39899826076106,33.76800155682645]]},"properties":{"OBJECTID":228,"NAME":"North American:African","LABEL":"Divergent Boundary"}},{"type":"Feature","id":229,"geometry":{"type":"LineString","coordinates":[[-39.70000076322458,33.083999634075894],[-39.585998535004364,33.06700134303759]]},"properties":{"OBJECTID":229,"NAME":"North American:African","LABEL":"Transform Boundary"}},{"type":"Feature","id":230,"geometry":{"type":"LineString","coordinates":[[36.41299819940741,36.02299880974732],[36.43099975613387,35.751998901228376],[36.395999908369106,35.28499984756496],[36.32500076297487,34.48199844367326],[36.02399826051135,34.096000671094146],[35.726001739288904,33.70999908449022],[35.647998809597425,33.23199844347346],[35.57099914559416,32.75500106814485]]},"properties":{"OBJECTID":230,"NAME":"African:Arabian","LABEL":"Other"}},{"type":"Feature","id":231,"geometry":{"type":"LineString","coordinates":[[35.57099914559416,32.75500106814485],[35.47000122028015,32.00400161708103]]},"properties":{"OBJECTID":231,"NAME":"African:Arabian","LABEL":"Transform Boundary"}},{"type":"Feature","id":232,"geometry":{"type":"LineString","coordinates":[[-40.55300140349192,31.802000045865498],[-40.12900161773041,32.44400024401608],[-39.70000076322458,33.083999634075894]]},"properties":{"OBJECTID":232,"NAME":"North American:African","LABEL":"Divergent Boundary"}},{"type":"Feature","id":233,"geometry":{"type":"LineString","coordinates":[[-40.70999908468997,31.816999435375692],[-40.55300140349192,31.802000045865498]]},"properties":{"OBJECTID":233,"NAME":"North American:African","LABEL":"Transform Boundary"}},{"type":"Feature","id":234,"geometry":{"type":"LineString","coordinates":[[35.47000122028015,32.00400161708103],[35.30899810797638,31.382999420486897]]},"properties":{"OBJECTID":234,"NAME":"African:Arabian","LABEL":"Other"}},{"type":"Feature","id":235,"geometry":{"type":"LineString","coordinates":[[-41.18399810772644,31.194000243816276],[-40.70999908468997,31.816999435375692]]},"properties":{"OBJECTID":235,"NAME":"North American:African","LABEL":"Divergent Boundary"}},{"type":"Feature","id":236,"geometry":{"type":"LineString","coordinates":[[-41.430000305069996,31.236999511718125],[-41.18399810772644,31.194000243816276]]},"properties":{"OBJECTID":236,"NAME":"North American:African","LABEL":"Transform Boundary"}},{"type":"Feature","id":237,"geometry":{"type":"LineString","coordinates":[[-114.11799621595259,31.356000900321362],[-114.33000183121948,31.194000243816276],[-114.43900299069543,31.097000122457757]]},"properties":{"OBJECTID":237,"NAME":"North American:Pacific","LABEL":"Divergent Boundary"}},{"type":"Feature","id":238,"geometry":{"type":"LineString","coordinates":[[132.8240051267353,30.753999710318453],[132.96499633781082,30.96999931371738],[133.1970062253571,31.215999603598902],[133.50000000039972,31.514999389610182],[134.0420074463866,31.88199996962294],[134.69099426257526,32.20000076312476],[135.0260009769636,32.32600021363902],[135.35600280768347,32.45999908429036],[135.6119995117681,32.536998749192946],[136.0249938961515,32.686000824278665],[136.52400207513574,32.86800003067691],[137.0299987796201,33.0530014033921],[137.5460052487433,33.40499877897054],[138.0659942630249,33.75000000009999],[138.38299560576263,34.05899810777652],[138.50799560551286,34.58200073224805],[138.67399597163683,35.03400039640121]]},"properties":{"OBJECTID":238,"NAME":"Eurasian:Philippine","LABEL":"Convergent Boundary"}},{"type":"Feature","id":239,"geometry":{"type":"LineString","coordinates":[[-114.43900299069543,31.097000122457757],[-114.30300140359185,30.91200065630528],[-114.12899780240662,30.680000305169983],[-113.98600006085411,30.513000488281932],[-113.80699920674795,30.312999725157226]]},"properties":{"OBJECTID":239,"NAME":"North American:Pacific","LABEL":"Transform Boundary"}},{"type":"Feature","id":240,"geometry":{"type":"LineString","coordinates":[[-113.80699920674795,30.312999725157226],[-114.04100036597407,30.121000289631695]]},"properties":{"OBJECTID":240,"NAME":"North American:Pacific","LABEL":"Divergent Boundary"}},{"type":"Feature","id":241,"geometry":{"type":"LineString","coordinates":[[-114.04100036597407,30.121000289631695],[-113.90899658192666,29.982000351135355]]},"properties":{"OBJECTID":241,"NAME":"North American:Pacific","LABEL":"Transform Boundary"}},{"type":"Feature","id":242,"geometry":{"type":"LineString","coordinates":[[-42.1360015867038,29.972999572772096],[-41.78599929772935,30.60600090002157],[-41.430000305069996,31.236999511718125]]},"properties":{"OBJECTID":242,"NAME":"North American:African","LABEL":"Divergent Boundary"}},{"type":"Feature","id":243,"geometry":{"type":"LineString","coordinates":[[-42.72900009178079,30.069999695029935],[-42.1360015867038,29.972999572772096]]},"properties":{"OBJECTID":243,"NAME":"North American:African","LABEL":"Transform Boundary"}},{"type":"Feature","id":244,"geometry":{"type":"LineString","coordinates":[[-113.90899658192666,29.982000351135355],[-113.75800323516114,29.833999633376436]]},"properties":{"OBJECTID":244,"NAME":"North American:Pacific","LABEL":"Transform Boundary"}},{"type":"Feature","id":245,"geometry":{"type":"LineString","coordinates":[[-113.75800323516114,29.833999633376436],[-113.87000274692917,29.729999542644805]]},"properties":{"OBJECTID":245,"NAME":"North American:Pacific","LABEL":"Divergent Boundary"}},{"type":"Feature","id":246,"geometry":{"type":"LineString","coordinates":[[-113.87000274692917,29.729999542644805],[-113.9690017698158,29.645999908369106]]},"properties":{"OBJECTID":246,"NAME":"North American:Pacific","LABEL":"Divergent Boundary"}},{"type":"Feature","id":247,"geometry":{"type":"LineString","coordinates":[[-43.036998748693236,29.471000671343972],[-42.72900009178079,30.069999695029935]]},"properties":{"OBJECTID":247,"NAME":"North American:African","LABEL":"Divergent Boundary"}},{"type":"Feature","id":248,"geometry":{"type":"LineString","coordinates":[[-43.08800125165641,29.468999862353826],[-43.036998748693236,29.471000671343972]]},"properties":{"OBJECTID":248,"NAME":"North American:African","LABEL":"Transform Boundary"}},{"type":"Feature","id":249,"geometry":{"type":"LineString","coordinates":[[-113.9690017698158,29.645999908369106],[-113.77500152619945,29.440000534097408],[-113.52100372274356,29.204999924107256],[-113.28099822998428,29.007999419837404]]},"properties":{"OBJECTID":249,"NAME":"North American:Pacific","LABEL":"Transform Boundary"}},{"type":"Feature","id":250,"geometry":{"type":"LineString","coordinates":[[-113.28099822998428,29.007999419837404],[-113.33899688739638,28.950000763324624]]},"properties":{"OBJECTID":250,"NAME":"North American:Pacific","LABEL":"Divergent Boundary"}},{"type":"Feature","id":251,"geometry":{"type":"LineString","coordinates":[[-43.4830017091615,28.802000045565705],[-43.08800125165641,29.468999862353826]]},"properties":{"OBJECTID":251,"NAME":"North American:African","LABEL":"Divergent Boundary"}},{"type":"Feature","id":252,"geometry":{"type":"LineString","coordinates":[[-43.562999725456905,28.811000823928907],[-43.4830017091615,28.802000045565705]]},"properties":{"OBJECTID":252,"NAME":"North American:African","LABEL":"Transform Boundary"}},{"type":"Feature","id":253,"geometry":{"type":"LineString","coordinates":[[-113.33899688739638,28.950000763324624],[-113.0869979854686,28.715000152435152],[-112.81199645986868,28.499000549036168],[-112.58899688709664,28.32200050392015],[-112.3209991457939,28.1249999996503]]},"properties":{"OBJECTID":253,"NAME":"North American:Pacific","LABEL":"Transform Boundary"}},{"type":"Feature","id":254,"geometry":{"type":"LineString","coordinates":[[-43.942001342687774,28.104999542295104],[-43.562999725456905,28.811000823928907]]},"properties":{"OBJECTID":254,"NAME":"North American:African","LABEL":"Divergent Boundary"}},{"type":"Feature","id":255,"geometry":{"type":"LineString","coordinates":[[-44.02199935898318,28.10700035128525],[-43.942001342687774,28.104999542295104]]},"properties":{"OBJECTID":255,"NAME":"North American:African","LABEL":"Transform Boundary"}},{"type":"Feature","id":256,"geometry":{"type":"LineString","coordinates":[[34.25699996937311,27.88500022927724],[34.54666808316557,28.338653096463304],[34.71095725437385,28.826434474471455],[34.800569529660095,29.364263795238003],[34.95199966455294,30.000000000399723],[35.14199829108833,30.70199966405329],[35.30899810797638,31.382999420486897]]},"properties":{"OBJECTID":256,"NAME":"African:Arabian","LABEL":"Transform Boundary"}},{"type":"Feature","id":257,"geometry":{"type":"LineString","coordinates":[[-112.3209991457939,28.1249999996503],[-112.0149993895102,27.90600013739646],[-111.71099853475454,27.694000244515735],[-111.50599670378483,27.56999969463027],[-111.38200378374756,27.496999740245883]]},"properties":{"OBJECTID":257,"NAME":"North American:Pacific","LABEL":"Transform Boundary"}},{"type":"Feature","id":258,"geometry":{"type":"LineString","coordinates":[[-44.38299942038691,27.236000060854167],[-44.2029991146174,27.67099952740631],[-44.02199935898318,28.10700035128525]]},"properties":{"OBJECTID":258,"NAME":"North American:African","LABEL":"Divergent Boundary"}},{"type":"Feature","id":259,"geometry":{"type":"LineString","coordinates":[[-44.50600051860903,27.253999710118592],[-44.38299942038691,27.236000060854167]]},"properties":{"OBJECTID":259,"NAME":"North American:African","LABEL":"Transform Boundary"}},{"type":"Feature","id":260,"geometry":{"type":"LineString","coordinates":[[-111.38200378374756,27.496999740245883],[-111.56900024396606,27.215000152734888]]},"properties":{"OBJECTID":260,"NAME":"North American:Pacific","LABEL":"Divergent Boundary"}},{"type":"Feature","id":261,"geometry":{"type":"LineString","coordinates":[[-111.56900024396606,27.215000152734888],[-111.37300109882165,27.104999542494966]]},"properties":{"OBJECTID":261,"NAME":"North American:Pacific","LABEL":"Transform Boundary"}},{"type":"Feature","id":262,"geometry":{"type":"LineString","coordinates":[[-111.37300109882165,27.104999542494966],[-111.50599670378483,26.9270000457156]]},"properties":{"OBJECTID":262,"NAME":"North American:Pacific","LABEL":"Divergent Boundary"}},{"type":"Feature","id":263,"geometry":{"type":"LineString","coordinates":[[-111.50599670378483,26.9270000457156],[-111.22799682589277,26.722999572971958],[-110.9570007322979,26.534999847065365],[-110.75800323486135,26.41600036592422],[-110.68000030516993,26.3610000608042]]},"properties":{"OBJECTID":263,"NAME":"North American:Pacific","LABEL":"Transform Boundary"}},{"type":"Feature","id":264,"geometry":{"type":"LineString","coordinates":[[-44.8670005800127,26.280000686282676],[-44.687000274243246,26.767000198200662],[-44.50600051860903,27.253999710118592]]},"properties":{"OBJECTID":264,"NAME":"North American:African","LABEL":"Divergent Boundary"}},{"type":"Feature","id":265,"geometry":{"type":"LineString","coordinates":[[-44.81600189197371,26.270000458054767],[-44.8670005800127,26.280000686282676]]},"properties":{"OBJECTID":265,"NAME":"North American:African","LABEL":"Transform Boundary"}},{"type":"Feature","id":266,"geometry":{"type":"LineString","coordinates":[[-110.68000030516993,26.3610000608042],[-110.77799987819179,26.225000381162715]]},"properties":{"OBJECTID":266,"NAME":"North American:Pacific","LABEL":"Divergent Boundary"}},{"type":"Feature","id":267,"geometry":{"type":"LineString","coordinates":[[-44.89899826056126,26.05500030541981],[-44.81600189197371,26.270000458054767]]},"properties":{"OBJECTID":267,"NAME":"North American:African","LABEL":"Divergent Boundary"}},{"type":"Feature","id":268,"geometry":{"type":"LineString","coordinates":[[-45.09199905431285,26.080999374821317],[-44.89899826056126,26.05500030541981]]},"properties":{"OBJECTID":268,"NAME":"North American:African","LABEL":"Transform Boundary"}},{"type":"Feature","id":269,"geometry":{"type":"LineString","coordinates":[[57.056999206148475,26.048999786810782],[56.99200058026264,26.545000076192593]]},"properties":{"OBJECTID":269,"NAME":"Eurasian:Arabian","LABEL":"Transform Boundary"}},{"type":"Feature","id":270,"geometry":{"type":"LineString","coordinates":[[-110.77799987819179,26.225000381162715],[-110.571998596458,26.065999984411803],[-110.29100036627386,25.888999939295786],[-110.02400207483583,25.705999374671478],[-109.87200164835735,25.607000350885528],[-109.80599975588399,25.556999206148475]]},"properties":{"OBJECTID":270,"NAME":"North American:Pacific","LABEL":"Transform Boundary"}},{"type":"Feature","id":271,"geometry":{"type":"LineString","coordinates":[[-109.80599975588399,25.556999206148475],[-110.00700378379753,25.339000702120757]]},"properties":{"OBJECTID":271,"NAME":"North American:Pacific","LABEL":"Divergent Boundary"}},{"type":"Feature","id":272,"geometry":{"type":"LineString","coordinates":[[-45.499000549036055,25.191999435125865],[-45.29600143451853,25.636999129905973],[-45.09199905431285,26.080999374821317]]},"properties":{"OBJECTID":272,"NAME":"North American:African","LABEL":"Divergent Boundary"}},{"type":"Feature","id":273,"geometry":{"type":"LineString","coordinates":[[-45.79199981733768,25.253999710518258],[-45.499000549036055,25.191999435125865]]},"properties":{"OBJECTID":273,"NAME":"North American:African","LABEL":"Transform Boundary"}},{"type":"Feature","id":274,"geometry":{"type":"LineString","coordinates":[[-110.00700378379753,25.339000702120757],[-109.78800201408166,25.180000305369845],[-109.59100341817316,25.016000747336648],[-109.34999847375053,24.857000350585736],[-109.17800140394161,24.735000610589736],[-109.06199646016847,24.65800094568715]]},"properties":{"OBJECTID":274,"NAME":"North American:Pacific","LABEL":"Transform Boundary"}},{"type":"Feature","id":275,"geometry":{"type":"LineString","coordinates":[[-46.11899948084135,24.59000015258505],[-45.79199981733768,25.253999710518258]]},"properties":{"OBJECTID":275,"NAME":"North American:African","LABEL":"Divergent Boundary"}},{"type":"Feature","id":276,"geometry":{"type":"LineString","coordinates":[[-46.19599914574394,24.597000121958104],[-46.11899948084135,24.59000015258505]]},"properties":{"OBJECTID":276,"NAME":"North American:African","LABEL":"Transform Boundary"}},{"type":"Feature","id":277,"geometry":{"type":"LineString","coordinates":[[57.83200073254784,24.443000793052192],[57.34500122062991,24.788000106719608],[57.12099838216966,25.552000045765567],[57.056999206148475,26.048999786810782]]},"properties":{"OBJECTID":277,"NAME":"Eurasian:Arabian","LABEL":"Other"}},{"type":"Feature","id":278,"geometry":{"type":"LineString","coordinates":[[-109.06199646016847,24.65800094568715],[-109.27600097696347,24.39599990806937]]},"properties":{"OBJECTID":278,"NAME":"North American:Pacific","LABEL":"Divergent Boundary"}},{"type":"Feature","id":279,"geometry":{"type":"LineString","coordinates":[[143.5220031740073,24.391000747686405],[143.33406392211236,24.672037192762275],[143.2150617187234,24.927891930768055],[143.15556061702887,25.618104711862998],[143.23100280723384,26.32900047279361],[143.25999450654126,26.736999511718125],[143.2750328528839,27.465895027133854],[143.27267900962863,27.97227339939792],[143.12366057587496,28.480416947484173],[142.82423874342328,28.97914024282801],[142.58097467594064,29.56821914359864],[142.4730072017211,30.128000259004807],[142.31064497098873,30.485294841983432],[142.2047318468973,30.890030279873542],[142.1589965823265,31.31500053394751],[142.09899902338634,31.982999801499716],[142.02503968213568,32.555933186167636],[142.03098979194544,33.00219144977564],[142.0131394616169,33.26994640830014],[141.91793769836613,33.54365147663441],[141.87033681719038,33.81735654496862],[141.88299560506323,34.213001251606556]]},"properties":{"OBJECTID":279,"NAME":"Pacific:Philippine","LABEL":"Convergent Boundary"}},{"type":"Feature","id":280,"geometry":{"type":"LineString","coordinates":[[-46.47600173918886,23.916999817187843],[-46.19599914574394,24.597000121958104]]},"properties":{"OBJECTID":280,"NAME":"North American:African","LABEL":"Divergent Boundary"}},{"type":"Feature","id":281,"geometry":{"type":"LineString","coordinates":[[-44.92399978666077,23.645999908668898],[-45.69900131216076,23.78400039640121],[-46.47600173918886,23.916999817187843]]},"properties":{"OBJECTID":281,"NAME":"North American:African","LABEL":"Transform Boundary"}},{"type":"Feature","id":282,"geometry":{"type":"LineString","coordinates":[[-109.27600097696347,24.39599990806937],[-109.00199890122826,24.152000427177995],[-108.80599975608385,23.98399925206388],[-108.61000061004006,23.813999176320976],[-108.43900299099522,23.673999786161232],[-108.35700225824758,23.614000320658306]]},"properties":{"OBJECTID":282,"NAME":"North American:Pacific","LABEL":"Transform Boundary"}},{"type":"Feature","id":283,"geometry":{"type":"LineString","coordinates":[[125.55000305149974,23.37999916053286],[125.95400238080526,23.49799919090998],[126.42600250231374,23.760999679291842],[126.90100097611423,24.100999832576235],[127.3846935981311,24.539837382589212],[127.90699768049865,24.968999862353826],[128.3023900643501,25.218428407445117],[128.7304488871065,25.496935825827734],[129.02452590025018,25.788109490160878],[129.3600006101401,26.190999985061296],[129.83601025197163,26.61030903293556],[130.00742637412793,26.840623035624617],[130.21500786452134,27.092891306988292],[130.4104954213267,27.387226191735408],[130.5229949948232,27.70899963402593],[130.70544200334587,28.0901247403645],[130.90777224799092,28.254591640991464],[131.24407970671314,28.452856972471352],[131.42346122225763,28.637298294180994],[131.59136656831254,28.821243019250005],[131.79672759480275,29.0052652631814],[131.9526919684596,29.284547449305364],[132.05987274992754,29.605784509847297],[132.23060434051797,29.831149507343923],[132.34013895085195,30.066511307550854],[132.4380415679641,30.269636464751102],[132.6300048831189,30.493000030926737],[132.8240051267353,30.753999710318453]]},"properties":{"OBJECTID":283,"NAME":"Eurasian:Philippine","LABEL":"Convergent Boundary"}},{"type":"Feature","id":284,"geometry":{"type":"LineString","coordinates":[[123.97279503106586,23.29891871392755],[124.48425417988653,23.264743430265128],[125.01280516632539,23.294695396875113],[125.55000305149974,23.37999916053286]]},"properties":{"OBJECTID":284,"NAME":"Eurasian:Philippine","LABEL":"Convergent Boundary"}},{"type":"Feature","id":285,"geometry":{"type":"LineString","coordinates":[[-108.35700225824758,23.614000320658306],[-108.65100097641391,23.24099922203652]]},"properties":{"OBJECTID":285,"NAME":"North American:Pacific","LABEL":"Divergent Boundary"}},{"type":"Feature","id":286,"geometry":{"type":"LineString","coordinates":[[-108.65100097641391,23.24099922203652],[-108.38800048803205,23.082000732747645],[-108.01000213648939,22.98600006125389]]},"properties":{"OBJECTID":286,"NAME":"North American:Pacific","LABEL":"Transform Boundary"}},{"type":"Feature","id":287,"geometry":{"type":"LineString","coordinates":[[-45.02399826031143,22.962999344144464],[-44.92399978666077,23.645999908668898]]},"properties":{"OBJECTID":287,"NAME":"North American:African","LABEL":"Divergent Boundary"}},{"type":"Feature","id":288,"geometry":{"type":"LineString","coordinates":[[-45.06600189237338,22.97299957237243],[-45.02399826031143,22.962999344144464]]},"properties":{"OBJECTID":288,"NAME":"North American:African","LABEL":"Transform Boundary"}},{"type":"Feature","id":289,"geometry":{"type":"LineString","coordinates":[[62.13199996942308,22.083000182812214],[62.50199890172797,22.385000228577724],[62.87699890097855,22.683000564724352],[63.631000518359315,23.20100021388879],[64.27500152550004,23.694000244415804],[64.65100097641397,24.038000106419815],[65.02799987809198,24.381999969323203]]},"properties":{"OBJECTID":289,"NAME":"Indian:Arabian","LABEL":"Transform Boundary"}},{"type":"Feature","id":290,"geometry":{"type":"LineString","coordinates":[[-108.67600250251343,21.95999908459015],[-108.58899688699671,22.101999282840666],[-108.51599884007436,22.20100021318933],[-108.52700042742777,22.27700042732789],[-108.40699768059847,22.44000053369774],[-108.2730026248712,22.61300087009414],[-108.2320022584974,22.711999892980714],[-108.01000213648939,22.98600006125389]]},"properties":{"OBJECTID":290,"NAME":"Pacific:Cocos","LABEL":"Divergent Boundary"}},{"type":"Feature","id":291,"geometry":{"type":"LineString","coordinates":[[-108.58200073254773,21.905000686932226],[-108.67600250251343,21.95999908459015]]},"properties":{"OBJECTID":291,"NAME":"Pacific:Cocos","LABEL":"Transform Boundary"}},{"type":"Feature","id":292,"geometry":{"type":"LineString","coordinates":[[-45.248001098771624,21.80599975568424],[-45.15700149512287,22.38999938986001],[-45.06600189237338,22.97299957237243]]},"properties":{"OBJECTID":292,"NAME":"North American:African","LABEL":"Divergent Boundary"}},{"type":"Feature","id":293,"geometry":{"type":"LineString","coordinates":[[-45.38499832171516,21.822000503420554],[-45.248001098771624,21.80599975568424]]},"properties":{"OBJECTID":293,"NAME":"North American:African","LABEL":"Transform Boundary"}},{"type":"Feature","id":294,"geometry":{"type":"LineString","coordinates":[[121.33499908474005,24.96299934374474],[120.98100280763356,24.653999328606176],[120.54599761959457,23.979000091680916],[120.3600006101401,23.197999954134616],[120.39399719221672,22.580999374621513],[120.42500305184944,22.042999267202447],[120.4520034785777,21.631999969423077]]},"properties":{"OBJECTID":294,"NAME":"Philippine:Sunda","LABEL":"Other"}},{"type":"Feature","id":295,"geometry":{"type":"LineString","coordinates":[[62.096000671793604,21.424999236925316],[62.13199996942308,22.083000182812214]]},"properties":{"OBJECTID":295,"NAME":"Indian:Arabian","LABEL":"Other"}},{"type":"Feature","id":296,"geometry":{"type":"LineString","coordinates":[[-108.58200073254773,21.905000686932226],[-108.66899871821624,21.77400016767365],[-108.78399658227642,21.64299964931439],[-108.8679962156528,21.535999297929322],[-108.93599700965422,21.45100021378886],[-108.97699737512875,21.347000122157965]]},"properties":{"OBJECTID":296,"NAME":"Pacific:Cocos","LABEL":"Divergent Boundary"}},{"type":"Feature","id":297,"geometry":{"type":"LineString","coordinates":[[-108.97699737512875,21.347000122157965],[-108.80899810747667,21.2530002596543]]},"properties":{"OBJECTID":297,"NAME":"Pacific:Cocos","LABEL":"Transform Boundary"}},{"type":"Feature","id":298,"geometry":{"type":"LineString","coordinates":[[-45.51499938931033,21.246999741045272],[-45.38499832171516,21.822000503420554]]},"properties":{"OBJECTID":298,"NAME":"North American:African","LABEL":"Divergent Boundary"}},{"type":"Feature","id":299,"geometry":{"type":"LineString","coordinates":[[-45.41899871781652,21.222000122407792],[-45.51499938931033,21.246999741045272]]},"properties":{"OBJECTID":299,"NAME":"North American:African","LABEL":"Transform Boundary"}},{"type":"Feature","id":300,"geometry":{"type":"LineString","coordinates":[[-45.556999206448154,20.596000671094146],[-45.41899871781652,21.222000122407792]]},"properties":{"OBJECTID":300,"NAME":"North American:African","LABEL":"Divergent Boundary"}},{"type":"Feature","id":301,"geometry":{"type":"LineString","coordinates":[[-45.77399826061122,20.61800003087677],[-45.556999206448154,20.596000671094146]]},"properties":{"OBJECTID":301,"NAME":"North American:African","LABEL":"Transform Boundary"}},{"type":"Feature","id":302,"geometry":{"type":"LineString","coordinates":[[-108.80899810747667,21.2530002596543],[-108.91500091555974,21.06800079350188],[-109.01300048858167,20.948999404898643],[-109.11100006070421,20.82399940514847],[-109.19400024421589,20.739000320108744],[-109.26100158655396,20.642999648614932],[-109.28500366188945,20.558000564474526]]},"properties":{"OBJECTID":302,"NAME":"Pacific:Cocos","LABEL":"Divergent Boundary"}},{"type":"Feature","id":303,"geometry":{"type":"LineString","coordinates":[[-109.28500366188945,20.558000564474526],[-109.18699645991865,20.499999999600334]]},"properties":{"OBJECTID":303,"NAME":"Pacific:Cocos","LABEL":"Transform Boundary"}},{"type":"Feature","id":304,"geometry":{"type":"LineString","coordinates":[[-71.2770004272279,20.201000213589055],[-71.8040008547556,20.26700019860033],[-72.332000732148,20.330999374621513],[-73.23899841274653,20.29100036647378]]},"properties":{"OBJECTID":304,"NAME":"North American:Caribbean","LABEL":"Transform Boundary"}},{"type":"Feature","id":305,"geometry":{"type":"LineString","coordinates":[[-109.18699645991865,20.499999999600334],[-109.21499633831036,20.396999358733467],[-109.31900024396606,20.24200057996285],[-109.37799835214219,20.176000594951518],[-109.37300109832199,20.142000197950836],[-109.44999694830051,20.02700042732789]]},"properties":{"OBJECTID":305,"NAME":"Pacific:Cocos","LABEL":"Divergent Boundary"}},{"type":"Feature","id":306,"geometry":{"type":"LineString","coordinates":[[-70.62699890147809,20.00200080869041],[-71.2770004272279,20.201000213589055]]},"properties":{"OBJECTID":306,"NAME":"North American:Caribbean","LABEL":"Other"}},{"type":"Feature","id":307,"geometry":{"type":"LineString","coordinates":[[-73.23899841274653,20.29100036647378],[-73.99400329581539,20.16600036582429],[-74.74900054903605,20.037000656455177],[-75.23899841324612,19.9899997714723],[-75.72899627655687,19.94199943572545],[-76.35600280758348,19.84499931346761]]},"properties":{"OBJECTID":307,"NAME":"North American:Caribbean","LABEL":"Transform Boundary"}},{"type":"Feature","id":308,"geometry":{"type":"LineString","coordinates":[[60.970001220579945,19.81299972545702],[61.229999542644805,20.229999541845416],[61.49200058026264,20.64399909937896],[61.84799957292199,21.12599945091398],[62.096000671793604,21.424999236925316]]},"properties":{"OBJECTID":308,"NAME":"Indian:Arabian","LABEL":"Transform Boundary"}},{"type":"Feature","id":309,"geometry":{"type":"LineString","coordinates":[[-69.9779968264923,19.802000045565705],[-70.62699890147809,20.00200080869041]]},"properties":{"OBJECTID":309,"NAME":"North American:Caribbean","LABEL":"Other"}},{"type":"Feature","id":310,"geometry":{"type":"LineString","coordinates":[[-45.93999862673519,19.802000045565705],[-45.77399826061122,20.61800003087677]]},"properties":{"OBJECTID":310,"NAME":"North American:African","LABEL":"Divergent Boundary"}},{"type":"Feature","id":311,"geometry":{"type":"LineString","coordinates":[[-46.000999450464235,19.822999954584304],[-45.93999862673519,19.802000045565705]]},"properties":{"OBJECTID":311,"NAME":"North American:African","LABEL":"Transform Boundary"}},{"type":"Feature","id":312,"geometry":{"type":"LineString","coordinates":[[-69.41500091535994,19.695999145843928],[-69.9779968264923,19.802000045565705]]},"properties":{"OBJECTID":312,"NAME":"North American:Caribbean","LABEL":"Other"}},{"type":"Feature","id":313,"geometry":{"type":"LineString","coordinates":[[-109.44999694830051,20.02700042732789],[-109.16000366213927,19.805999756083907],[-108.90299987834169,19.62499999955037]]},"properties":{"OBJECTID":313,"NAME":"Pacific:Cocos","LABEL":"Transform Boundary"}},{"type":"Feature","id":314,"geometry":{"type":"LineString","coordinates":[[-63.360000610539714,19.6909999845617],[-63.759998321865,19.724000930798354],[-64.34400177006557,19.77899932845628],[-65.12899780230669,19.833000182812214],[-65.6940002439161,19.829000473193332],[-66.2590026855255,19.82500076267513],[-67.04000091560971,19.7539997098188],[-67.53099822968449,19.72100067104418],[-68.02200317360752,19.68700027494276],[-68.85299682604267,19.589000701920895],[-69.41500091535994,19.695999145843928]]},"properties":{"OBJECTID":314,"NAME":"North American:Caribbean","LABEL":"Other"}},{"type":"Feature","id":315,"geometry":{"type":"LineString","coordinates":[[-108.90299987834169,19.62499999955037],[-108.89600372299338,19.549999237075156]]},"properties":{"OBJECTID":315,"NAME":"Pacific:Cocos","LABEL":"Divergent Boundary"}},{"type":"Feature","id":316,"geometry":{"type":"LineString","coordinates":[[-108.89600372299338,19.549999237075156],[-108.53399658187669,19.384000778413224],[-108.19799804657254,19.222999572672165]]},"properties":{"OBJECTID":316,"NAME":"Pacific:Cocos","LABEL":"Transform Boundary"}},{"type":"Feature","id":317,"geometry":{"type":"LineString","coordinates":[[-108.19799804657254,19.222999572672165],[-108.23300170926143,19.10700035128525]]},"properties":{"OBJECTID":317,"NAME":"Pacific:Cocos","LABEL":"Divergent Boundary"}},{"type":"Feature","id":318,"geometry":{"type":"LineString","coordinates":[[-61.376779436821494,19.04218750375037],[-61.79285092712854,19.209501563546382],[-62.847000121758185,19.57399940494861],[-63.360000610539714,19.6909999845617]]},"properties":{"OBJECTID":318,"NAME":"North American:Caribbean","LABEL":"Other"}},{"type":"Feature","id":319,"geometry":{"type":"LineString","coordinates":[[-46.18399810762651,18.931999206798025],[-46.09299850487707,19.37700080904017],[-46.000999450464235,19.822999954584304]]},"properties":{"OBJECTID":319,"NAME":"North American:African","LABEL":"Divergent Boundary"}},{"type":"Feature","id":320,"geometry":{"type":"LineString","coordinates":[[-46.223999023236274,18.93499946565288],[-46.18399810762651,18.931999206798025]]},"properties":{"OBJECTID":320,"NAME":"North American:African","LABEL":"Transform Boundary"}},{"type":"Feature","id":321,"geometry":{"type":"LineString","coordinates":[[-76.35600280758348,19.84499931346761],[-76.98300170876183,19.746999740445688],[-77.67299652117248,19.62299919145954],[-78.36100006100395,19.49699974094534],[-79.01100158675376,19.381999969423077],[-79.66000366173955,19.263999939046016],[-80.20999908488983,19.159999847415065],[-80.75800323456161,19.05400085425606],[-81.25599670398464,18.95999908429036],[-81.75399780235665,18.864999771022667]]},"properties":{"OBJECTID":321,"NAME":"North American:Caribbean","LABEL":"Transform Boundary"}},{"type":"Feature","id":322,"geometry":{"type":"LineString","coordinates":[[-106.8899993898599,21.79899978631113],[-106.86199951146824,21.715999603698776],[-106.80799865711231,21.639999389560217],[-106.75700378399739,21.48299980179945],[-106.62400054918595,21.311000823629172],[-106.55100250226366,21.23600006115396],[-106.52500152629938,21.184000014888852],[-106.4420013427877,21.121000289631695],[-106.38099670413453,20.840000152884784],[-106.38700103766774,20.638000488232024],[-106.38500213613963,20.42799949687935],[-106.35199737587817,20.20299911511711],[-106.27100372284349,19.916000366323885],[-106.12100219699374,19.64399909957882],[-105.94899749733662,19.40200042767765],[-105.73899841344598,19.163999557933323],[-105.54599761969433,18.981000899871674],[-105.24700164770786,18.7619991301558]]},"properties":{"OBJECTID":322,"NAME":"North American:Cocos","LABEL":"Convergent Boundary"}},{"type":"Feature","id":323,"geometry":{"type":"LineString","coordinates":[[-108.23300170926143,19.10700035128525],[-107.81600189197371,18.936000823878942],[-107.5230026245714,18.863000869494556],[-107.27200317340771,18.756000519008808],[-107.00199890162799,18.646999359532856],[-106.75599670428443,18.590000152884784],[-106.52700042692811,18.544000625228705],[-106.24400329611518,18.520000457355252]]},"properties":{"OBJECTID":323,"NAME":"Pacific:Cocos","LABEL":"Transform Boundary"}},{"type":"Feature","id":324,"geometry":{"type":"LineString","coordinates":[[-46.318000793201975,18.420999527006643],[-46.223999023236274,18.93499946565288]]},"properties":{"OBJECTID":324,"NAME":"North American:African","LABEL":"Divergent Boundary"}},{"type":"Feature","id":325,"geometry":{"type":"LineString","coordinates":[[-46.390998840124325,18.422000885232706],[-46.318000793201975,18.420999527006643]]},"properties":{"OBJECTID":325,"NAME":"North American:African","LABEL":"Transform Boundary"}},{"type":"Feature","id":326,"geometry":{"type":"LineString","coordinates":[[-106.24400329611518,18.520000457355252],[-106.28099822958461,18.28100013774622],[-106.31099700950438,18.120000839467195],[-106.31800079380156,18.0160007478363],[-106.30799865721224,17.92900085470575]]},"properties":{"OBJECTID":326,"NAME":"Pacific:Cocos","LABEL":"Divergent Boundary"}},{"type":"Feature","id":327,"geometry":{"type":"LineString","coordinates":[[-106.30799865721224,17.92900085470575],[-105.5859985353041,17.881000518958842]]},"properties":{"OBJECTID":327,"NAME":"Pacific:Cocos","LABEL":"Transform Boundary"}},{"type":"Feature","id":328,"geometry":{"type":"LineString","coordinates":[[-81.75399780235665,18.864999771022667],[-81.68900299049557,18.333000183112006],[-81.62499999955031,17.80200004596537]]},"properties":{"OBJECTID":328,"NAME":"North American:Caribbean","LABEL":"Divergent Boundary"}},{"type":"Feature","id":329,"geometry":{"type":"LineString","coordinates":[[-46.52000045785479,17.5879993440945],[-46.390998840124325,18.422000885232706]]},"properties":{"OBJECTID":329,"NAME":"North American:African","LABEL":"Divergent Boundary"}},{"type":"Feature","id":330,"geometry":{"type":"LineString","coordinates":[[-46.40700149532273,17.565999984311873],[-46.52000045785479,17.5879993440945]]},"properties":{"OBJECTID":330,"NAME":"North American:African","LABEL":"Transform Boundary"}},{"type":"Feature","id":331,"geometry":{"type":"LineString","coordinates":[[-46.58900070172098,16.607000350885528],[-46.498001098971486,17.086999893430402],[-46.40700149532273,17.565999984311873]]},"properties":{"OBJECTID":331,"NAME":"North American:African","LABEL":"Divergent Boundary"}},{"type":"Feature","id":332,"geometry":{"type":"LineString","coordinates":[[-46.52899932875596,16.586999893530333],[-46.58900070172098,16.607000350885528]]},"properties":{"OBJECTID":332,"NAME":"North American:African","LABEL":"Transform Boundary"}},{"type":"Feature","id":333,"geometry":{"type":"LineString","coordinates":[[-81.62499999955031,17.80200004596537],[-82.24400329551565,17.690999984961365],[-82.86499786406011,17.62599945071412],[-83.70600128203353,17.481000900171466],[-84.24800109907142,17.34399986230386],[-84.91000366203934,17.107000350785597],[-85.67099761984423,16.910999298179092],[-86.31999969483002,16.69400024401608],[-86.96600341752367,16.475999832526327]]},"properties":{"OBJECTID":333,"NAME":"North American:Caribbean","LABEL":"Transform Boundary"}},{"type":"Feature","id":334,"geometry":{"type":"LineString","coordinates":[[34.25699996937311,27.88500022927724],[34.5470008853826,27.26199913025573],[34.8749999996503,26.808000564574456],[35.200000762525235,26.353000640667062],[35.54600143441871,25.919000625778324],[35.88899993909598,25.48399925266341],[36.066001891674034,25.05500030561967],[36.24200057946325,24.62599945111384],[36.40700149572251,24.132999420586827],[36.6967540702442,23.61995851717188],[37.041999817038004,23.225999832526327],[37.380961494377516,22.904624428374746],[37.651043372253866,22.553875045596953],[37.813092499519314,22.135138119428746],[37.867108874375106,21.59731454533005],[37.97499847450007,21.020999908519002],[38.2092125868914,20.37985400785624],[38.479294464767804,19.937781402190012],[38.929430928794375,19.511527351506118],[39.415578308791964,19.084133214076644],[39.811698397063424,18.50108532612694],[40.20781848443556,17.933257291091138],[40.67596040644764,17.190593061620575],[41.12609686957495,16.635941975042158],[41.48620604097607,16.027429052209015],[41.82830975259304,15.574166896385236],[42.09839163046945,15.049913683669615],[42.26825911376716,14.525142196155457],[42.29812987249568,14.073651954773936],[42.50722518089742,13.679680254240395],[43.044898830816464,13.124072590277876],[43.25399413921821,12.655201452984727],[43.67218475602175,12.08258585275496]]},"properties":{"OBJECTID":334,"NAME":"African:Arabian","LABEL":"Divergent Boundary"}},{"type":"Feature","id":335,"geometry":{"type":"LineString","coordinates":[[60.970001220579945,19.81299972545702],[60.7120018009424,19.305999756183837],[60.45600128193365,18.79800033524731],[60.21500015243515,18.239999771372425],[60.06200027429327,17.45800018306204],[60.02000045805477,16.712999344044533],[59.96400070217072,16.142000198750225],[59.90900039705076,15.571999550039266]]},"properties":{"OBJECTID":335,"NAME":"Indian:Arabian","LABEL":"Other"}},{"type":"Feature","id":336,"geometry":{"type":"LineString","coordinates":[[-46.76599884027422,15.451000213189332],[-46.6479988098971,16.018999099628786],[-46.52899932875596,16.586999893530333]]},"properties":{"OBJECTID":336,"NAME":"North American:African","LABEL":"Divergent Boundary"}},{"type":"Feature","id":337,"geometry":{"type":"LineString","coordinates":[[-46.76599884027422,15.451000213189332],[-45.9469985961083,15.359999656259163],[-45.13000106839456,15.26700019870026]]},"properties":{"OBJECTID":337,"NAME":"African:South American","LABEL":"Transform Boundary"}},{"type":"Feature","id":338,"geometry":{"type":"LineString","coordinates":[[-105.31999969463016,15.107999801949347],[-104.69000244115972,15.274000168073371]]},"properties":{"OBJECTID":338,"NAME":"Pacific:Cocos","LABEL":"Transform Boundary"}},{"type":"Feature","id":339,"geometry":{"type":"LineString","coordinates":[[-105.5859985353041,17.881000518958842],[-105.39900207508566,17.76799964896469],[-105.3669967646889,17.031000137546357],[-105.39800262432163,16.260000229127343],[-105.35700225794778,15.557999611293098],[-105.31999969463016,15.107999801949347]]},"properties":{"OBJECTID":339,"NAME":"Pacific:Cocos","LABEL":"Divergent Boundary"}},{"type":"Feature","id":340,"geometry":{"type":"LineString","coordinates":[[59.90900039705076,15.571999550039266],[59.641998290688605,15.241999625882102],[59.4099998470154,14.895000457405217]]},"properties":{"OBJECTID":340,"NAME":"Indian:Arabian","LABEL":"Transform Boundary"}},{"type":"Feature","id":341,"geometry":{"type":"LineString","coordinates":[[59.4099998470154,14.895000457405217],[59.034000397000796,15.08800029787551]]},"properties":{"OBJECTID":341,"NAME":"Indian:Arabian","LABEL":"Divergent Boundary"}},{"type":"Feature","id":342,"geometry":{"type":"LineString","coordinates":[[55.108001708611994,14.85099983217657],[55.047000884883005,14.711999892780852]]},"properties":{"OBJECTID":342,"NAME":"African:Arabian","LABEL":"Transform Boundary"}},{"type":"Feature","id":343,"geometry":{"type":"LineString","coordinates":[[55.047000884883005,14.711999892780852],[54.958000182762305,14.727000236471781],[54.730998992909235,14.800999641620194],[54.54899978651099,14.86999988548638]]},"properties":{"OBJECTID":343,"NAME":"African:Arabian","LABEL":"Divergent Boundary"}},{"type":"Feature","id":344,"geometry":{"type":"LineString","coordinates":[[59.034000397000796,15.08800029787551],[58.58900070222069,14.645999908668898]]},"properties":{"OBJECTID":344,"NAME":"Indian:Arabian","LABEL":"Transform Boundary"}},{"type":"Feature","id":345,"geometry":{"type":"LineString","coordinates":[[58.58900070222069,14.645999908668898],[58.213001251306764,14.916000366423816]]},"properties":{"OBJECTID":345,"NAME":"Indian:Arabian","LABEL":"Divergent Boundary"}},{"type":"Feature","id":346,"geometry":{"type":"LineString","coordinates":[[54.54899978651099,14.86999988548638],[54.511001587353405,14.760000228527758],[54.451000213489124,14.621000290031418]]},"properties":{"OBJECTID":346,"NAME":"African:Arabian","LABEL":"Transform Boundary"}},{"type":"Feature","id":347,"geometry":{"type":"LineString","coordinates":[[54.451000213489124,14.621000290031418],[54.38700103746794,14.640000343341228],[54.33200073234798,14.670999527306378],[54.28699874889321,14.680999755534344],[54.24900054973563,14.69099998466163],[54.19300079385158,14.71000003797144],[54.14899826026158,14.732999801799451],[54.069000243966116,14.772000312464513]]},"properties":{"OBJECTID":347,"NAME":"African:Arabian","LABEL":"Divergent Boundary"}},{"type":"Feature","id":348,"geometry":{"type":"LineString","coordinates":[[56.26499938961018,14.623000144840887],[56.20800018296211,14.642999648914724],[56.17900085470575,14.621000290031418],[56.05699920634834,14.640999794105255],[55.821998596358185,14.692000388707015],[55.667999267452274,14.722000121908138],[55.63100051905877,14.680999755534344],[55.479999542445,14.72900009128125],[55.27799987779218,14.788000106919469],[55.108001708611994,14.85099983217657]]},"properties":{"OBJECTID":348,"NAME":"African:Arabian","LABEL":"Divergent Boundary"}},{"type":"Feature","id":349,"geometry":{"type":"LineString","coordinates":[[58.213001251306764,14.916000366423816],[57.98400115992564,14.598999976967434]]},"properties":{"OBJECTID":349,"NAME":"Indian:Arabian","LABEL":"Transform Boundary"}},{"type":"Feature","id":350,"geometry":{"type":"LineString","coordinates":[[57.98400115992564,14.598999976967434],[57.47600173988843,14.661999702224534],[57.00099945026449,14.659999847415065],[56.26499938961018,14.623000144840887]]},"properties":{"OBJECTID":350,"NAME":"Indian:Arabian","LABEL":"Divergent Boundary"}},{"type":"Feature","id":351,"geometry":{"type":"LineString","coordinates":[[52.736999511917986,14.680999755534344],[52.666999817287774,14.560999870347814]]},"properties":{"OBJECTID":351,"NAME":"African:Arabian","LABEL":"Transform Boundary"}},{"type":"Feature","id":352,"geometry":{"type":"LineString","coordinates":[[52.666999817287774,14.560999870347814],[52.5470008853826,14.597000122157965],[52.29899978651099,14.663000107169239],[52.13899993899605,14.689000129852161]]},"properties":{"OBJECTID":352,"NAME":"African:Arabian","LABEL":"Divergent Boundary"}},{"type":"Feature","id":353,"geometry":{"type":"LineString","coordinates":[[53.22000122077975,14.562000274393199],[53.210998534954456,14.538000106519746]]},"properties":{"OBJECTID":353,"NAME":"African:Arabian","LABEL":"Transform Boundary"}},{"type":"Feature","id":354,"geometry":{"type":"LineString","coordinates":[[53.210998534954456,14.538000106519746],[53.122001647757884,14.559000015538345],[52.907001495122984,14.621999740795445],[52.736999511917986,14.680999755534344]]},"properties":{"OBJECTID":354,"NAME":"African:Arabian","LABEL":"Divergent Boundary"}},{"type":"Feature","id":355,"geometry":{"type":"LineString","coordinates":[[54.069000243966116,14.772000312464513],[54.01800155682645,14.656999587660891],[53.92900085470575,14.489000320008813],[53.861999511468355,14.3509998322765]]},"properties":{"OBJECTID":355,"NAME":"African:Arabian","LABEL":"Transform Boundary"}},{"type":"Feature","id":356,"geometry":{"type":"LineString","coordinates":[[53.861999511468355,14.3509998322765],[53.81800079370174,14.361000061403786],[53.5789985657313,14.440999985161227],[53.35800170941144,14.512000083836824],[53.22000122077975,14.562000274393199]]},"properties":{"OBJECTID":356,"NAME":"African:Arabian","LABEL":"Divergent Boundary"}},{"type":"Feature","id":357,"geometry":{"type":"LineString","coordinates":[[56.81900024386624,14.302000045765567],[56.26499938961018,14.623000144840887]]},"properties":{"OBJECTID":357,"NAME":"African:Indian","LABEL":"Divergent Boundary"}},{"type":"Feature","id":358,"geometry":{"type":"LineString","coordinates":[[56.76200103721817,14.208000183261902],[56.81900024386624,14.302000045765567]]},"properties":{"OBJECTID":358,"NAME":"African:Indian","LABEL":"Other"}},{"type":"Feature","id":359,"geometry":{"type":"LineString","coordinates":[[57.03699874879328,14.0679998398208],[56.90299987814194,14.140999794205186],[56.76200103721817,14.208000183261902]]},"properties":{"OBJECTID":359,"NAME":"African:Indian","LABEL":"Divergent Boundary"}},{"type":"Feature","id":360,"geometry":{"type":"LineString","coordinates":[[56.96900176971593,13.937000274742957],[57.03699874879328,14.0679998398208]]},"properties":{"OBJECTID":360,"NAME":"African:Indian","LABEL":"Other"}},{"type":"Feature","id":361,"geometry":{"type":"LineString","coordinates":[[57.29899978641106,13.772000312664375],[57.13999938966015,13.8479995726222],[56.96900176971593,13.937000274742957]]},"properties":{"OBJECTID":361,"NAME":"African:Indian","LABEL":"Divergent Boundary"}},{"type":"Feature","id":362,"geometry":{"type":"LineString","coordinates":[[57.30099868793917,13.739999771372425],[57.29899978641106,13.772000312664375]]},"properties":{"OBJECTID":362,"NAME":"African:Indian","LABEL":"Transform Boundary"}},{"type":"Feature","id":363,"geometry":{"type":"LineString","coordinates":[[57.810001373664534,13.451000213589055],[57.68899917607115,13.522999763927999],[57.47800064051722,13.642999649114586],[57.30099868793917,13.739999771372425]]},"properties":{"OBJECTID":363,"NAME":"African:Indian","LABEL":"Divergent Boundary"}},{"type":"Feature","id":364,"geometry":{"type":"LineString","coordinates":[[50.66099929817915,13.362000465649032],[50.573001861746604,13.218000411689673]]},"properties":{"OBJECTID":364,"NAME":"African:Arabian","LABEL":"Transform Boundary"}},{"type":"Feature","id":365,"geometry":{"type":"LineString","coordinates":[[50.573001861746604,13.218000411689673],[50.42900085450589,13.272999763528333],[50.31000137336474,13.312999724957365]]},"properties":{"OBJECTID":365,"NAME":"African:Arabian","LABEL":"Divergent Boundary"}},{"type":"Feature","id":366,"geometry":{"type":"LineString","coordinates":[[57.63899993879619,13.137999534650874],[57.73300170876189,13.309000015338484],[57.810001373664534,13.451000213589055]]},"properties":{"OBJECTID":366,"NAME":"African:Indian","LABEL":"Other"}},{"type":"Feature","id":367,"geometry":{"type":"LineString","coordinates":[[50.31000137336474,13.312999724957365],[50.251998901028514,13.229000091580986],[50.16699981688811,13.123000145140622]]},"properties":{"OBJECTID":367,"NAME":"African:Arabian","LABEL":"Transform Boundary"}},{"type":"Feature","id":368,"geometry":{"type":"LineString","coordinates":[[50.16699981688811,13.123000145140622],[50.0610008237291,13.166999817087913],[49.848999023386284,13.251000404645026],[49.68000030497018,13.312999724957365]]},"properties":{"OBJECTID":368,"NAME":"African:Arabian","LABEL":"Divergent Boundary"}},{"type":"Feature","id":369,"geometry":{"type":"LineString","coordinates":[[52.13899993899605,14.689000129852161],[51.93999862663537,14.352999687085912],[51.76300048808213,14.027999877492391],[51.5699996952298,13.666999816988039],[51.4490013125606,13.45800018296211],[51.342998504477464,13.272000312764249],[51.252998352492,13.121999740195918]]},"properties":{"OBJECTID":369,"NAME":"African:Arabian","LABEL":"Transform Boundary"}},{"type":"Feature","id":370,"geometry":{"type":"LineString","coordinates":[[51.252998352492,13.121999740195918],[51.078998565331574,13.192000389006807],[50.84199905381331,13.27900028213736],[50.66099929817915,13.362000465649032]]},"properties":{"OBJECTID":370,"NAME":"African:Arabian","LABEL":"Divergent Boundary"}},{"type":"Feature","id":371,"geometry":{"type":"LineString","coordinates":[[49.68000030497018,13.312999724957365],[49.59299850437753,13.168999671897382],[49.47200012170828,13.008000373618415]]},"properties":{"OBJECTID":371,"NAME":"African:Arabian","LABEL":"Transform Boundary"}},{"type":"Feature","id":372,"geometry":{"type":"LineString","coordinates":[[49.47200012170828,13.008000373618415],[49.430000305469775,13.04199981733774]]},"properties":{"OBJECTID":372,"NAME":"African:Arabian","LABEL":"Divergent Boundary"}},{"type":"Feature","id":373,"geometry":{"type":"LineString","coordinates":[[49.430000305469775,13.04199981733774],[49.348999023486215,12.89700031261441],[49.277999878091975,12.802000046065302]]},"properties":{"OBJECTID":373,"NAME":"African:Arabian","LABEL":"Transform Boundary"}},{"type":"Feature","id":374,"geometry":{"type":"LineString","coordinates":[[49.277999878091975,12.802000046065302],[49.06999969483013,12.852999687385704],[48.8819999698228,12.907999992505722]]},"properties":{"OBJECTID":374,"NAME":"African:Arabian","LABEL":"Divergent Boundary"}},{"type":"Feature","id":375,"geometry":{"type":"LineString","coordinates":[[48.8819999698228,12.907999992505722],[48.8030014033921,12.770000458054767]]},"properties":{"OBJECTID":375,"NAME":"African:Arabian","LABEL":"Transform Boundary"}},{"type":"Feature","id":376,"geometry":{"type":"LineString","coordinates":[[58.238998413246236,12.744999885236552],[57.86800003017731,13.00199985500933],[57.63899993879619,13.137999534650874]]},"properties":{"OBJECTID":376,"NAME":"African:Indian","LABEL":"Divergent Boundary"}},{"type":"Feature","id":377,"geometry":{"type":"LineString","coordinates":[[-45.13000106839456,15.26700019870026],[-45.13600158700359,14.647000312714283],[-45.14199829068855,14.026000022682922],[-45.06100082362906,13.99199962658156],[-45.048999786410945,13.33600044206679],[-45.03699874919289,12.680000305169983]]},"properties":{"OBJECTID":377,"NAME":"African:South American","LABEL":"Divergent Boundary"}},{"type":"Feature","id":378,"geometry":{"type":"LineString","coordinates":[[48.8030014033921,12.770000458054767],[48.69900131266053,12.657999992106],[48.56700134263792,12.690999985061296],[48.44800186149678,12.729000091680916]]},"properties":{"OBJECTID":378,"NAME":"African:Arabian","LABEL":"Divergent Boundary"}},{"type":"Feature","id":379,"geometry":{"type":"LineString","coordinates":[[-45.03699874919289,12.680000305169983],[-44.26200103771765,12.626000404095407]]},"properties":{"OBJECTID":379,"NAME":"African:South American","LABEL":"Transform Boundary"}},{"type":"Feature","id":380,"geometry":{"type":"LineString","coordinates":[[-105.24700164770786,18.74484965768562],[-105.04299926750218,18.60483592064128],[-104.72499847400036,18.350810444146703],[-104.40599822973451,18.191794091624104],[-104.19100189202368,18.120787864068745],[-103.7919998165383,17.902765874245745],[-103.19999694820058,17.597735802964962],[-102.43199920609845,17.262704591943418],[-101.70300292974139,17.008679013825486],[-100.8669967646889,16.618643502895395],[-100.33599853500436,16.42462559299679],[-99.80599975608385,16.280613510605065],[-99.43499755899012,16.116599301716462],[-99.02799987829172,15.901579206615168],[-98.58799743643249,15.7535665152825],[-98.1660003662239,15.622555605257048],[-97.69100189242334,15.490544297481392],[-97.21700286848755,15.340530954539986],[-96.72355834174402,15.312857011142228],[-96.21949725439475,15.291015947328162],[-95.80544707582186,15.2342184010584],[-95.4660034176236,15.072508789449103],[-95.11699676538836,14.86949192231441],[-94.87300109852185,14.682476370388258],[-94.54199981703789,14.46145884045319],[-94.05500030511996,14.204438488445533],[-93.6631874568356,13.985231530310898],[-93.31214491395656,13.796174543420477],[-92.95660182541388,13.633373265463888],[-92.65056473737269,13.45283910594003],[-92.30402274015728,13.272167044373646],[-92.10599874174852,13.166344484710237],[-91.81346328889964,13.042826310485907],[-91.35440765638822,12.813270012700968],[-90.8980026245215,12.566316499906577]]},"properties":{"OBJECTID":380,"NAME":"North American:Cocos","LABEL":"Convergent Boundary"}},{"type":"Feature","id":381,"geometry":{"type":"LineString","coordinates":[[48.44800186149678,12.729000091680916],[48.34899902368602,12.572999953784915]]},"properties":{"OBJECTID":381,"NAME":"African:Arabian","LABEL":"Transform Boundary"}},{"type":"Feature","id":382,"geometry":{"type":"LineString","coordinates":[[48.34899902368602,12.572999953784915],[48.26800155662659,12.602000236221954],[48.14199829118826,12.640999793605658],[48.04800033524731,12.670999526806781]]},"properties":{"OBJECTID":382,"NAME":"African:Arabian","LABEL":"Divergent Boundary"}},{"type":"Feature","id":383,"geometry":{"type":"LineString","coordinates":[[48.04800033524731,12.670999526806781],[47.99100112949856,12.581000328102732],[47.90100097661383,12.461000442916145]]},"properties":{"OBJECTID":383,"NAME":"African:Arabian","LABEL":"Transform Boundary"}},{"type":"Feature","id":384,"geometry":{"type":"LineString","coordinates":[[47.90100097661383,12.461000442916145],[47.78799819915764,12.491999625981975],[47.648998260661244,12.519000053609659]]},"properties":{"OBJECTID":384,"NAME":"African:Arabian","LABEL":"Divergent Boundary"}},{"type":"Feature","id":385,"geometry":{"type":"LineString","coordinates":[[47.648998260661244,12.519000053609659],[47.58800125095701,12.44099998466163],[47.53900146444607,12.369000435221949]]},"properties":{"OBJECTID":385,"NAME":"African:Arabian","LABEL":"Transform Boundary"}},{"type":"Feature","id":386,"geometry":{"type":"LineString","coordinates":[[47.53900146444607,12.369000435221949],[47.319000243966116,12.430000304770317],[47.16099929797929,12.463000297725614]]},"properties":{"OBJECTID":386,"NAME":"African:Arabian","LABEL":"Divergent Boundary"}},{"type":"Feature","id":387,"geometry":{"type":"LineString","coordinates":[[47.16099929797929,12.463000297725614],[47.130001068194815,12.359000206094663]]},"properties":{"OBJECTID":387,"NAME":"African:Arabian","LABEL":"Transform Boundary"}},{"type":"Feature","id":388,"geometry":{"type":"LineString","coordinates":[[47.130001068194815,12.359000206094663],[47.0489997862112,12.387999534351081],[46.992000579563125,12.40299987804201]]},"properties":{"OBJECTID":388,"NAME":"African:Arabian","LABEL":"Divergent Boundary"}},{"type":"Feature","id":389,"geometry":{"type":"LineString","coordinates":[[46.992000579563125,12.40299987804201],[46.93000030507005,12.300000190456501],[46.84899902308649,12.211000442516479]]},"properties":{"OBJECTID":389,"NAME":"African:Arabian","LABEL":"Transform Boundary"}},{"type":"Feature","id":390,"geometry":{"type":"LineString","coordinates":[[46.84899902308649,12.211000442516479],[46.71699905396321,12.248000145090657],[46.578998565331574,12.291999817037947]]},"properties":{"OBJECTID":390,"NAME":"African:Arabian","LABEL":"Divergent Boundary"}},{"type":"Feature","id":391,"geometry":{"type":"LineString","coordinates":[[-44.26200103771765,12.626000404095407],[-44.27799987799193,12.1009998322765]]},"properties":{"OBJECTID":391,"NAME":"African:South American","LABEL":"Divergent Boundary"}},{"type":"Feature","id":392,"geometry":{"type":"LineString","coordinates":[[46.578998565331574,12.291999817037947],[46.5110015871536,12.20199966415322],[46.429000854405956,12.086999893530333]]},"properties":{"OBJECTID":392,"NAME":"African:Arabian","LABEL":"Transform Boundary"}},{"type":"Feature","id":393,"geometry":{"type":"LineString","coordinates":[[46.429000854405956,12.086999893530333],[46.31100082402884,12.142000198650294],[46.19800186149678,12.171999930952097]]},"properties":{"OBJECTID":393,"NAME":"African:Arabian","LABEL":"Divergent Boundary"}},{"type":"Feature","id":394,"geometry":{"type":"LineString","coordinates":[[-44.27799987799193,12.1009998322765],[-43.88399887125087,12.085000037821544]]},"properties":{"OBJECTID":394,"NAME":"African:South American","LABEL":"Transform Boundary"}},{"type":"Feature","id":395,"geometry":{"type":"LineString","coordinates":[[46.19800186149678,12.171999930952097],[46.15000152574987,12.11200046544917],[46.110000610140105,12.057999611093237]]},"properties":{"OBJECTID":395,"NAME":"African:Arabian","LABEL":"Transform Boundary"}},{"type":"Feature","id":396,"geometry":{"type":"LineString","coordinates":[[46.110000610140105,12.057999611093237],[45.851001739738535,12.100000381512473],[45.6500015258498,12.15200042687826],[45.63700103786766,12.159000397150635]]},"properties":{"OBJECTID":396,"NAME":"African:Arabian","LABEL":"Divergent Boundary"}},{"type":"Feature","id":397,"geometry":{"type":"LineString","coordinates":[[45.327999115267005,12.052000045765567],[45.280998230284126,11.998000144690991]]},"properties":{"OBJECTID":397,"NAME":"African:Arabian","LABEL":"Transform Boundary"}},{"type":"Feature","id":398,"geometry":{"type":"LineString","coordinates":[[45.280998230284126,11.998000144690991],[45.09700012235783,11.998999595455018],[44.91299819950734,12.012000084336478],[44.88199996972287,12.019000053709533],[44.77999877962003,12.022000312564444],[44.51300048818206,12.012999534201185],[44.04899978681078,12.00800037381822],[43.65000152624947,12.012999534201185]]},"properties":{"OBJECTID":398,"NAME":"African:Arabian","LABEL":"Divergent Boundary"}},{"type":"Feature","id":399,"geometry":{"type":"LineString","coordinates":[[45.63700103786766,12.159000397150635],[45.6020011901029,12.07299995388479],[45.52199935888336,11.982999801899382]]},"properties":{"OBJECTID":399,"NAME":"African:Arabian","LABEL":"Transform Boundary"}},{"type":"Feature","id":400,"geometry":{"type":"LineString","coordinates":[[45.52199935888336,11.982999801899382],[45.42800140384179,12.017999648764828],[45.327999115267005,12.052000045765567]]},"properties":{"OBJECTID":400,"NAME":"African:Arabian","LABEL":"Divergent Boundary"}},{"type":"Feature","id":401,"geometry":{"type":"LineString","coordinates":[[-104.69000244115972,15.274000168073371],[-104.56300353988144,14.67199993135182],[-104.43699645951898,14.069999694630269],[-104.18099975543436,13.328000068648294],[-103.92700195287779,12.586999893430402],[-103.77200317410717,11.890000343441159]]},"properties":{"OBJECTID":401,"NAME":"Pacific:Cocos","LABEL":"Divergent Boundary"}},{"type":"Feature","id":402,"geometry":{"type":"LineString","coordinates":[[-103.77200317410717,11.890000343441159],[-103.87500000004991,11.871999740895376]]},"properties":{"OBJECTID":402,"NAME":"Pacific:Cocos","LABEL":"Transform Boundary"}},{"type":"Feature","id":403,"geometry":{"type":"LineString","coordinates":[[143.48876678705767,11.522293686804232],[143.89622748281215,11.67179231626244],[144.22787103042378,11.883570006450668],[144.61900329606533,12.020999908519002],[144.8881768262995,12.143384266970372],[145.2261989603138,12.272007569593711],[145.43127529831645,12.394112398968105],[145.6909942630748,12.647000313114006],[146.22099304199537,13.00199985500933],[146.57687397255586,13.265675969870188],[146.87719676921563,13.600845179161752],[147.20100402831338,14.215999603399041],[147.46200561516707,14.965999603698776],[147.62690189260832,15.476286656204252],[147.70739490744904,15.848023790065895],[147.78700256311788,16.52300071750915],[147.83829733135678,17.27605023433091],[147.81100463845337,18.059999465602914],[147.7549957886248,18.64457557600207],[147.61900329546575,19.172000884633178],[147.46000671363902,19.745000838917633],[147.20700073199828,20.302999496229802],[147.01899719206688,20.805000305120018],[146.82200622600658,21.33099937442165],[146.54499816903035,21.729999542445],[146.06199646016853,22.20100021318933],[145.2920074463866,22.711999892980714],[144.70599365278497,23.250000000399723],[144.03022681391644,23.791420885165792],[143.5220031740073,24.391000747686405]]},"properties":{"OBJECTID":403,"NAME":"Pacific:Philippine","LABEL":"Convergent Boundary"}},{"type":"Feature","id":404,"geometry":{"type":"LineString","coordinates":[[143.11985995547263,11.45684247440073],[143.48876678705767,11.51634357609521]]},"properties":{"OBJECTID":404,"NAME":"Pacific:Philippine","LABEL":"Convergent Boundary"}},{"type":"Feature","id":405,"geometry":{"type":"LineString","coordinates":[[-43.88399887125087,12.085000037821544],[-43.902999877842035,11.505999564928004],[-43.921001434568495,10.927000046215198]]},"properties":{"OBJECTID":405,"NAME":"African:South American","LABEL":"Divergent Boundary"}},{"type":"Feature","id":406,"geometry":{"type":"LineString","coordinates":[[-43.921001434568495,10.927000046215198],[-43.44800186139673,10.9060001371966],[-42.97600173988832,10.883000374267908],[-42.50400161748064,10.859999656259163],[-42.03099823028407,10.836999893330471],[-41.558998107876334,10.812000274692991],[-41.08700180039273,10.786999702774096]]},"properties":{"OBJECTID":406,"NAME":"African:South American","LABEL":"Transform Boundary"}},{"type":"Feature","id":407,"geometry":{"type":"LineString","coordinates":[[-65.12100219709367,10.600000381812208],[-64.99700164810753,10.538999557183843]]},"properties":{"OBJECTID":407,"NAME":"South American:Caribbean","LABEL":"Divergent Boundary"}},{"type":"Feature","id":408,"geometry":{"type":"LineString","coordinates":[[-67.9609985349544,10.499999999800195],[-67.49900054913599,10.592000007494391],[-66.86900329566555,10.666999816688246],[-66.43699645991865,10.661999702124604],[-65.9639968876462,10.65299987794208],[-65.52600097626402,10.61499977132246],[-65.12100219709367,10.600000381812208]]},"properties":{"OBJECTID":408,"NAME":"South American:Caribbean","LABEL":"Transform Boundary"}},{"type":"Feature","id":409,"geometry":{"type":"LineString","coordinates":[[-90.90435311430474,12.587922275892367],[-90.35528657301688,12.42430893980577],[-89.67570421467775,12.167624549333539],[-88.98262022024693,11.897392269737509],[-88.34804331584633,11.626887746472391],[-87.89900048048776,11.370356806421512],[-87.50194077694528,11.071749280405015],[-86.98399956482803,10.520278782939556],[-86.65700371534916,10.208251501405698]]},"properties":{"OBJECTID":409,"NAME":"Cocos:Caribbean","LABEL":"Convergent Boundary"}},{"type":"Feature","id":410,"geometry":{"type":"LineString","coordinates":[[-64.99700164810753,10.538999557183843],[-64.50800323466149,10.473999977117273],[-64.20999908449011,10.519000053110005],[-63.877998352242116,10.531999587810787],[-63.23300170926143,10.50899982488204],[-62.640998840024395,10.48200035053577],[-62.15800094608676,10.458000182662374],[-61.54199981733768,10.42700004541581],[-60.926998138453314,10.395000457405217],[-60.45700073249776,10.3450002668489],[-59.987998962382164,10.295000076292524],[-59.12099838246934,10.22000026709867],[-58.63899993929573,10.189999580616188]]},"properties":{"OBJECTID":410,"NAME":"South American:Caribbean","LABEL":"Transform Boundary"}},{"type":"Feature","id":411,"geometry":{"type":"LineString","coordinates":[[-58.165002870486035,10.159999847415065],[-57.770002412081624,10.63399982463227],[-57.5410023207005,11.144000053659624],[-57.43200116122455,11.661000252060035],[-57.47599987989048,12.427000045915463],[-57.576002168465266,13.102000236122024],[-57.71899991001777,13.873999595305122],[-57.799001741237305,14.498999595854741],[-57.92099957467059,14.86400032015871],[-58.295999573921165,15.149999618187906],[-58.53400235112758,15.28400039630128],[-58.67400174128727,15.411999702524326],[-58.71055220192255,15.75954706984146],[-58.75255886200182,16.044103753685306],[-58.856346370088886,16.38143467147296],[-59.11239036412394,16.905955937916247],[-59.473001527198676,17.24300003042714],[-59.82700161922929,17.548000335946824],[-60.059000062902555,17.82299995408465],[-60.28600125275557,18.190999984861435],[-60.48062545769869,18.455251357364318],[-60.72866807736983,18.668921364129687],[-61.048723069913706,18.874702614134378],[-61.3927821864487,19.034578249986282]]},"properties":{"OBJECTID":411,"NAME":"South American:Caribbean","LABEL":"Convergent Boundary"}},{"type":"Feature","id":412,"geometry":{"type":"LineString","coordinates":[[-58.63899993929573,10.189999580616188],[-58.1570014952228,10.159999847415065]]},"properties":{"OBJECTID":412,"NAME":"South American:Caribbean","LABEL":"Transform Boundary"}},{"type":"Feature","id":413,"geometry":{"type":"LineString","coordinates":[[-103.87500000004991,11.871999740895376],[-103.80699920694781,11.404999733051284],[-103.73899841294639,10.937000274443164],[-103.62799835194238,10.27499961893733],[-103.59799957292194,10.123000144840887]]},"properties":{"OBJECTID":413,"NAME":"Pacific:Cocos","LABEL":"Divergent Boundary"}},{"type":"Feature","id":414,"geometry":{"type":"LineString","coordinates":[[-103.59799957292194,10.123000144840887],[-104.29599761949453,10.017000198400467]]},"properties":{"OBJECTID":414,"NAME":"Pacific:Cocos","LABEL":"Transform Boundary"}},{"type":"Feature","id":415,"geometry":{"type":"LineString","coordinates":[[-41.08700180039273,10.786999702774096],[-41.08300018331175,9.979000091780847]]},"properties":{"OBJECTID":415,"NAME":"African:South American","LABEL":"Divergent Boundary"}},{"type":"Feature","id":416,"geometry":{"type":"LineString","coordinates":[[-41.08300018331175,9.979000091780847],[-40.86100006130374,9.972999573171819]]},"properties":{"OBJECTID":416,"NAME":"African:South American","LABEL":"Transform Boundary"}},{"type":"Feature","id":417,"geometry":{"type":"LineString","coordinates":[[58.238998413246236,12.744999885236552],[58.016998291238224,12.282999991956103],[57.79600143401905,11.821000099574974],[57.57600021353909,11.359000206294525],[57.35599899305913,10.89599990806937],[57.13800048813209,10.434000015688241],[56.91899871841616,9.97099971746303]]},"properties":{"OBJECTID":417,"NAME":"African:Indian","LABEL":"Transform Boundary"}},{"type":"Feature","id":418,"geometry":{"type":"LineString","coordinates":[[56.91899871841616,9.97099971746303],[56.9780006406171,9.857000350885528],[57.02899932865614,9.857000350885528],[57.26100158725353,9.680999755634275],[57.49100112939868,9.942000389206669],[58.06299972545702,9.531999588010649]]},"properties":{"OBJECTID":418,"NAME":"African:Indian","LABEL":"Divergent Boundary"}},{"type":"Feature","id":419,"geometry":{"type":"LineString","coordinates":[[58.06299972545702,9.531999588010649],[58.01800155602706,9.449999809443682]]},"properties":{"OBJECTID":419,"NAME":"African:Indian","LABEL":"Transform Boundary"}},{"type":"Feature","id":420,"geometry":{"type":"LineString","coordinates":[[-40.86100006130374,9.972999573171819],[-40.865001678384715,9.38899993899605]]},"properties":{"OBJECTID":420,"NAME":"African:South American","LABEL":"Divergent Boundary"}},{"type":"Feature","id":421,"geometry":{"type":"LineString","coordinates":[[138.4311731304357,9.374303909697744],[138.59777621589967,9.957414707922453],[138.755799969593,10.620604732122729],[138.87148128423394,10.945132998389226],[138.98004657379045,11.096436829795891],[139.0916353615827,11.135536524890767],[139.24038811581897,11.1057859740435],[139.4563777763134,10.917295549250241],[139.75186656139272,10.895569154393002],[140.1000061034989,10.946000099525008],[140.57321279683322,10.873731676175964],[141.08641124618214,10.9460423262924],[141.62576806814195,11.12570631979088],[141.93201585294935,11.26783063527563],[142.27658069154575,11.317121796733602],[142.6779956390875,11.363197529342528],[142.8891102186617,11.389859678781193],[143.10795973495385,11.444942253881948]]},"properties":{"OBJECTID":421,"NAME":"Pacific:Philippine","LABEL":"Convergent Boundary"}},{"type":"Feature","id":422,"geometry":{"type":"LineString","coordinates":[[-40.865001678384715,9.38899993899605],[-40.63999939005976,9.373000144541095]]},"properties":{"OBJECTID":422,"NAME":"African:South American","LABEL":"Transform Boundary"}},{"type":"Feature","id":423,"geometry":{"type":"LineString","coordinates":[[58.01800155602706,9.449999809443682],[58.263000488581724,9.293000221682917]]},"properties":{"OBJECTID":423,"NAME":"African:Indian","LABEL":"Divergent Boundary"}},{"type":"Feature","id":424,"geometry":{"type":"LineString","coordinates":[[58.263000488581724,9.293000221682917],[58.147998809597425,9.090000152984715]]},"properties":{"OBJECTID":424,"NAME":"African:Indian","LABEL":"Transform Boundary"}},{"type":"Feature","id":425,"geometry":{"type":"LineString","coordinates":[[58.147998809597425,9.090000152984715],[58.430000305469775,8.86299991641306]]},"properties":{"OBJECTID":425,"NAME":"African:Indian","LABEL":"Divergent Boundary"}},{"type":"Feature","id":426,"geometry":{"type":"LineString","coordinates":[[-40.63999939005976,9.373000144541095],[-40.65200042727787,8.840999603349076]]},"properties":{"OBJECTID":426,"NAME":"African:South American","LABEL":"Divergent Boundary"}},{"type":"Feature","id":427,"geometry":{"type":"LineString","coordinates":[[-40.65200042727787,8.840999603349076],[-40.119998931905116,8.814999580666154]]},"properties":{"OBJECTID":427,"NAME":"African:South American","LABEL":"Transform Boundary"}},{"type":"Feature","id":428,"geometry":{"type":"LineString","coordinates":[[58.430000305469775,8.86299991641306],[58.25099945046435,8.647000313014075]]},"properties":{"OBJECTID":428,"NAME":"African:Indian","LABEL":"Other"}},{"type":"Feature","id":429,"geometry":{"type":"LineString","coordinates":[[-104.22899627715645,8.340000152684922],[-103.5950012206298,8.369999885886045],[-102.96099853515426,8.399999618187906]]},"properties":{"OBJECTID":429,"NAME":"Pacific:Cocos","LABEL":"Transform Boundary"}},{"type":"Feature","id":430,"geometry":{"type":"LineString","coordinates":[[-104.29599761949453,10.017000198400467],[-104.29599761949453,9.175000190406536],[-104.25800323526107,8.456000328252571],[-104.22899627715645,8.340000152684922]]},"properties":{"OBJECTID":430,"NAME":"Pacific:Cocos","LABEL":"Divergent Boundary"}},{"type":"Feature","id":431,"geometry":{"type":"LineString","coordinates":[[-40.119998931905116,8.814999580666154],[-40.140998840024395,8.21500015293475]]},"properties":{"OBJECTID":431,"NAME":"African:South American","LABEL":"Divergent Boundary"}},{"type":"Feature","id":432,"geometry":{"type":"LineString","coordinates":[[58.25099945046435,8.647000313014075],[58.611000061103994,8.40100002313261],[58.91799926725241,8.166999817187843]]},"properties":{"OBJECTID":432,"NAME":"African:Indian","LABEL":"Divergent Boundary"}},{"type":"Feature","id":433,"geometry":{"type":"LineString","coordinates":[[-40.140998840024395,8.21500015293475],[-39.6609992983789,8.196999549489647],[-39.18099975583402,8.178999901124598],[-38.70100021328915,8.159000397050704],[-38.22100067164365,8.140000343740894]]},"properties":{"OBJECTID":433,"NAME":"African:South American","LABEL":"Transform Boundary"}},{"type":"Feature","id":434,"geometry":{"type":"LineString","coordinates":[[58.91799926725241,8.166999817187843],[58.880001068094884,8.097000121658311]]},"properties":{"OBJECTID":434,"NAME":"African:Indian","LABEL":"Transform Boundary"}},{"type":"Feature","id":435,"geometry":{"type":"LineString","coordinates":[[58.880001068094884,8.097000121658311],[59.30899810767659,7.768000125805202]]},"properties":{"OBJECTID":435,"NAME":"African:Indian","LABEL":"Divergent Boundary"}},{"type":"Feature","id":436,"geometry":{"type":"LineString","coordinates":[[-38.22100067164365,8.140000343740894],[-38.207000731998164,7.703000069097982]]},"properties":{"OBJECTID":436,"NAME":"African:South American","LABEL":"Divergent Boundary"}},{"type":"Feature","id":437,"geometry":{"type":"LineString","coordinates":[[59.30899810767659,7.768000125805202],[59.220001220480015,7.6729998592561515]]},"properties":{"OBJECTID":437,"NAME":"African:Indian","LABEL":"Other"}},{"type":"Feature","id":438,"geometry":{"type":"LineString","coordinates":[[-38.207000731998164,7.703000069097982],[-37.53599929812907,7.678999901224529],[-36.865001678284784,7.653999805047022]]},"properties":{"OBJECTID":438,"NAME":"African:South American","LABEL":"Transform Boundary"}},{"type":"Feature","id":439,"geometry":{"type":"LineString","coordinates":[[-36.865001678284784,7.653999805047022],[-36.85100173953862,7.401000023332472]]},"properties":{"OBJECTID":439,"NAME":"African:South American","LABEL":"Divergent Boundary"}},{"type":"Feature","id":440,"geometry":{"type":"LineString","coordinates":[[-86.64800262492116,10.23499965660892],[-86.44899749763636,9.937999725407053],[-86.20400238000582,9.684000015388449],[-85.91000366183948,9.423000335996733],[-85.6119995116681,9.20300006879819],[-85.3809967038348,9.08899974804001],[-85.04399871866588,8.93700027484283],[-84.68599700955428,8.772000312764249],[-84.41899871811631,8.63700008388679],[-84.15799713126256,8.473999977516996],[-83.99601589561706,8.316925950172504],[-83.83799743623268,8.182000159979452],[-83.60500335671952,8.04399967224714],[-83.36000061013999,7.927999973320141],[-83.23300170886176,7.848999976967434],[-83.07399749718672,7.592000007194599],[-82.87499999975017,7.366000175567706]]},"properties":{"OBJECTID":440,"NAME":"Cocos:Caribbean","LABEL":"Convergent Boundary"}},{"type":"Feature","id":441,"geometry":{"type":"LineString","coordinates":[[-36.85100173953862,7.401000023332472],[-36.05799865731217,7.362999915813532]]},"properties":{"OBJECTID":441,"NAME":"African:South American","LABEL":"Transform Boundary"}},{"type":"Feature","id":442,"geometry":{"type":"LineString","coordinates":[[-36.05799865731217,7.362999915813532],[-36.04700088488289,7.022999763428402]]},"properties":{"OBJECTID":442,"NAME":"African:South American","LABEL":"Divergent Boundary"}},{"type":"Feature","id":443,"geometry":{"type":"LineString","coordinates":[[59.220001220480015,7.6729998592561515],[59.70000076302483,7.3119997978524225],[60.17900085480568,6.951000213988721]]},"properties":{"OBJECTID":443,"NAME":"African:Indian","LABEL":"Divergent Boundary"}},{"type":"Feature","id":444,"geometry":{"type":"LineString","coordinates":[[-36.04700088488289,7.022999763428402],[-35.36700058011263,6.934999942893114]]},"properties":{"OBJECTID":444,"NAME":"African:South American","LABEL":"Transform Boundary"}},{"type":"Feature","id":445,"geometry":{"type":"LineString","coordinates":[[60.17900085480568,6.951000213988721],[60.0379981998571,6.7670001986003285]]},"properties":{"OBJECTID":445,"NAME":"African:Indian","LABEL":"Transform Boundary"}},{"type":"Feature","id":446,"geometry":{"type":"LineString","coordinates":[[-35.36299896213234,6.613999843817794],[-34.49399948159078,6.616000175267914],[-33.62400054938581,6.618000030077383]]},"properties":{"OBJECTID":446,"NAME":"African:South American","LABEL":"Transform Boundary"}},{"type":"Feature","id":447,"geometry":{"type":"LineString","coordinates":[[-35.36700058011263,6.934999942893114],[-35.36299896213234,6.613999843817794]]},"properties":{"OBJECTID":447,"NAME":"African:South American","LABEL":"Divergent Boundary"}},{"type":"Feature","id":448,"geometry":{"type":"LineString","coordinates":[[138.42676079297632,9.350314500413901],[138.35536907911978,9.159936597396097],[138.00435982104898,8.535259103624753],[137.8377791556835,8.267540177337366],[137.6682238360612,7.990897287379937],[137.48676989671344,7.7886207655359385],[137.18512949882734,7.546956524524035],[137.00160702884136,7.4037307634640115],[136.79367534334244,7.342422555056942],[136.48262281269274,7.28606703906263],[136.23404014024038,7.249035419549045],[135.91370119125702,6.970087454772283],[135.5176451194268,6.910455655504165],[135.38071434469134,6.905148309147194],[135.235275050803,6.914097574343657],[134.55694435449846,6.909637777861235],[134.26899719236656,6.610000133299536],[133.98899841294644,6.3330001828122136]]},"properties":{"OBJECTID":448,"NAME":"Pacific:Philippine","LABEL":"Other"}},{"type":"Feature","id":449,"geometry":{"type":"LineString","coordinates":[[-33.62400054938581,6.618000030077383],[-33.61999893230484,6.104000091431146]]},"properties":{"OBJECTID":449,"NAME":"African:South American","LABEL":"Divergent Boundary"}},{"type":"Feature","id":450,"geometry":{"type":"LineString","coordinates":[[-33.61999893230484,6.104000091431146],[-33.51399993914583,6.076000213938755]]},"properties":{"OBJECTID":450,"NAME":"African:South American","LABEL":"Transform Boundary"}},{"type":"Feature","id":451,"geometry":{"type":"LineString","coordinates":[[-33.51399993914583,6.076000213938755],[-33.50699996977272,5.649000167523752]]},"properties":{"OBJECTID":451,"NAME":"African:South American","LABEL":"Divergent Boundary"}},{"type":"Feature","id":452,"geometry":{"type":"LineString","coordinates":[[-33.50699996977272,5.649000167523752],[-32.97800064071697,5.646999836073633]]},"properties":{"OBJECTID":452,"NAME":"African:South American","LABEL":"Transform Boundary"}},{"type":"Feature","id":453,"geometry":{"type":"LineString","coordinates":[[60.0379981998571,6.7670001986003285],[60.669998168880454,6.309999942343495],[61.14199829128819,5.909999847814788],[61.65700149562258,5.48999977077284]]},"properties":{"OBJECTID":453,"NAME":"African:Indian","LABEL":"Divergent Boundary"}},{"type":"Feature","id":454,"geometry":{"type":"LineString","coordinates":[[61.65700149562258,5.48999977077284],[61.52899932865614,5.262000084336478]]},"properties":{"OBJECTID":454,"NAME":"African:Indian","LABEL":"Transform Boundary"}},{"type":"Feature","id":455,"geometry":{"type":"LineString","coordinates":[[61.52899932865614,5.262000084336478],[62.00000000029985,4.910999774520008],[62.45700073229801,4.522999763927999],[63.00199890162804,4.1079998014497505]]},"properties":{"OBJECTID":455,"NAME":"African:Indian","LABEL":"Divergent Boundary"}},{"type":"Feature","id":456,"geometry":{"type":"LineString","coordinates":[[-32.86199951186791,3.9600000378715094],[-32.38700103716809,3.9860000614536943],[-31.9120006559055,4.011000156731882],[-31.437000274642912,4.035999775369362],[-30.961999893380323,4.060999870647549]]},"properties":{"OBJECTID":456,"NAME":"African:South American","LABEL":"Transform Boundary"}},{"type":"Feature","id":457,"geometry":{"type":"LineString","coordinates":[[-32.97800064071697,5.646999836073633],[-32.91999816928006,4.80399990067491],[-32.86199951186791,3.9600000378715094]]},"properties":{"OBJECTID":457,"NAME":"African:South American","LABEL":"Divergent Boundary"}},{"type":"Feature","id":458,"geometry":{"type":"LineString","coordinates":[[63.00199890162804,4.1079998014497505],[62.86800003007738,3.892999887135147]]},"properties":{"OBJECTID":458,"NAME":"African:Indian","LABEL":"Transform Boundary"}},{"type":"Feature","id":459,"geometry":{"type":"LineString","coordinates":[[-102.96099853515426,8.399999618187906],[-102.80999755854043,7.7909998896332695],[-102.65899658192666,7.182000160179314],[-102.55799865751197,6.355000019235547],[-102.45700073219797,5.528999805696515],[-102.31999969522974,4.652999878241815],[-102.18399810812616,3.778000116512203]]},"properties":{"OBJECTID":459,"NAME":"Pacific:Cocos","LABEL":"Divergent Boundary"}},{"type":"Feature","id":460,"geometry":{"type":"LineString","coordinates":[[-102.18399810812616,3.778000116512203],[-102.2590026855255,3.75099992720493]]},"properties":{"OBJECTID":460,"NAME":"Pacific:Cocos","LABEL":"Transform Boundary"}},{"type":"Feature","id":461,"geometry":{"type":"LineString","coordinates":[[63.33100128158395,3.6310000420183997],[63.388000488232024,3.700000047564174]]},"properties":{"OBJECTID":461,"NAME":"African:Indian","LABEL":"Transform Boundary"}},{"type":"Feature","id":462,"geometry":{"type":"LineString","coordinates":[[62.86800003007738,3.892999887135147],[63.33100128158395,3.6310000420183997]]},"properties":{"OBJECTID":462,"NAME":"African:Indian","LABEL":"Divergent Boundary"}},{"type":"Feature","id":463,"geometry":{"type":"LineString","coordinates":[[63.81900024426591,3.4820001127150704],[63.88999938966015,3.6019999979016575]]},"properties":{"OBJECTID":463,"NAME":"African:Indian","LABEL":"Transform Boundary"}},{"type":"Feature","id":464,"geometry":{"type":"LineString","coordinates":[[63.388000488232024,3.700000047564174],[63.81900024426591,3.4820001127150704]]},"properties":{"OBJECTID":464,"NAME":"African:Indian","LABEL":"Divergent Boundary"}},{"type":"Feature","id":465,"geometry":{"type":"LineString","coordinates":[[64.6179962161525,3.217000007844149],[64.68199920619844,3.299000024731413]]},"properties":{"OBJECTID":465,"NAME":"African:Indian","LABEL":"Transform Boundary"}},{"type":"Feature","id":466,"geometry":{"type":"LineString","coordinates":[[63.88999938966015,3.6019999979016575],[64.6179962161525,3.217000007844149]]},"properties":{"OBJECTID":466,"NAME":"African:Indian","LABEL":"Divergent Boundary"}},{"type":"Feature","id":467,"geometry":{"type":"LineString","coordinates":[[-82.59124913094263,3.0640302336084346],[-82.66024937570808,3.5410567145957543],[-82.66024937570808,4.018086983527496],[-82.66024937570808,4.509122272375009],[-82.66024937570808,5.000161093759516],[-82.66024937570808,5.7792316639101955],[-82.66024937570808,6.5083061740907056],[-82.66024937570808,7.064369448091611],[-82.66024937570808,7.312399362140923]]},"properties":{"OBJECTID":467,"NAME":"Nazca:Cocos","LABEL":"Transform Boundary"}},{"type":"Feature","id":468,"geometry":{"type":"LineString","coordinates":[[-84.46700286878735,3.1119999888084635],[-83.92299652127241,3.13899993889612],[-83.37799835194232,3.164999961578985],[-82.63178054403681,3.105257278600561]]},"properties":{"OBJECTID":468,"NAME":"Nazca:Cocos","LABEL":"Divergent Boundary"}},{"type":"Feature","id":469,"geometry":{"type":"LineString","coordinates":[[65.21299743678236,2.9210000040470163],[65.4889984131463,3.299000024731413]]},"properties":{"OBJECTID":469,"NAME":"African:Indian","LABEL":"Transform Boundary"}},{"type":"Feature","id":470,"geometry":{"type":"LineString","coordinates":[[64.68199920619844,3.299000024731413],[65.21299743678236,2.9210000040470163]]},"properties":{"OBJECTID":470,"NAME":"African:Indian","LABEL":"Divergent Boundary"}},{"type":"Feature","id":471,"geometry":{"type":"LineString","coordinates":[[-102.1179962156528,2.8929998873350087],[-102.14499664328042,2.888999939395717]]},"properties":{"OBJECTID":471,"NAME":"Pacific:Cocos","LABEL":"Transform Boundary"}},{"type":"Feature","id":472,"geometry":{"type":"LineString","coordinates":[[-102.14499664328042,2.888999939395717],[-102.19300079305214,3.0720000264801115],[-102.21900176991574,3.2390000816884594],[-102.19899749763636,3.4579999448416174],[-102.2590026855255,3.75099992720493]]},"properties":{"OBJECTID":472,"NAME":"Pacific:Cocos","LABEL":"Divergent Boundary"}},{"type":"Feature","id":473,"geometry":{"type":"LineString","coordinates":[[65.4889984131463,3.299000024731413],[65.96299743618277,2.9709999562829807],[66.37999725347055,2.7520000931298227]]},"properties":{"OBJECTID":473,"NAME":"African:Indian","LABEL":"Divergent Boundary"}},{"type":"Feature","id":474,"geometry":{"type":"LineString","coordinates":[[-102.0680007933019,2.634999990157496],[-102.10900115967576,2.786000013489854],[-102.09600067169362,2.798000097426609],[-102.1179962156528,2.8929998873350087]]},"properties":{"OBJECTID":474,"NAME":"Pacific:Cocos","LABEL":"Divergent Boundary"}},{"type":"Feature","id":475,"geometry":{"type":"LineString","coordinates":[[-101.51200103751785,2.232000112515209],[-101.20300292984132,2.24099993669779]]},"properties":{"OBJECTID":475,"NAME":"Nazca:Cocos","LABEL":"Divergent Boundary"}},{"type":"Feature","id":476,"geometry":{"type":"LineString","coordinates":[[-101.51200103751785,2.232000112515209],[-101.48999786371041,2.6050000186360194],[-101.69699859620823,2.640000104721082],[-101.87799835184245,2.6419999595305512],[-102.0680007933019,2.634999990157496]]},"properties":{"OBJECTID":476,"NAME":"Nazca:Cocos","LABEL":"Divergent Boundary"}},{"type":"Feature","id":477,"geometry":{"type":"LineString","coordinates":[[-95.2239990233362,2.22199988338798],[-95.1979980464726,2.5069999698727656]]},"properties":{"OBJECTID":477,"NAME":"Nazca:Cocos","LABEL":"Transform Boundary"}},{"type":"Feature","id":478,"geometry":{"type":"LineString","coordinates":[[-96.12000274642958,2.2379999161632327],[-95.2239990233362,2.22199988338798]]},"properties":{"OBJECTID":478,"NAME":"Nazca:Cocos","LABEL":"Divergent Boundary"}},{"type":"Feature","id":479,"geometry":{"type":"LineString","coordinates":[[-100.06600189217357,2.2070000172370783],[-100.04699707065822,2.299999952335952]]},"properties":{"OBJECTID":479,"NAME":"Nazca:Cocos","LABEL":"Transform Boundary"}},{"type":"Feature","id":480,"geometry":{"type":"LineString","coordinates":[[-95.1979980464726,2.5069999698727656],[-94.40399932840626,2.440000057456757],[-93.61100006110388,2.3719999793156603],[-92.92800140404154,2.299999952335952],[-92.24500274697914,2.226999997951566],[-92.08999633746095,2.2000000478639663]]},"properties":{"OBJECTID":480,"NAME":"Nazca:Cocos","LABEL":"Divergent Boundary"}},{"type":"Feature","id":481,"geometry":{"type":"LineString","coordinates":[[-101.19599914554408,2.198999882138878],[-101.06700134273774,2.2100000377715787],[-100.64399719281619,2.2039999958032013],[-100.39399719241646,2.2070000172370783],[-100.06600189217357,2.2070000172370783]]},"properties":{"OBJECTID":481,"NAME":"Nazca:Cocos","LABEL":"Divergent Boundary"}},{"type":"Feature","id":482,"geometry":{"type":"LineString","coordinates":[[-101.20300292984132,2.24099993669779],[-101.19599914554408,2.198999882138878]]},"properties":{"OBJECTID":482,"NAME":"Nazca:Cocos","LABEL":"Transform Boundary"}},{"type":"Feature","id":483,"geometry":{"type":"LineString","coordinates":[[-98.91799926715242,2.1119999881090052],[-98.888999938896,2.213000059205399]]},"properties":{"OBJECTID":483,"NAME":"Nazca:Cocos","LABEL":"Transform Boundary"}},{"type":"Feature","id":484,"geometry":{"type":"LineString","coordinates":[[-100.04699707065822,2.299999952335952],[-99.91300201403169,2.272000073944298],[-99.81099700900472,2.2730000022483523],[-99.73899841284646,2.2690000534097976],[-99.65699768099813,2.190000057057034],[-98.91799926715242,2.1119999881090052]]},"properties":{"OBJECTID":484,"NAME":"Nazca:Cocos","LABEL":"Divergent Boundary"}},{"type":"Feature","id":485,"geometry":{"type":"LineString","coordinates":[[-98.888999938896,2.213000059205399],[-98.3669967651885,2.144999981064302],[-97.84600067119396,2.0769999029232054],[-97.55100250226366,2.0880000594552257]]},"properties":{"OBJECTID":485,"NAME":"Nazca:Cocos","LABEL":"Divergent Boundary"}},{"type":"Feature","id":486,"geometry":{"type":"LineString","coordinates":[[66.37999725347055,2.7520000931298227],[66.17900085450589,2.3929998874348826],[65.99199676533851,2.0520000459653716]]},"properties":{"OBJECTID":486,"NAME":"African:Indian","LABEL":"Transform Boundary"}},{"type":"Feature","id":487,"geometry":{"type":"LineString","coordinates":[[-92.11799621585266,1.9900000097926522],[-91.53800201458125,2.0109999179119313]]},"properties":{"OBJECTID":487,"NAME":"Nazca:Cocos","LABEL":"Divergent Boundary"}},{"type":"Feature","id":488,"geometry":{"type":"LineString","coordinates":[[-92.08999633746095,2.2000000478639663],[-92.11799621585266,1.9900000097926522]]},"properties":{"OBJECTID":488,"NAME":"Nazca:Cocos","LABEL":"Transform Boundary"}},{"type":"Feature","id":489,"geometry":{"type":"LineString","coordinates":[[-102.0680007933019,2.634999990157496],[-102.08200073204813,2.5739998813894545],[-102.0770034791272,2.5020000936294764],[-102.08499908434021,2.486000060854167],[-102.08499908434021,2.4119999407446926],[-102.08999633816046,2.3910000326254703],[-102.08799743663235,2.3269999024236085],[-102.08000183141934,2.308000087434152],[-102.07499694865021,2.161000012940292],[-102.06700134253788,2.1370000842865124],[-102.07499694865021,2.023999929253364],[-102.07599639851492,1.9720000025980653],[-102.08799743663235,1.9029999970522908]]},"properties":{"OBJECTID":489,"NAME":"Pacific:Nazca","LABEL":"Divergent Boundary"}},{"type":"Feature","id":490,"geometry":{"type":"LineString","coordinates":[[-102.08799743663235,1.9029999970522908],[-102.10399627690663,1.9040000440668337]]},"properties":{"OBJECTID":490,"NAME":"Pacific:Nazca","LABEL":"Transform Boundary"}},{"type":"Feature","id":491,"geometry":{"type":"LineString","coordinates":[[-97.55100250226366,2.0880000594552257],[-97.58499908434021,1.8980000020984562]]},"properties":{"OBJECTID":491,"NAME":"Nazca:Cocos","LABEL":"Transform Boundary"}},{"type":"Feature","id":492,"geometry":{"type":"LineString","coordinates":[[-96.17500305154954,1.8730000255308141],[-96.12000274642958,2.2379999161632327]]},"properties":{"OBJECTID":492,"NAME":"Nazca:Cocos","LABEL":"Transform Boundary"}},{"type":"Feature","id":493,"geometry":{"type":"LineString","coordinates":[[-97.58499908434021,1.8980000020984562],[-96.87999725347044,1.8860000368722467],[-96.17500305154954,1.8730000255308141]]},"properties":{"OBJECTID":493,"NAME":"Nazca:Cocos","LABEL":"Divergent Boundary"}},{"type":"Feature","id":494,"geometry":{"type":"LineString","coordinates":[[-91.53800201458125,2.0109999179119313],[-91.56099700930451,1.8170000313264154]]},"properties":{"OBJECTID":494,"NAME":"Nazca:Cocos","LABEL":"Transform Boundary"}},{"type":"Feature","id":495,"geometry":{"type":"LineString","coordinates":[[-102.10399627690663,1.9040000440668337],[-102.13300323501124,1.7779999973020608]]},"properties":{"OBJECTID":495,"NAME":"Pacific:Nazca","LABEL":"Divergent Boundary"}},{"type":"Feature","id":496,"geometry":{"type":"LineString","coordinates":[[-102.13300323501124,1.7779999973020608],[-102.26200103781758,1.7519999746191957]]},"properties":{"OBJECTID":496,"NAME":"Pacific:Nazca","LABEL":"Transform Boundary"}},{"type":"Feature","id":497,"geometry":{"type":"LineString","coordinates":[[-91.56099700930451,1.8170000313264154],[-90.6969985966079,1.735999941843886]]},"properties":{"OBJECTID":497,"NAME":"Nazca:Cocos","LABEL":"Divergent Boundary"}},{"type":"Feature","id":498,"geometry":{"type":"LineString","coordinates":[[-30.961999893380323,4.060999870647549],[-30.88699913000579,3.255000114463769],[-30.811000824228586,2.4489998816392813],[-30.736000060854053,1.6430000067449555]]},"properties":{"OBJECTID":498,"NAME":"African:South American","LABEL":"Divergent Boundary"}},{"type":"Feature","id":499,"geometry":{"type":"LineString","coordinates":[[65.99199676533851,2.0520000459653716],[66.3330001834118,1.8589999671747819],[66.6729965208728,1.6210000516111336]]},"properties":{"OBJECTID":499,"NAME":"African:Indian","LABEL":"Divergent Boundary"}},{"type":"Feature","id":500,"geometry":{"type":"LineString","coordinates":[[-30.736000060854053,1.6430000067449555],[-30.02700042692811,1.6069999932551582]]},"properties":{"OBJECTID":500,"NAME":"African:South American","LABEL":"Transform Boundary"}},{"type":"Feature","id":501,"geometry":{"type":"LineString","coordinates":[[-84.57599639931436,1.5980000494627689],[-84.57099914549411,2.0659999847115955],[-84.56700134243795,2.5339999199603653],[-84.46700286878735,3.1119999888084635]]},"properties":{"OBJECTID":501,"NAME":"Nazca:Cocos","LABEL":"Transform Boundary"}},{"type":"Feature","id":502,"geometry":{"type":"LineString","coordinates":[[-85.34899902328624,1.6440000537594983],[-84.57599639931436,1.5980000494627689]]},"properties":{"OBJECTID":502,"NAME":"Nazca:Cocos","LABEL":"Divergent Boundary"}},{"type":"Feature","id":503,"geometry":{"type":"LineString","coordinates":[[-102.26200103781758,1.7519999746191957],[-102.23000335726908,1.5410000082438273]]},"properties":{"OBJECTID":503,"NAME":"Pacific:Nazca","LABEL":"Divergent Boundary"}},{"type":"Feature","id":504,"geometry":{"type":"LineString","coordinates":[[-102.23000335726908,1.5410000082438273],[-102.25700378399739,1.5279999969023947]]},"properties":{"OBJECTID":504,"NAME":"Pacific:Nazca","LABEL":"Transform Boundary"}},{"type":"Feature","id":505,"geometry":{"type":"LineString","coordinates":[[66.6729965208728,1.6210000516111336],[66.49299621600261,1.3309999701725133]]},"properties":{"OBJECTID":505,"NAME":"African:Indian","LABEL":"Transform Boundary"}},{"type":"Feature","id":506,"geometry":{"type":"LineString","coordinates":[[-102.25700378399739,1.5279999969023947],[-102.22200012220782,1.36099994169399],[-102.24299621540297,1.3489999773671002],[-102.20300292964146,1.2209999561831069]]},"properties":{"OBJECTID":506,"NAME":"Pacific:Nazca","LABEL":"Divergent Boundary"}},{"type":"Feature","id":507,"geometry":{"type":"LineString","coordinates":[[-102.20300292964146,1.2209999561831069],[-102.2229995729719,1.2139999868099949]]},"properties":{"OBJECTID":507,"NAME":"Pacific:Nazca","LABEL":"Transform Boundary"}},{"type":"Feature","id":508,"geometry":{"type":"LineString","coordinates":[[-102.2229995729719,1.2139999868099949],[-102.18099975583402,1.1339999434426886]]},"properties":{"OBJECTID":508,"NAME":"Pacific:Nazca","LABEL":"Divergent Boundary"}},{"type":"Feature","id":509,"geometry":{"type":"LineString","coordinates":[[-90.6969985966079,1.735999941843886],[-90.66300201453129,1.1200000046965215]]},"properties":{"OBJECTID":509,"NAME":"Nazca:Cocos","LABEL":"Transform Boundary"}},{"type":"Feature","id":510,"geometry":{"type":"LineString","coordinates":[[66.49299621600261,1.3309999701725133],[66.8700027466295,1.0679999593307343]]},"properties":{"OBJECTID":510,"NAME":"African:Indian","LABEL":"Divergent Boundary"}},{"type":"Feature","id":511,"geometry":{"type":"LineString","coordinates":[[-85.38600158660392,0.8320000172870436],[-85.34899902328624,1.6440000537594983]]},"properties":{"OBJECTID":511,"NAME":"Nazca:Cocos","LABEL":"Transform Boundary"}},{"type":"Feature","id":512,"geometry":{"type":"LineString","coordinates":[[-90.66300201453129,1.1200000046965215],[-89.78399658247628,1.0729999542845121],[-88.90399932860612,1.0249999764677682],[-88.02400207563522,0.9769999977517614],[-87.1449966426809,0.9290000199350175],[-86.26599884047408,0.8799999951037307],[-85.38600158660392,0.8320000172870436]]},"properties":{"OBJECTID":512,"NAME":"Nazca:Cocos","LABEL":"Divergent Boundary"}},{"type":"Feature","id":513,"geometry":{"type":"LineString","coordinates":[[-29.920000076442307,0.7969999905571399],[-29.209999084290246,0.8489999774670309],[-28.347000122357713,0.9530000088433894],[-27.83099937472133,1.006999969273238],[-27.315000533647662,1.0620000360728454],[-26.474000930598436,1.159000038720876]]},"properties":{"OBJECTID":513,"NAME":"African:South American","LABEL":"Transform Boundary"}},{"type":"Feature","id":514,"geometry":{"type":"LineString","coordinates":[[-30.02700042692811,1.6069999932551582],[-29.920000076442307,0.7969999905571399]]},"properties":{"OBJECTID":514,"NAME":"African:South American","LABEL":"Divergent Boundary"}},{"type":"Feature","id":515,"geometry":{"type":"LineString","coordinates":[[66.8700027466295,1.0679999593307343],[66.65699768059852,0.7220000032975804]]},"properties":{"OBJECTID":515,"NAME":"African:Indian","LABEL":"Transform Boundary"}},{"type":"Feature","id":516,"geometry":{"type":"LineString","coordinates":[[-102.18099975583402,1.1339999434426886],[-102.2399978640102,0.7129999992505986]]},"properties":{"OBJECTID":516,"NAME":"Pacific:Nazca","LABEL":"Divergent Boundary"}},{"type":"Feature","id":517,"geometry":{"type":"LineString","coordinates":[[-102.2399978640102,0.7129999992505986],[-102.20999908409044,0.7059999705222708]]},"properties":{"OBJECTID":517,"NAME":"Pacific:Nazca","LABEL":"Transform Boundary"}},{"type":"Feature","id":518,"geometry":{"type":"LineString","coordinates":[[-26.288999557883244,0.4979999959031147],[-25.659000396950717,0.5559999942043987],[-25.028999328556097,0.6140000221833475]]},"properties":{"OBJECTID":518,"NAME":"African:South American","LABEL":"Transform Boundary"}},{"type":"Feature","id":519,"geometry":{"type":"LineString","coordinates":[[-26.474000930598436,1.159000038720876],[-26.288999557883244,0.4979999959031147]]},"properties":{"OBJECTID":519,"NAME":"African:South American","LABEL":"Divergent Boundary"}},{"type":"Feature","id":520,"geometry":{"type":"LineString","coordinates":[[66.65699768059852,0.7220000032975804],[67.1589965820267,0.33700001234075216]]},"properties":{"OBJECTID":520,"NAME":"African:Indian","LABEL":"Divergent Boundary"}},{"type":"Feature","id":521,"geometry":{"type":"LineString","coordinates":[[67.1589965820267,0.33700001234075216],[66.83899688699677,-0.03900000064948017]]},"properties":{"OBJECTID":521,"NAME":"African:Indian","LABEL":"Transform Boundary"}},{"type":"Feature","id":522,"geometry":{"type":"LineString","coordinates":[[66.83899688699677,-0.03900000064948017],[67.20899963422579,-0.34000000389698926]]},"properties":{"OBJECTID":522,"NAME":"African:Indian","LABEL":"Divergent Boundary"}},{"type":"Feature","id":523,"geometry":{"type":"LineString","coordinates":[[-16.25200080879023,-0.5559999940044804],[-16.037000656155328,-0.5199999805146263]]},"properties":{"OBJECTID":523,"NAME":"African:South American","LABEL":"Transform Boundary"}},{"type":"Feature","id":524,"geometry":{"type":"LineString","coordinates":[[-16.497999191209658,0.29899999475401273],[-16.25200080879023,-0.5559999940044804]]},"properties":{"OBJECTID":524,"NAME":"African:South American","LABEL":"Divergent Boundary"}},{"type":"Feature","id":525,"geometry":{"type":"LineString","coordinates":[[67.20899963422579,-0.34000000389698926],[67.02300262477138,-0.5780000093928948]]},"properties":{"OBJECTID":525,"NAME":"African:Indian","LABEL":"Transform Boundary"}},{"type":"Feature","id":526,"geometry":{"type":"LineString","coordinates":[[67.02300262477138,-0.5780000093928948],[67.66200256316779,-1.0399999620285598]]},"properties":{"OBJECTID":526,"NAME":"African:Indian","LABEL":"Divergent Boundary"}},{"type":"Feature","id":527,"geometry":{"type":"LineString","coordinates":[[-24.6119995121677,-1.1030000452158788],[-24.051000595101357,-1.0340000387707278],[-23.48999977147224,-0.9639999862103537],[-22.934999465552835,-0.8799999949038124],[-22.381000518758867,-0.7960000035972143],[-21.54400062532858,-0.6800000069947032],[-21.017000198700146,-0.5879999993005072],[-20.48999977117245,-0.4970000089431892],[-19.67499923662541,-0.3330000039469496],[-18.850000381312498,-0.17599999890080653],[-18.36899948144088,-0.0729999992504986],[-17.888999938896006,0.03099999975023593],[-17.322999953984663,0.1500000060954676],[-16.756999969073263,0.2689999935549281],[-16.497999191209658,0.29899999475401273]]},"properties":{"OBJECTID":527,"NAME":"African:South American","LABEL":"Transform Boundary"}},{"type":"Feature","id":528,"geometry":{"type":"LineString","coordinates":[[-25.028999328556097,0.6140000221833475],[-24.82099914529425,-0.245000004446581],[-24.6119995121677,-1.1030000452158788]]},"properties":{"OBJECTID":528,"NAME":"African:South American","LABEL":"Divergent Boundary"}},{"type":"Feature","id":529,"geometry":{"type":"LineString","coordinates":[[-15.840999603548823,-1.143000006644968],[-15.564999580466235,-1.0729999540845938]]},"properties":{"OBJECTID":529,"NAME":"African:South American","LABEL":"Transform Boundary"}},{"type":"Feature","id":530,"geometry":{"type":"LineString","coordinates":[[-16.037000656155328,-0.5199999805146263],[-15.840999603548823,-1.143000006644968]]},"properties":{"OBJECTID":530,"NAME":"African:South American","LABEL":"Divergent Boundary"}},{"type":"Feature","id":531,"geometry":{"type":"LineString","coordinates":[[138.70335181363532,-0.7146320752100337],[138.11848410525727,-0.5579890560500758],[137.43459637752085,-0.45965165090291293],[136.9429931641033,-0.4219999911066452],[136.4301615787939,-0.269285725056136],[135.697961393004,-0.03616354341272654],[135.16415531081896,0.18980478316427707],[134.9524721618609,0.2464568550998365],[134.77274295132622,0.26179843484993626],[134.4709930420953,0.2590000036473157],[133.9045378752228,0.13672104124310636],[133.458234395501,-0.051239585738244386]]},"properties":{"OBJECTID":531,"NAME":"Pacific:Australia","LABEL":"Convergent Boundary"}},{"type":"Feature","id":532,"geometry":{"type":"LineString","coordinates":[[-102.20999908409044,0.7059999705222708],[-102.25299835199229,0.37200000849367143],[-102.29399871836614,0.1570000051461875],[-102.31900024446566,-0.01500000004989488],[-102.39700317415713,-0.5030000212339587],[-102.52400207543542,-1.282999992155851]]},"properties":{"OBJECTID":532,"NAME":"Pacific:Nazca","LABEL":"Divergent Boundary"}},{"type":"Feature","id":533,"geometry":{"type":"LineString","coordinates":[[-102.52400207543542,-1.282999992155851],[-102.39900207478587,-1.282999992155851]]},"properties":{"OBJECTID":533,"NAME":"Pacific:Nazca","LABEL":"Transform Boundary"}},{"type":"Feature","id":534,"geometry":{"type":"LineString","coordinates":[[67.66200256316779,-1.0399999620285598],[67.36699676528855,-1.4400000574566434]]},"properties":{"OBJECTID":534,"NAME":"African:Indian","LABEL":"Transform Boundary"}},{"type":"Feature","id":535,"geometry":{"type":"LineString","coordinates":[[-15.409999847514882,-1.493000030227165],[-14.659000396451063,-1.300999999350438],[-13.909000397050647,-1.1080000401696566],[-13.15799999270547,-0.9150000216336593]]},"properties":{"OBJECTID":535,"NAME":"African:South American","LABEL":"Transform Boundary"}},{"type":"Feature","id":536,"geometry":{"type":"LineString","coordinates":[[-15.564999580466235,-1.0729999540845938],[-15.409999847514882,-1.493000030227165]]},"properties":{"OBJECTID":536,"NAME":"African:South American","LABEL":"Divergent Boundary"}},{"type":"Feature","id":537,"geometry":{"type":"LineString","coordinates":[[-102.39900207478587,-1.282999992155851],[-102.46199798601822,-1.532999992555574]]},"properties":{"OBJECTID":537,"NAME":"Pacific:Nazca","LABEL":"Divergent Boundary"}},{"type":"Feature","id":538,"geometry":{"type":"LineString","coordinates":[[-102.46199798601822,-1.532999992555574],[-102.30699920634828,-1.5959999561330278]]},"properties":{"OBJECTID":538,"NAME":"Pacific:Nazca","LABEL":"Transform Boundary"}},{"type":"Feature","id":539,"geometry":{"type":"LineString","coordinates":[[-102.30699920634828,-1.5959999561330278],[-102.40200042707801,-1.9069999456908704]]},"properties":{"OBJECTID":539,"NAME":"Pacific:Nazca","LABEL":"Divergent Boundary"}},{"type":"Feature","id":540,"geometry":{"type":"LineString","coordinates":[[-102.40200042707801,-1.9069999456908704],[-102.62100219769326,-1.9060000182861927]]},"properties":{"OBJECTID":540,"NAME":"Pacific:Nazca","LABEL":"Transform Boundary"}},{"type":"Feature","id":541,"geometry":{"type":"LineString","coordinates":[[67.36699676528855,-1.4400000574566434],[67.92900085460582,-1.9129999876592478]]},"properties":{"OBJECTID":541,"NAME":"African:Indian","LABEL":"Divergent Boundary"}},{"type":"Feature","id":542,"geometry":{"type":"LineString","coordinates":[[67.92900085460582,-1.9129999876592478],[67.78800201458137,-2.0880000592553074]]},"properties":{"OBJECTID":542,"NAME":"African:Indian","LABEL":"Transform Boundary"}},{"type":"Feature","id":543,"geometry":{"type":"LineString","coordinates":[[-12.701000213988664,-2.0989999774669172],[-12.163999557333682,-1.9450000523104904]]},"properties":{"OBJECTID":543,"NAME":"African:South American","LABEL":"Transform Boundary"}},{"type":"Feature","id":544,"geometry":{"type":"LineString","coordinates":[[-13.15799999270547,-0.9150000216336593],[-12.930000305369731,-1.506999969872652],[-12.701000213988664,-2.0989999774669172]]},"properties":{"OBJECTID":544,"NAME":"African:South American","LABEL":"Divergent Boundary"}},{"type":"Feature","id":545,"geometry":{"type":"LineString","coordinates":[[67.78800201458137,-2.0880000592553074],[68.2490005496357,-2.5399999617288245]]},"properties":{"OBJECTID":545,"NAME":"African:Indian","LABEL":"Divergent Boundary"}},{"type":"Feature","id":546,"geometry":{"type":"LineString","coordinates":[[143.10919937035476,-2.6093609245669427],[142.5097872961469,-2.276318418560095],[142.0758375452666,-2.0044654599129785],[141.64208215766553,-1.791676520754777],[141.06886871511915,-1.5748575099660798],[140.41505565929128,-1.3290227762800555],[139.91677046688358,-1.1449793587103727],[139.24776799569656,-0.8971407331582668],[138.69236627918053,-0.7088761011510769]]},"properties":{"OBJECTID":546,"NAME":"Pacific:Australia","LABEL":"Convergent Boundary"}},{"type":"Feature","id":547,"geometry":{"type":"LineString","coordinates":[[68.2490005496357,-2.5399999617288245],[67.89199829128819,-2.888000011791064]]},"properties":{"OBJECTID":547,"NAME":"African:Australian","LABEL":"Transform Boundary"}},{"type":"Feature","id":548,"geometry":{"type":"LineString","coordinates":[[-102.62100219769326,-1.9060000182861927],[-102.68699646031837,-2.4360001084182272],[-102.75399780265644,-2.9340000151885306]]},"properties":{"OBJECTID":548,"NAME":"Pacific:Nazca","LABEL":"Divergent Boundary"}},{"type":"Feature","id":549,"geometry":{"type":"LineString","coordinates":[[-102.75399780265644,-2.9340000151885306],[-102.56600189167392,-2.9360001083182965]]},"properties":{"OBJECTID":549,"NAME":"Pacific:Nazca","LABEL":"Transform Boundary"}},{"type":"Feature","id":550,"geometry":{"type":"LineString","coordinates":[[-78.63136575592483,7.1228029007333475],[-78.54585539281209,6.983422698298909],[-78.45584448403565,6.848498544871973],[-78.38383575701454,6.727033719830331],[-78.31182703089274,6.6280395964502645],[-78.2578204856269,6.5470294102790945],[-78.20381394036104,6.45250070144624],[-78.16780957774978,6.362456737188722],[-78.12730466857556,6.2678933693835575],[-78.0724968993124,6.1355141273751315],[-78.03650141570773,6.066515644381525],[-77.9832872154326,5.848907466806224],[-77.94728285192207,5.50627305355863],[-78.06650019472818,4.845543319968272],[-78.32850123234596,4.079557830729357],[-78.64850092737584,3.405568362489987],[-79.15149927956804,2.793576311597576],[-79.46449519030074,2.4405802514774564],[-79.77749872998237,2.087583429631593],[-80.27849818064647,1.5625875774547922],[-80.56049586159469,1.0665902477417717],[-80.87349940127632,0.4455922374918373],[-81.21549464026538,-0.27040754027569847],[-81.40149927956804,-1.0814098823601626],[-81.5854973874944,-1.8004142312317413],[-81.518496044257,-2.42341979448787],[-81.6384987910863,-2.986426161138354],[-81.5854973874944,-3.2314292485609144]]},"properties":{"OBJECTID":550,"NAME":"South American:Nazca","LABEL":"Convergent Boundary"}},{"type":"Feature","id":551,"geometry":{"type":"LineString","coordinates":[[144.31183985302687,-4.069258053416377],[144.47394390638624,-4.387809016173094],[145.4110375629333,-5.477524129634844],[146.35942385532678,-6.393315286771042],[147.26379269078006,-7.05729599581349],[147.89886307477116,-7.324249628717325],[148.56075535297725,-7.408192435732303]]},"properties":{"OBJECTID":551,"NAME":"Australia:Pacific","LABEL":"Convergent Boundary"}},{"type":"Feature","id":552,"geometry":{"type":"LineString","coordinates":[[67.89199829128819,-2.888000011791064],[68.26999664283085,-3.3510000707966014],[68.66699981678818,-3.770999908618819]]},"properties":{"OBJECTID":552,"NAME":"African:Australian","LABEL":"Divergent Boundary"}},{"type":"Feature","id":553,"geometry":{"type":"LineString","coordinates":[[-12.163999557333682,-1.9450000523104904],[-11.998999595255043,-2.400000094928373],[-11.83399963407578,-2.855000018835767],[-12.0290002826369,-3.013000011541237],[-11.897999763378323,-3.493000030726762],[-11.765999794255038,-3.9719998832879355]]},"properties":{"OBJECTID":553,"NAME":"African:South American","LABEL":"Divergent Boundary"}},{"type":"Feature","id":554,"geometry":{"type":"LineString","coordinates":[[-102.56600189167392,-2.9360001083182965],[-102.57099914549411,-3.4349999424932776],[-102.73500061009003,-4.056000232524639]]},"properties":{"OBJECTID":554,"NAME":"Pacific:Nazca","LABEL":"Divergent Boundary"}},{"type":"Feature","id":555,"geometry":{"type":"LineString","coordinates":[[-102.73500061009003,-4.056000232524639],[-103.63700103776762,-3.9509999751686564],[-104.53900146454589,-3.8440001013235587]]},"properties":{"OBJECTID":555,"NAME":"Pacific:Nazca","LABEL":"Transform Boundary"}},{"type":"Feature","id":556,"geometry":{"type":"LineString","coordinates":[[-11.765999794255038,-3.9719998832879355],[-12.097000122457644,-4.1030001642261595]]},"properties":{"OBJECTID":556,"NAME":"African:South American","LABEL":"Transform Boundary"}},{"type":"Feature","id":557,"geometry":{"type":"LineString","coordinates":[[68.66699981678818,-3.770999908618819],[68.34899902328635,-4.118000030377061]]},"properties":{"OBJECTID":557,"NAME":"African:Australian","LABEL":"Transform Boundary"}},{"type":"Feature","id":558,"geometry":{"type":"LineString","coordinates":[[-104.53900146454589,-3.8440001013235587],[-104.69899749713676,-4.151999950737093]]},"properties":{"OBJECTID":558,"NAME":"Pacific:Nazca","LABEL":"Divergent Boundary"}},{"type":"Feature","id":559,"geometry":{"type":"LineString","coordinates":[[-104.69899749713676,-4.151999950737093],[-105.37999725357037,-4.078000068947972]]},"properties":{"OBJECTID":559,"NAME":"Pacific:Nazca","LABEL":"Transform Boundary"}},{"type":"Feature","id":560,"geometry":{"type":"LineString","coordinates":[[68.34899902328635,-4.118000030377061],[68.75099945106388,-4.5489997864109455]]},"properties":{"OBJECTID":560,"NAME":"African:Australian","LABEL":"Divergent Boundary"}},{"type":"Feature","id":561,"geometry":{"type":"LineString","coordinates":[[-105.37999725357037,-4.078000068947972],[-105.54399871816628,-4.56899976712549]]},"properties":{"OBJECTID":561,"NAME":"Pacific:Nazca","LABEL":"Divergent Boundary"}},{"type":"Feature","id":562,"geometry":{"type":"LineString","coordinates":[[-105.54399871816628,-4.56899976712549],[-106.25299835209222,-4.493999957931692]]},"properties":{"OBJECTID":562,"NAME":"Pacific:Nazca","LABEL":"Transform Boundary"}},{"type":"Feature","id":563,"geometry":{"type":"LineString","coordinates":[[-12.097000122457644,-4.1030001642261595],[-12.038999557583452,-4.5869998930305655]]},"properties":{"OBJECTID":563,"NAME":"African:South American","LABEL":"Divergent Boundary"}},{"type":"Feature","id":564,"geometry":{"type":"LineString","coordinates":[[-12.038999557583452,-4.5869998930305655],[-12.144000053259788,-4.609000206094606]]},"properties":{"OBJECTID":564,"NAME":"African:South American","LABEL":"Transform Boundary"}},{"type":"Feature","id":565,"geometry":{"type":"LineString","coordinates":[[-12.019000053509615,-5.026000022483004],[-11.60400009193063,-4.941999912465917]]},"properties":{"OBJECTID":565,"NAME":"African:South American","LABEL":"Transform Boundary"}},{"type":"Feature","id":566,"geometry":{"type":"LineString","coordinates":[[-12.144000053259788,-4.609000206094606],[-12.019000053509615,-5.026000022483004]]},"properties":{"OBJECTID":566,"NAME":"African:South American","LABEL":"Divergent Boundary"}},{"type":"Feature","id":567,"geometry":{"type":"LineString","coordinates":[[68.75099945106388,-4.5489997864109455],[68.19899749743661,-5.04199981693796]]},"properties":{"OBJECTID":567,"NAME":"African:Australian","LABEL":"Transform Boundary"}},{"type":"Feature","id":568,"geometry":{"type":"LineString","coordinates":[[-11.515999793855372,-5.414999962278387],[-11.166999817287717,-5.376999854759447]]},"properties":{"OBJECTID":568,"NAME":"African:South American","LABEL":"Transform Boundary"}},{"type":"Feature","id":569,"geometry":{"type":"LineString","coordinates":[[-11.60400009193063,-4.941999912465917],[-11.515999793855372,-5.414999962278387]]},"properties":{"OBJECTID":569,"NAME":"African:South American","LABEL":"Divergent Boundary"}},{"type":"Feature","id":570,"geometry":{"type":"LineString","coordinates":[[68.19899749743661,-5.04199981693796],[68.60700225874729,-5.472000122207817]]},"properties":{"OBJECTID":570,"NAME":"African:Australian","LABEL":"Divergent Boundary"}},{"type":"Feature","id":571,"geometry":{"type":"LineString","coordinates":[[-106.25299835209222,-4.493999957931692],[-106.44999694800072,-5.043000220983345],[-106.58699798586832,-5.6240000720456464]]},"properties":{"OBJECTID":571,"NAME":"Pacific:Nazca","LABEL":"Divergent Boundary"}},{"type":"Feature","id":572,"geometry":{"type":"LineString","coordinates":[[-106.58699798586832,-5.6240000720456464],[-106.74099731477423,-5.619999885786058]]},"properties":{"OBJECTID":572,"NAME":"Pacific:Nazca","LABEL":"Transform Boundary"}},{"type":"Feature","id":573,"geometry":{"type":"LineString","coordinates":[[-11.166999817287717,-5.376999854759447],[-11.02200031256433,-5.929999828329358]]},"properties":{"OBJECTID":573,"NAME":"African:South American","LABEL":"Divergent Boundary"}},{"type":"Feature","id":574,"geometry":{"type":"LineString","coordinates":[[-106.74099731477423,-5.619999885786058],[-106.75199890122826,-6.019000053809407]]},"properties":{"OBJECTID":574,"NAME":"Pacific:Nazca","LABEL":"Divergent Boundary"}},{"type":"Feature","id":575,"geometry":{"type":"LineString","coordinates":[[-106.75199890122826,-6.019000053809407],[-106.84500122042994,-6.015999794055176]]},"properties":{"OBJECTID":575,"NAME":"Pacific:Nazca","LABEL":"Transform Boundary"}},{"type":"Feature","id":576,"geometry":{"type":"LineString","coordinates":[[-11.02200031256433,-5.929999828329358],[-11.26700019840041,-6.019999981214141]]},"properties":{"OBJECTID":576,"NAME":"African:South American","LABEL":"Transform Boundary"}},{"type":"Feature","id":577,"geometry":{"type":"LineString","coordinates":[[68.60700225874729,-5.472000122207817],[68.21900176971593,-5.890999794305003],[67.78199768104821,-6.258999824182467]]},"properties":{"OBJECTID":577,"NAME":"African:Australian","LABEL":"Transform Boundary"}},{"type":"Feature","id":578,"geometry":{"type":"LineString","coordinates":[[-106.84500122042994,-6.015999794055176],[-106.94999694790079,-6.442999839570916]]},"properties":{"OBJECTID":578,"NAME":"Pacific:Nazca","LABEL":"Divergent Boundary"}},{"type":"Feature","id":579,"geometry":{"type":"LineString","coordinates":[[-106.94999694790079,-6.442999839570916],[-107.44100189182382,-6.367000102972327]]},"properties":{"OBJECTID":579,"NAME":"Pacific:Nazca","LABEL":"Transform Boundary"}},{"type":"Feature","id":580,"geometry":{"type":"LineString","coordinates":[[-11.26700019840041,-6.019999981214141],[-11.180999756033884,-6.755000114463655]]},"properties":{"OBJECTID":580,"NAME":"African:South American","LABEL":"Divergent Boundary"}},{"type":"Feature","id":581,"geometry":{"type":"LineString","coordinates":[[67.78199768104821,-6.258999824182467],[68.27400207483595,-6.8109998703477]]},"properties":{"OBJECTID":581,"NAME":"African:Australian","LABEL":"Divergent Boundary"}},{"type":"Feature","id":582,"geometry":{"type":"LineString","coordinates":[[68.27400207483595,-6.8109998703477],[67.81099700930457,-7.252999782913605]]},"properties":{"OBJECTID":582,"NAME":"African:Australian","LABEL":"Transform Boundary"}},{"type":"Feature","id":583,"geometry":{"type":"LineString","coordinates":[[153.92999267542166,-6.264999866150845],[154.2250061031492,-6.506999969772721],[154.53999328646103,-6.8179998397207555],[154.9270019527779,-7.293000220983345]]},"properties":{"OBJECTID":583,"NAME":"Australia:Pacific","LABEL":"Convergent Boundary"}},{"type":"Feature","id":584,"geometry":{"type":"LineString","coordinates":[[-11.180999756033884,-6.755000114463655],[-11.993000030826693,-6.960999965376061],[-12.807000160429027,-7.164999961478998],[-13.621000290031304,-7.367000102772465]]},"properties":{"OBJECTID":584,"NAME":"African:South American","LABEL":"Transform Boundary"}},{"type":"Feature","id":585,"geometry":{"type":"LineString","coordinates":[[148.5870056156167,-7.394999981164176],[149.31399536149684,-7.032000064950978],[149.86000061053983,-6.939000129852047],[150.14599609364484,-6.881000041618563],[150.66299438458327,-6.693999767375317],[151.14799499497315,-6.442999839570916],[151.55822866751907,-6.237765522161055],[151.90345016499316,-6.0691692017971945],[152.27331732863183,-5.884450829542118],[152.64496370111397,-5.753964295315939],[153.00991998811708,-5.761534078734712],[153.42401279815215,-5.959397997819281],[153.92999267542166,-6.264999866150845]]},"properties":{"OBJECTID":585,"NAME":"Australia:Pacific","LABEL":"Convergent Boundary"}},{"type":"Feature","id":586,"geometry":{"type":"LineString","coordinates":[[154.9270019527779,-7.293000220983345],[155.45399475135673,-7.488999843667784]]},"properties":{"OBJECTID":586,"NAME":"Australia:Pacific","LABEL":"Convergent Boundary"}},{"type":"Feature","id":587,"geometry":{"type":"LineString","coordinates":[[67.81099700930457,-7.252999782913605],[68.07299804692241,-7.647999763778046]]},"properties":{"OBJECTID":587,"NAME":"African:Australian","LABEL":"Divergent Boundary"}},{"type":"Feature","id":588,"geometry":{"type":"LineString","coordinates":[[68.07299804692241,-7.647999763778046],[67.64199829088847,-8.027000426828181]]},"properties":{"OBJECTID":588,"NAME":"African:Australian","LABEL":"Transform Boundary"}},{"type":"Feature","id":589,"geometry":{"type":"LineString","coordinates":[[155.45399475135673,-7.488999843667784],[155.81199645956906,-7.70599985111221],[156.04699707045847,-7.883999824532225],[156.41635209897026,-8.118042531537526]]},"properties":{"OBJECTID":589,"NAME":"Australia:Pacific","LABEL":"Convergent Boundary"}},{"type":"Feature","id":590,"geometry":{"type":"LineString","coordinates":[[-13.357000350885414,-8.411000252059921],[-13.190999984761447,-8.373999595305008]]},"properties":{"OBJECTID":590,"NAME":"African:South American","LABEL":"Transform Boundary"}},{"type":"Feature","id":591,"geometry":{"type":"LineString","coordinates":[[-13.621000290031304,-7.367000102772465],[-13.4890003200087,-7.888999939095868],[-13.357000350885414,-8.411000252059921]]},"properties":{"OBJECTID":591,"NAME":"African:South American","LABEL":"Divergent Boundary"}},{"type":"Feature","id":592,"geometry":{"type":"LineString","coordinates":[[67.64199829088847,-8.027000426828181],[68.0390014648458,-8.491999626581446]]},"properties":{"OBJECTID":592,"NAME":"African:Australian","LABEL":"Divergent Boundary"}},{"type":"Feature","id":593,"geometry":{"type":"LineString","coordinates":[[-107.44100189182382,-6.367000102972327],[-107.60700225794778,-6.7589998240825935],[-107.65299987814183,-7.1859998704975965],[-107.87999725307071,-7.513999938945972],[-108.0630035400813,-8.239999771372311],[-108.19200134288764,-8.357000350985345],[-108.31999969492995,-9.145000457904757]]},"properties":{"OBJECTID":593,"NAME":"Pacific:Nazca","LABEL":"Divergent Boundary"}},{"type":"Feature","id":594,"geometry":{"type":"LineString","coordinates":[[-108.31999969492995,-9.145000457904757],[-109.03800201378186,-9.034999847664778],[-109.7559967036849,-8.925000190706214]]},"properties":{"OBJECTID":594,"NAME":"Pacific:Nazca","LABEL":"Transform Boundary"}},{"type":"Feature","id":595,"geometry":{"type":"LineString","coordinates":[[-13.190999984761447,-8.373999595305008],[-13.022999763828011,-9.225000381662255]]},"properties":{"OBJECTID":595,"NAME":"African:South American","LABEL":"Divergent Boundary"}},{"type":"Feature","id":596,"geometry":{"type":"LineString","coordinates":[[68.0390014648458,-8.491999626581446],[67.56500244180927,-8.88099956547751],[67.08999633816052,-9.27000045765493]]},"properties":{"OBJECTID":596,"NAME":"African:Australian","LABEL":"Transform Boundary"}},{"type":"Feature","id":597,"geometry":{"type":"LineString","coordinates":[[-13.022999763828011,-9.225000381662255],[-13.248000144690877,-9.2760000229826]]},"properties":{"OBJECTID":597,"NAME":"African:South American","LABEL":"Transform Boundary"}},{"type":"Feature","id":598,"geometry":{"type":"LineString","coordinates":[[67.08999633816052,-9.27000045765493],[67.37799835174258,-9.630000114113955]]},"properties":{"OBJECTID":598,"NAME":"African:Australian","LABEL":"Divergent Boundary"}},{"type":"Feature","id":599,"geometry":{"type":"LineString","coordinates":[[-109.7559967036849,-8.925000190706214],[-109.85700225794778,-9.677000045815419]]},"properties":{"OBJECTID":599,"NAME":"Pacific:Nazca","LABEL":"Divergent Boundary"}},{"type":"Feature","id":600,"geometry":{"type":"LineString","coordinates":[[-109.85700225794778,-9.677000045815419],[-110.0709991457939,-9.664999961878664]]},"properties":{"OBJECTID":600,"NAME":"Pacific:Nazca","LABEL":"Transform Boundary"}},{"type":"Feature","id":601,"geometry":{"type":"LineString","coordinates":[[-13.248000144690877,-9.2760000229826],[-13.166000366123967,-9.793999672147095]]},"properties":{"OBJECTID":601,"NAME":"African:South American","LABEL":"Divergent Boundary"}},{"type":"Feature","id":602,"geometry":{"type":"LineString","coordinates":[[-13.166000366123967,-9.793999672147095],[-13.314999580466235,-9.82499980939366]]},"properties":{"OBJECTID":602,"NAME":"African:South American","LABEL":"Transform Boundary"}},{"type":"Feature","id":603,"geometry":{"type":"LineString","coordinates":[[67.37799835174258,-9.630000114113955],[66.91999816898038,-9.989999771472242],[66.45999908469008,-10.350000381212567]]},"properties":{"OBJECTID":603,"NAME":"African:Australian","LABEL":"Transform Boundary"}},{"type":"Feature","id":604,"geometry":{"type":"LineString","coordinates":[[66.45999908469008,-10.350000381212567],[66.78700256311782,-10.762000083936698]]},"properties":{"OBJECTID":604,"NAME":"African:Australian","LABEL":"Divergent Boundary"}},{"type":"Feature","id":605,"geometry":{"type":"LineString","coordinates":[[-110.0709991457939,-9.664999961878664],[-110.21800231935151,-10.079999923457649],[-110.29199981703789,-10.80200004536573]]},"properties":{"OBJECTID":605,"NAME":"Pacific:Nazca","LABEL":"Divergent Boundary"}},{"type":"Feature","id":606,"geometry":{"type":"LineString","coordinates":[[-110.29199981703789,-10.80200004536573],[-110.44699859580851,-10.821999549439624]]},"properties":{"OBJECTID":606,"NAME":"Pacific:Nazca","LABEL":"Transform Boundary"}},{"type":"Feature","id":607,"geometry":{"type":"LineString","coordinates":[[66.78700256311782,-10.762000083936698],[66.16699981728777,-11.21000003847098]]},"properties":{"OBJECTID":607,"NAME":"African:Australian","LABEL":"Transform Boundary"}},{"type":"Feature","id":608,"geometry":{"type":"LineString","coordinates":[[-13.314999580466235,-9.82499980939366],[-13.173999786261106,-10.623000144540981],[-13.031000137246508,-11.421999931351706]]},"properties":{"OBJECTID":608,"NAME":"African:South American","LABEL":"Divergent Boundary"}},{"type":"Feature","id":609,"geometry":{"type":"LineString","coordinates":[[156.41635209897026,-8.118042531537526],[156.6954870363977,-8.330913982594154],[157.01603665336893,-8.608392333739175],[157.10135089232983,-8.68542363679137],[157.1770019527779,-8.746000289881408],[157.2409973147743,-8.784000396501028],[157.31700134293771,-8.822999953884732],[157.41900634796468,-8.89999961878732],[157.57200622520725,-8.965000153034566],[157.6479949954727,-9.00399971041827],[157.7239990236361,-9.067999839720756],[157.8269958495789,-9.107000351285137],[157.91600036662373,-9.159000396650924],[157.99200439478705,-9.210000037971326],[158.05599975588405,-9.248999595354974],[158.1450042720296,-9.312999725556836],[158.27299499512299,-9.390000343740837],[158.3880004881321,-9.442000389106624],[158.47799682609275,-9.480999946490272],[158.58000183111972,-9.506999969173194],[158.70899963392606,-9.545999526556841],[158.90422909339804,-9.654448233399194],[159.05764859160934,-9.72203635999],[159.2209930420953,-9.829000473193219],[159.28500366198944,-9.88000011451362],[159.36199951196795,-9.930999755834023],[159.4389953610471,-9.968999862453643],[159.5030059818406,-10.02099990871875],[159.58000183091985,-10.083999633975907],[159.64399719201685,-10.123000144640912],[159.70799255401323,-10.173999785961314],[159.77200317390736,-10.199999809543556],[159.8370056156167,-10.251000404145316],[159.91400146469596,-10.276000022782796],[159.97799682579296,-10.314999580166443],[160.0679931637536,-10.378999710368305],[160.13200378454712,-10.416999816987925],[160.2100067142385,-10.468000411589685],[160.28700256331774,-10.519000053809407],[160.36399841329626,-10.569999695129752],[160.4929962161026,-10.633999824432294],[160.5440063480146,-10.671999931051914],[160.62199401890894,-10.722999572372316],[160.72500610364887,-10.786999702574178],[160.77600097676373,-10.838000297175938],[160.86700439443734,-10.91399955713382],[160.93099975553434,-10.9650001526349],[160.99600219724368,-11.029000281937442],[161.05999755834068,-11.053999900574922],[161.12500000005002,-11.130000114713482],[161.20199585002854,-11.168000221333102],[161.3059997556843,-11.194000244016024],[161.38400268537566,-11.232000350635644],[161.46099853535418,-11.24499988533637],[161.5520019530278,-11.28299999195599],[161.8182272510868,-11.319267190428434],[162.03779633922977,-11.348793920702803],[162.260877937367,-11.368533312961972],[162.49663389873547,-11.341116473146656]]},"properties":{"OBJECTID":609,"NAME":"Pacific:Australian","LABEL":"Convergent Boundary"}},{"type":"Feature","id":610,"geometry":{"type":"LineString","coordinates":[[66.16699981728777,-11.21000003847098],[66.4179992675522,-11.559000015038635]]},"properties":{"OBJECTID":610,"NAME":"African:Australian","LABEL":"Divergent Boundary"}},{"type":"Feature","id":611,"geometry":{"type":"LineString","coordinates":[[-13.031000137246508,-11.421999931351706],[-13.524000167773465,-11.538999557683383],[-14.017999649064507,-11.654999733251032],[-14.512000083636906,-11.77099990881868],[-15.005999564927947,-11.88500022867754]]},"properties":{"OBJECTID":611,"NAME":"African:South American","LABEL":"Transform Boundary"}},{"type":"Feature","id":612,"geometry":{"type":"LineString","coordinates":[[66.4179992675522,-11.559000015038635],[65.69799804717218,-12.019000053509615]]},"properties":{"OBJECTID":612,"NAME":"African:Australian","LABEL":"Transform Boundary"}},{"type":"Feature","id":613,"geometry":{"type":"LineString","coordinates":[[-14.9079999928054,-12.338999748539493],[-14.86100006110388,-12.319999695229683]]},"properties":{"OBJECTID":613,"NAME":"African:South American","LABEL":"Transform Boundary"}},{"type":"Feature","id":614,"geometry":{"type":"LineString","coordinates":[[-15.005999564927947,-11.88500022867754],[-14.9079999928054,-12.338999748539493]]},"properties":{"OBJECTID":614,"NAME":"African:South American","LABEL":"Divergent Boundary"}},{"type":"Feature","id":615,"geometry":{"type":"LineString","coordinates":[[-14.791000366473668,-12.656000137096612],[-14.550000191155846,-12.576999664103198]]},"properties":{"OBJECTID":615,"NAME":"African:South American","LABEL":"Transform Boundary"}},{"type":"Feature","id":616,"geometry":{"type":"LineString","coordinates":[[-14.86100006110388,-12.319999695229683],[-14.791000366473668,-12.656000137096612]]},"properties":{"OBJECTID":616,"NAME":"African:South American","LABEL":"Divergent Boundary"}},{"type":"Feature","id":617,"geometry":{"type":"LineString","coordinates":[[-110.44699859580851,-10.821999549439624],[-110.48500061078954,-11.394000052960052],[-110.67500305134973,-11.472000121908081],[-110.92600250251343,-11.968000412189213],[-111.0770034791272,-12.74199962618178]]},"properties":{"OBJECTID":617,"NAME":"Pacific:Nazca","LABEL":"Divergent Boundary"}},{"type":"Feature","id":618,"geometry":{"type":"LineString","coordinates":[[-111.0770034791272,-12.74199962618178],[-110.89199829058862,-12.755000114163863]]},"properties":{"OBJECTID":618,"NAME":"Pacific:Nazca","LABEL":"Transform Boundary"}},{"type":"Feature","id":619,"geometry":{"type":"LineString","coordinates":[[65.69799804717218,-12.019000053509615],[66.0329971317123,-12.425999641670103],[66.3690032959654,-12.833000183111892]]},"properties":{"OBJECTID":619,"NAME":"African:Australian","LABEL":"Divergent Boundary"}},{"type":"Feature","id":620,"geometry":{"type":"LineString","coordinates":[[-14.550000191155846,-12.576999664103198],[-14.409999847714744,-13.218000412389074]]},"properties":{"OBJECTID":620,"NAME":"African:South American","LABEL":"Divergent Boundary"}},{"type":"Feature","id":621,"geometry":{"type":"LineString","coordinates":[[-14.409999847714744,-13.218000412389074],[-14.60000038171222,-13.265999793955302]]},"properties":{"OBJECTID":621,"NAME":"African:South American","LABEL":"Transform Boundary"}},{"type":"Feature","id":622,"geometry":{"type":"LineString","coordinates":[[66.3690032959654,-12.833000183111892],[65.8209991453943,-13.267999648764714]]},"properties":{"OBJECTID":622,"NAME":"African:Australian","LABEL":"Transform Boundary"}},{"type":"Feature","id":623,"geometry":{"type":"LineString","coordinates":[[-110.89199829058862,-12.755000114163863],[-111.00700378449704,-13.41100025195999]]},"properties":{"OBJECTID":623,"NAME":"Pacific:Nazca","LABEL":"Divergent Boundary"}},{"type":"Feature","id":624,"geometry":{"type":"LineString","coordinates":[[-111.00700378449704,-13.41100025195999],[-111.19100189242334,-13.395999908269118]]},"properties":{"OBJECTID":624,"NAME":"Pacific:Nazca","LABEL":"Transform Boundary"}},{"type":"Feature","id":625,"geometry":{"type":"LineString","coordinates":[[-111.19100189242334,-13.395999908269118],[-111.26599883997443,-13.541000366273863]]},"properties":{"OBJECTID":625,"NAME":"Pacific:Nazca","LABEL":"Divergent Boundary"}},{"type":"Feature","id":626,"geometry":{"type":"LineString","coordinates":[[-111.26599883997443,-13.541000366273863],[-111.84600067109409,-13.465000153034566],[-112.42600250221369,-13.385999679141833]]},"properties":{"OBJECTID":626,"NAME":"Pacific:Nazca","LABEL":"Transform Boundary"}},{"type":"Feature","id":627,"geometry":{"type":"LineString","coordinates":[[65.8209991453943,-13.267999648764714],[66.20999908429036,-13.777000427028042]]},"properties":{"OBJECTID":627,"NAME":"African:Australian","LABEL":"Divergent Boundary"}},{"type":"Feature","id":628,"geometry":{"type":"LineString","coordinates":[[164.5774604141668,-10.896014700817716],[164.7850418488024,-10.968609641921375],[164.95797243557945,-11.050126594266885],[165.11930155572225,-11.178491239279197],[165.28450022840286,-11.33341513689902],[165.43408668745076,-11.503895218589435],[165.54217132174915,-11.666258687688241],[165.6210021969939,-11.88700008348701],[165.71499633801068,-12.126999854759447],[165.77000427207952,-12.315999984711482],[165.83799743623274,-12.517000198600215],[165.89399719211679,-12.744000435171927],[165.90899658162698,-12.869999885686127],[165.95199584952888,-13.071999549439624],[166.02000427247924,-13.26099967939166],[166.08999633816052,-13.512999534600795],[166.13200378424733,-13.675999640970588],[166.15400695805477,-13.779000282736831]]},"properties":{"OBJECTID":628,"NAME":"Pacific:Australian","LABEL":"Convergent Boundary"}},{"type":"Feature","id":629,"geometry":{"type":"LineString","coordinates":[[66.20999908429036,-13.777000427028042],[65.92800140424146,-13.97900009168086]]},"properties":{"OBJECTID":629,"NAME":"African:Australian","LABEL":"Transform Boundary"}},{"type":"Feature","id":630,"geometry":{"type":"LineString","coordinates":[[-14.477999687535487,-14.208000183061927],[-13.64299964891461,-14.034999847564848]]},"properties":{"OBJECTID":630,"NAME":"African:South American","LABEL":"Transform Boundary"}},{"type":"Feature","id":631,"geometry":{"type":"LineString","coordinates":[[-14.60000038171222,-13.265999793955302],[-14.538999557083855,-13.737000465598953],[-14.477999687535487,-14.208000183061927]]},"properties":{"OBJECTID":631,"NAME":"African:South American","LABEL":"Divergent Boundary"}},{"type":"Feature","id":632,"geometry":{"type":"LineString","coordinates":[[-174.75399780265644,-14.333999633576184],[-174.08299255386325,-14.378999710468236],[-173.83599853560392,-14.53400039670089]]},"properties":{"OBJECTID":632,"NAME":"Pacific:Australian","LABEL":"Transform Boundary"}},{"type":"Feature","id":633,"geometry":{"type":"LineString","coordinates":[[-173.83599853560392,-14.53400039670089],[-173.4069976810981,-14.583999633975907]]},"properties":{"OBJECTID":633,"NAME":"Pacific:Australian","LABEL":"Transform Boundary"}},{"type":"Feature","id":634,"geometry":{"type":"LineString","coordinates":[[-112.42600250221369,-13.385999679141833],[-112.43900299109515,-13.864999770922623],[-112.58100128188363,-14.062000274293155],[-112.61299896243213,-14.718000412089282]]},"properties":{"OBJECTID":634,"NAME":"Pacific:Nazca","LABEL":"Divergent Boundary"}},{"type":"Feature","id":635,"geometry":{"type":"LineString","coordinates":[[-112.61299896243213,-14.718000412089282],[-112.76599884057401,-14.704000473343115]]},"properties":{"OBJECTID":635,"NAME":"Pacific:Nazca","LABEL":"Transform Boundary"}},{"type":"Feature","id":636,"geometry":{"type":"LineString","coordinates":[[-13.64299964891461,-14.034999847564848],[-13.435000419833443,-14.848999977167182],[-13.225999832526213,-15.66300010676946]]},"properties":{"OBJECTID":636,"NAME":"African:South American","LABEL":"Divergent Boundary"}},{"type":"Feature","id":637,"geometry":{"type":"LineString","coordinates":[[-13.225999832526213,-15.66300010676946],[-13.383999824332363,-15.68799972540694]]},"properties":{"OBJECTID":637,"NAME":"African:South American","LABEL":"Transform Boundary"}},{"type":"Feature","id":638,"geometry":{"type":"LineString","coordinates":[[-81.59899902358603,-3.244999885136565],[-81.92600250201383,-3.7209999563828546],[-82.01000213628953,-4.504000187058921],[-81.99800109907142,-5.252999782414008],[-81.95400238040548,-6.002999782713744],[-81.78399658227642,-6.65500020999167],[-81.5490036012352,-7.306000232324834],[-81.37500000004991,-7.987999916163176],[-81.04100036627386,-8.664999962078525],[-80.7009963989646,-9.434000015688127],[-80.36799621595259,-9.920999526706737],[-79.99700164780774,-10.560000419283881],[-79.6179962156528,-11.291000366273863],[-79.14700317385734,-11.890000343241184],[-78.6650009157596,-12.640999794305003],[-78.40699768029867,-13.01399993874611],[-78.14800262482123,-13.387000084086537],[-77.63899993909587,-13.913999557433556],[-77.12500000044963,-14.467000007644174],[-76.76499938980993,-14.843000411839512],[-76.40299987764217,-15.218999862753435],[-75.91600036662356,-15.736000061153845]]},"properties":{"OBJECTID":638,"NAME":"South American:Nazca","LABEL":"Convergent Boundary"}},{"type":"Feature","id":639,"geometry":{"type":"LineString","coordinates":[[65.92800140424146,-13.97900009168086],[66.2080001827623,-14.338999748139827],[66.48799896218242,-14.697999953834767],[66.88800048843183,-15.270000457355195],[67.29000091531003,-15.821000099474986],[67.3830032345117,-15.942000388706902]]},"properties":{"OBJECTID":639,"NAME":"African:Australian","LABEL":"Divergent Boundary"}},{"type":"Feature","id":640,"geometry":{"type":"LineString","coordinates":[[67.3830032345117,-15.942000388706902],[67.03299713151245,-16.138999938796076]]},"properties":{"OBJECTID":640,"NAME":"African:Australian","LABEL":"Transform Boundary"}},{"type":"Feature","id":641,"geometry":{"type":"LineString","coordinates":[[-13.383999824332363,-15.68799972540694],[-13.239000320508353,-16.21199989318046]]},"properties":{"OBJECTID":641,"NAME":"African:South American","LABEL":"Divergent Boundary"}},{"type":"Feature","id":642,"geometry":{"type":"LineString","coordinates":[[-112.76599884057401,-14.704000473343115],[-112.86900329546569,-15.248000145190474],[-112.97299957307183,-15.79199981703789],[-113.06600189227345,-16.35099983257618]]},"properties":{"OBJECTID":642,"NAME":"Pacific:Nazca","LABEL":"Divergent Boundary"}},{"type":"Feature","id":643,"geometry":{"type":"LineString","coordinates":[[-113.06600189227345,-16.35099983257618],[-112.97299957307183,-16.361000060804145]]},"properties":{"OBJECTID":643,"NAME":"Pacific:Nazca","LABEL":"Transform Boundary"}},{"type":"Feature","id":644,"geometry":{"type":"LineString","coordinates":[[-13.239000320508353,-16.21199989318046],[-13.77000045765493,-16.322999954184468],[-14.302000045565592,-16.433000564424447]]},"properties":{"OBJECTID":644,"NAME":"African:South American","LABEL":"Transform Boundary"}},{"type":"Feature","id":645,"geometry":{"type":"LineString","coordinates":[[67.03299713151245,-16.138999938796076],[67.41000366213933,-16.659000396950717]]},"properties":{"OBJECTID":645,"NAME":"African:Australian","LABEL":"Divergent Boundary"}},{"type":"Feature","id":646,"geometry":{"type":"LineString","coordinates":[[-112.97299957307183,-16.361000060804145],[-113.16500091516008,-16.67000007594271]]},"properties":{"OBJECTID":646,"NAME":"Pacific:Nazca","LABEL":"Divergent Boundary"}},{"type":"Feature","id":647,"geometry":{"type":"LineString","coordinates":[[-113.16500091516008,-16.67000007594271],[-113.04100036617393,-16.68300056482417]]},"properties":{"OBJECTID":647,"NAME":"Pacific:Nazca","LABEL":"Transform Boundary"}},{"type":"Feature","id":648,"geometry":{"type":"LineString","coordinates":[[-14.302000045565592,-16.433000564424447],[-14.237999916263107,-16.763999939345695]]},"properties":{"OBJECTID":648,"NAME":"African:South American","LABEL":"Divergent Boundary"}},{"type":"Feature","id":649,"geometry":{"type":"LineString","coordinates":[[-14.237999916263107,-16.763999939345695],[-14.369000434622308,-16.777000427327835]]},"properties":{"OBJECTID":649,"NAME":"African:South American","LABEL":"Transform Boundary"}},{"type":"Feature","id":650,"geometry":{"type":"LineString","coordinates":[[-113.04100036617393,-16.68300056482417],[-113.24099731437451,-17.05200004546566]]},"properties":{"OBJECTID":650,"NAME":"Pacific:Nazca","LABEL":"Divergent Boundary"}},{"type":"Feature","id":651,"geometry":{"type":"LineString","coordinates":[[-113.24099731437451,-17.05200004546566],[-113.11699676538836,-17.06500053434712]]},"properties":{"OBJECTID":651,"NAME":"Pacific:Nazca","LABEL":"Transform Boundary"}},{"type":"Feature","id":652,"geometry":{"type":"LineString","coordinates":[[-113.11699676538836,-17.06500053434712],[-113.32900238065531,-17.520999908119222]]},"properties":{"OBJECTID":652,"NAME":"Pacific:Nazca","LABEL":"Divergent Boundary"}},{"type":"Feature","id":653,"geometry":{"type":"LineString","coordinates":[[-113.32900238065531,-17.520999908119222],[-113.17400360098537,-17.538000106619563]]},"properties":{"OBJECTID":653,"NAME":"Pacific:Nazca","LABEL":"Transform Boundary"}},{"type":"Feature","id":654,"geometry":{"type":"LineString","coordinates":[[-113.17400360098537,-17.538000106619563],[-113.38800048793212,-17.993999481290984]]},"properties":{"OBJECTID":654,"NAME":"Pacific:Nazca","LABEL":"Divergent Boundary"}},{"type":"Feature","id":655,"geometry":{"type":"LineString","coordinates":[[-14.079000472793552,-17.995000839517104],[-13.519000053209822,-17.892999649414264],[-12.960000038570854,-17.790000915110113]]},"properties":{"OBJECTID":655,"NAME":"African:South American","LABEL":"Transform Boundary"}},{"type":"Feature","id":656,"geometry":{"type":"LineString","coordinates":[[-14.369000434622308,-16.777000427327835],[-14.223999977516883,-17.385999679241763],[-14.079000472793552,-17.995000839517104]]},"properties":{"OBJECTID":656,"NAME":"African:South American","LABEL":"Divergent Boundary"}},{"type":"Feature","id":657,"geometry":{"type":"LineString","coordinates":[[-113.38800048793212,-17.993999481290984],[-113.26399993894597,-18.00799942003715]]},"properties":{"OBJECTID":657,"NAME":"Pacific:Nazca","LABEL":"Transform Boundary"}},{"type":"Feature","id":658,"geometry":{"type":"LineString","coordinates":[[67.41000366213933,-16.659000396950717],[66.70800018266237,-17.0900001529846],[66.14299774195229,-17.450000762724983],[65.54199981673821,-17.783000945737],[65.0070037839975,-18.058000564774204]]},"properties":{"OBJECTID":658,"NAME":"African:Australian","LABEL":"Transform Boundary"}},{"type":"Feature","id":659,"geometry":{"type":"LineString","coordinates":[[-113.26399993894597,-18.00799942003715],[-113.38300323501124,-18.444000243916093],[-113.5199966430306,-18.757999420336944]]},"properties":{"OBJECTID":659,"NAME":"Pacific:Nazca","LABEL":"Divergent Boundary"}},{"type":"Feature","id":660,"geometry":{"type":"LineString","coordinates":[[-113.5199966430306,-18.757999420336944],[-113.36399841349595,-18.77700042692811]]},"properties":{"OBJECTID":660,"NAME":"Pacific:Nazca","LABEL":"Transform Boundary"}},{"type":"Feature","id":661,"geometry":{"type":"LineString","coordinates":[[-12.758999824682121,-18.78499984706525],[-12.477000236271863,-18.74699974044563]]},"properties":{"OBJECTID":661,"NAME":"African:South American","LABEL":"Transform Boundary"}},{"type":"Feature","id":662,"geometry":{"type":"LineString","coordinates":[[-12.960000038570854,-17.790000915110113],[-12.859999656558841,-18.287000656155328],[-12.758999824682121,-18.78499984706525]]},"properties":{"OBJECTID":662,"NAME":"African:South American","LABEL":"Divergent Boundary"}},{"type":"Feature","id":663,"geometry":{"type":"LineString","coordinates":[[-113.36399841349595,-18.77700042692811],[-113.62300109882165,-19.28499984696532]]},"properties":{"OBJECTID":663,"NAME":"Pacific:Nazca","LABEL":"Divergent Boundary"}},{"type":"Feature","id":664,"geometry":{"type":"LineString","coordinates":[[-113.62300109882165,-19.28499984696532],[-113.49800109907142,-19.301000594701634]]},"properties":{"OBJECTID":664,"NAME":"Pacific:Nazca","LABEL":"Transform Boundary"}},{"type":"Feature","id":665,"geometry":{"type":"LineString","coordinates":[[-12.262999534400933,-19.93499946615242],[-11.944999695079844,-19.825000763374476]]},"properties":{"OBJECTID":665,"NAME":"African:South American","LABEL":"Transform Boundary"}},{"type":"Feature","id":666,"geometry":{"type":"LineString","coordinates":[[-12.477000236271863,-18.74699974044563],[-12.369999885786058,-19.340999602849365],[-12.262999534400933,-19.93499946615242]]},"properties":{"OBJECTID":666,"NAME":"African:South American","LABEL":"Divergent Boundary"}},{"type":"Feature","id":667,"geometry":{"type":"LineString","coordinates":[[66.42800140414153,-20.07799911516696],[66.75099945056422,-19.870000839367208]]},"properties":{"OBJECTID":667,"NAME":"African:Australian","LABEL":"Transform Boundary"}},{"type":"Feature","id":668,"geometry":{"type":"LineString","coordinates":[[65.0070037839975,-18.058000564774204],[65.26399993884615,-18.44300079315201],[65.52200317340777,-18.827999114967156],[66.0329971317123,-19.576999664502864],[66.42800140414153,-20.07799911516696]]},"properties":{"OBJECTID":668,"NAME":"African:Australian","LABEL":"Divergent Boundary"}},{"type":"Feature","id":669,"geometry":{"type":"LineString","coordinates":[[67.04000091580969,-20.218000411889477],[67.30999755864048,-20.072999953884732]]},"properties":{"OBJECTID":669,"NAME":"African:Australian","LABEL":"Transform Boundary"}},{"type":"Feature","id":670,"geometry":{"type":"LineString","coordinates":[[66.75099945056422,-19.870000839367208],[67.04000091580969,-20.218000411889477]]},"properties":{"OBJECTID":670,"NAME":"African:Australian","LABEL":"Divergent Boundary"}},{"type":"Feature","id":671,"geometry":{"type":"LineString","coordinates":[[-11.944999695079844,-19.825000763374476],[-11.852000236621564,-20.277999878291723]]},"properties":{"OBJECTID":671,"NAME":"African:South American","LABEL":"Divergent Boundary"}},{"type":"Feature","id":672,"geometry":{"type":"LineString","coordinates":[[-11.852000236621564,-20.277999878291723],[-11.970999717762709,-20.298999786410945]]},"properties":{"OBJECTID":672,"NAME":"African:South American","LABEL":"Transform Boundary"}},{"type":"Feature","id":673,"geometry":{"type":"LineString","coordinates":[[67.59300231930166,-20.368999481041158],[67.76799774140272,-20.28000068638255]]},"properties":{"OBJECTID":673,"NAME":"African:Australian","LABEL":"Transform Boundary"}},{"type":"Feature","id":674,"geometry":{"type":"LineString","coordinates":[[67.30999755864048,-20.072999953884732],[67.59300231930166,-20.368999481041158]]},"properties":{"OBJECTID":674,"NAME":"African:Australian","LABEL":"Divergent Boundary"}},{"type":"Feature","id":675,"geometry":{"type":"LineString","coordinates":[[67.89700317405732,-20.46899986305317],[68.21299743618277,-20.291000366273863]]},"properties":{"OBJECTID":675,"NAME":"African:Australian","LABEL":"Transform Boundary"}},{"type":"Feature","id":676,"geometry":{"type":"LineString","coordinates":[[67.76799774140272,-20.28000068638255],[67.89700317405732,-20.46899986305317]]},"properties":{"OBJECTID":676,"NAME":"African:Australian","LABEL":"Divergent Boundary"}},{"type":"Feature","id":677,"geometry":{"type":"LineString","coordinates":[[68.21299743618277,-20.291000366273863],[68.55899810807631,-20.71199989318046]]},"properties":{"OBJECTID":677,"NAME":"African:Australian","LABEL":"Divergent Boundary"}},{"type":"Feature","id":678,"geometry":{"type":"LineString","coordinates":[[68.55899810807631,-20.71199989318046],[68.27700042712809,-20.878000259304486]]},"properties":{"OBJECTID":678,"NAME":"African:Australian","LABEL":"Transform Boundary"}},{"type":"Feature","id":679,"geometry":{"type":"LineString","coordinates":[[-11.970999717762709,-20.298999786410945],[-11.762999534500864,-21.176000595451058]]},"properties":{"OBJECTID":679,"NAME":"African:South American","LABEL":"Divergent Boundary"}},{"type":"Feature","id":680,"geometry":{"type":"LineString","coordinates":[[-11.762999534500864,-21.176000595451058],[-12.006999969572917,-21.208999634225677]]},"properties":{"OBJECTID":680,"NAME":"African:South American","LABEL":"Transform Boundary"}},{"type":"Feature","id":681,"geometry":{"type":"LineString","coordinates":[[-12.006999969572917,-21.208999634225677],[-11.84899997686739,-21.735000610090026]]},"properties":{"OBJECTID":681,"NAME":"African:South American","LABEL":"Divergent Boundary"}},{"type":"Feature","id":682,"geometry":{"type":"LineString","coordinates":[[-11.84899997686739,-21.735000610090026],[-11.935999869997943,-21.752000808590424]]},"properties":{"OBJECTID":682,"NAME":"African:South American","LABEL":"Transform Boundary"}},{"type":"Feature","id":683,"geometry":{"type":"LineString","coordinates":[[-75.91600036662356,-15.736000061153845],[-75.29199981683803,-16.32999992355758],[-74.60900115977569,-16.822999954084594],[-73.9489974974365,-17.374000549485743],[-73.40000152594962,-17.746999740645492],[-72.73699951131834,-18.25699996967279],[-72.26599884057401,-18.72200012180815],[-71.7460021973435,-19.29800033584678],[-71.4869995120178,-19.81100082372899],[-71.36199951136831,-20.249000549135985],[-71.32299804652257,-20.75799941993722],[-71.24900054973557,-21.261999130355548],[-71.30699920624835,-21.965000152235177]]},"properties":{"OBJECTID":683,"NAME":"South American:Nazca","LABEL":"Convergent Boundary"}},{"type":"Feature","id":684,"geometry":{"type":"LineString","coordinates":[[68.27700042712809,-20.878000259304486],[68.65299987804201,-21.448999404598794],[69.20200347937714,-22.08799934389458]]},"properties":{"OBJECTID":684,"NAME":"African:Australian","LABEL":"Divergent Boundary"}},{"type":"Feature","id":685,"geometry":{"type":"LineString","coordinates":[[-113.49800109907142,-19.301000594701634],[-113.69699859650797,-19.968000412389074],[-113.7959976193946,-20.32099914529425],[-113.93099975573409,-20.57399940454883],[-114.08699798616811,-20.5990009306484],[-114.2289962769566,-21.121000290331096],[-114.3180007931021,-21.563999176121058],[-114.37899780280634,-21.627000808840194],[-114.42099761994416,-22.114999771522207]]},"properties":{"OBJECTID":685,"NAME":"Pacific:Nazca","LABEL":"Divergent Boundary"}},{"type":"Feature","id":686,"geometry":{"type":"LineString","coordinates":[[-11.935999869997943,-21.752000808590424],[-11.819000244565586,-22.152999878141827]]},"properties":{"OBJECTID":686,"NAME":"African:South American","LABEL":"Divergent Boundary"}},{"type":"Feature","id":687,"geometry":{"type":"LineString","coordinates":[[-11.819000244565586,-22.152999878141827],[-12.364000320458388,-22.267000198000687],[-12.909999847115216,-22.37899970976872]]},"properties":{"OBJECTID":687,"NAME":"African:South American","LABEL":"Transform Boundary"}},{"type":"Feature","id":688,"geometry":{"type":"LineString","coordinates":[[69.20200347937714,-22.08799934389458],[68.79699707035854,-22.38699912990586]]},"properties":{"OBJECTID":688,"NAME":"African:Australian","LABEL":"Transform Boundary"}},{"type":"Feature","id":689,"geometry":{"type":"LineString","coordinates":[[-12.909999847115216,-22.37899970976872],[-12.850999832376317,-22.62999916093247]]},"properties":{"OBJECTID":689,"NAME":"African:South American","LABEL":"Divergent Boundary"}},{"type":"Feature","id":690,"geometry":{"type":"LineString","coordinates":[[-12.850999832376317,-22.62999916093247],[-13.340000152385073,-22.729999542045164],[-13.82900047329315,-22.82900047329315]]},"properties":{"OBJECTID":690,"NAME":"African:South American","LABEL":"Transform Boundary"}},{"type":"Feature","id":691,"geometry":{"type":"LineString","coordinates":[[-114.42099761994416,-22.114999771522207],[-114.50499725332054,-22.195999145144413],[-114.49800109887155,-22.542999267801918],[-114.56700134273774,-23.024000167673535]]},"properties":{"OBJECTID":691,"NAME":"Pacific:Nazca","LABEL":"Divergent Boundary"}},{"type":"Feature","id":692,"geometry":{"type":"LineString","coordinates":[[-114.56700134273774,-23.024000167673535],[-114.87499999965024,-23.04000091540985]]},"properties":{"OBJECTID":692,"NAME":"Pacific:Nazca","LABEL":"Transform Boundary"}},{"type":"Feature","id":693,"geometry":{"type":"LineString","coordinates":[[166.15400695805477,-13.779000282736831],[166.16099548355476,-13.828000068348445],[166.2039947505574,-13.991000175617557],[166.23399353047716,-14.1809997554343],[166.24999999970032,-14.345000266748855],[166.25199890122838,-14.42000007594271],[166.2680053713509,-14.55900001533837],[166.2709960937948,-14.685999869898012],[166.2619934079695,-14.888999938596271],[166.2129974363827,-15.041000365974071],[166.2279968258929,-15.130000114813413],[166.2169952394388,-15.244000434672273],[166.1929931641033,-15.345000267448313],[166.20899963422585,-15.434000015388335],[166.225006103449,-15.56000041918395],[166.22700500497706,-15.673999786660772],[166.27000427287896,-15.798999786410945],[166.28500366238916,-15.88700008358694],[166.33999633766098,-15.975000381662255],[166.3950042726292,-16.08699989343029],[166.4499969479009,-16.18700027454298],[166.50599670378494,-16.2999992370751],[166.561996459669,-16.43799972570673],[166.60400390665507,-16.538000106819425],[166.65899658192677,-16.624999999949978],[166.72799682579296,-16.736999511718068],[166.80999755854054,-16.836000442066677],[166.86799621595264,-16.986999512117734],[166.94999694780097,-17.09799957312174],[167.05900573712518,-17.208999634125746],[167.15499877967,-17.30699920624835],[167.17100524889315,-17.39599990836905],[167.2149963377109,-17.520999908119222],[167.24499511763065,-17.632999419887255],[167.27499389665104,-17.759000777863548],[167.32000732397887,-17.922000885132718],[167.35000610389864,-18.02199935878332],[167.39399719271637,-18.14699935943287],[167.42399597173676,-18.24699974054556],[167.4550018313695,-18.360000610539714],[167.4859924313057,-18.486000061053915],[167.5039978029563,-18.611000060804145],[167.52099609399465,-18.711999893580185],[167.6069946288991,-18.88599967984129],[167.67999267582138,-19.048000335447057],[167.72700500467727,-19.236000061353707],[167.81199645986885,-19.371999740995193],[167.8860015865041,-19.533000945836932],[167.94299316420324,-19.631999969622882],[168.00300598104127,-19.768999100028395],[168.0749969482506,-19.89299964901454],[168.16000366223932,-20.00300025925452],[168.1909942630748,-20.090000152385073],[168.263000488182,-20.20100021338908],[168.33500671418858,-20.325000763274545],[168.39599609404456,-20.47400093089817],[168.5119934079695,-20.645999908169188],[168.58500671368893,-20.781000137046647],[168.6450042726292,-20.89299964881468],[168.70500183066997,-21.01600074793612],[168.7760009769636,-21.100999832076525],[168.87899780290638,-21.26099967959152],[168.99600219744354,-21.420000076342376],[169.05400085485564,-21.506000518708902],[169.1430053710011,-21.639999389360298],[169.21499633821054,-21.72500038186206],[169.28799438513283,-21.822999953984663],[169.32000732447852,-21.90900039635119],[169.4190063473651,-21.979999542644748],[169.49099731457443,-22.05200004536573],[169.57699584947898,-22.12400054898609],[169.71899414026745,-22.229999542145094],[169.8350067138888,-22.35000038151236],[169.94999694810076,-22.44499969478005],[170.0359954830052,-22.516000747636326],[170.1089935299275,-22.586999893030566],[170.22099304169558,-22.643999099678638],[170.3209991451945,-22.70199966455283],[170.41999816898033,-22.759000777763617],[170.5469970702586,-22.826999664303003],[170.66000366173967,-22.884000778413167],[170.74499511693114,-22.916999817187786],[170.84199523918903,-22.94899940519832],[170.9389953614468,-22.968000411789546],[171.03700256341767,-22.99999999980008],[171.1620025631678,-23.03000068628262],[171.2879943847331,-23.07200050342044],[171.384994506991,-23.090999603448893],[171.4960021969439,-23.11000061004006],[171.61999511698116,-23.12700080854046],[171.7030029294417,-23.145999908568854],[171.85400390605548,-23.149000167423765],[171.94999694860041,-23.155000686932112],[172.05999755884034,-23.173000335297218],[172.19700622565688,-23.17600059505139],[172.27799987779224,-23.17099952720639],[172.36099243145566,-23.17700004581542],[172.43899536114702,-23.177999496579446]]},"properties":{"OBJECTID":693,"NAME":"Pacific:Australian","LABEL":"Convergent Boundary"}},{"type":"Feature","id":694,"geometry":{"type":"LineString","coordinates":[[-114.87499999965024,-23.04000091540985],[-114.96199798621808,-23.179000854805565]]},"properties":{"OBJECTID":694,"NAME":"Pacific:Nazca","LABEL":"Divergent Boundary"}},{"type":"Feature","id":695,"geometry":{"type":"LineString","coordinates":[[-114.96199798621808,-23.179000854805565],[-115.18299865746206,-23.236999511318345]]},"properties":{"OBJECTID":695,"NAME":"Pacific:Nazca","LABEL":"Transform Boundary"}},{"type":"Feature","id":696,"geometry":{"type":"LineString","coordinates":[[-115.18299865746206,-23.236999511318345],[-115.2539978028563,-23.396999358833284]]},"properties":{"OBJECTID":696,"NAME":"Pacific:Nazca","LABEL":"Divergent Boundary"}},{"type":"Feature","id":697,"geometry":{"type":"LineString","coordinates":[[-115.2539978028563,-23.396999358833284],[-115.59899902308644,-23.468000411689616]]},"properties":{"OBJECTID":697,"NAME":"Pacific:Nazca","LABEL":"Transform Boundary"}},{"type":"Feature","id":698,"geometry":{"type":"LineString","coordinates":[[-13.66399955793321,-23.544000625828176],[-13.569999694530225,-23.513999939345695]]},"properties":{"OBJECTID":698,"NAME":"African:South American","LABEL":"Transform Boundary"}},{"type":"Feature","id":699,"geometry":{"type":"LineString","coordinates":[[-13.82900047329315,-22.82900047329315],[-13.66399955793321,-23.544000625828176]]},"properties":{"OBJECTID":699,"NAME":"African:South American","LABEL":"Divergent Boundary"}},{"type":"Feature","id":700,"geometry":{"type":"LineString","coordinates":[[68.79699707035854,-22.38699912990586],[69.16200256376737,-22.829999924057176],[69.55799865711236,-23.37299919095983],[69.84999847375065,-23.70899963372608]]},"properties":{"OBJECTID":700,"NAME":"African:Australian","LABEL":"Divergent Boundary"}},{"type":"Feature","id":701,"geometry":{"type":"LineString","coordinates":[[-174.98500061048975,-23.750000000099874],[-174.841995239089,-23.51300048858161],[-174.66299438498285,-23.221000671044067],[-174.48899841274653,-22.906000137296473],[-174.32299804662253,-22.617000579513103],[-174.13900756854443,-22.290000915110113],[-173.9519958495288,-21.915000915859537],[-173.81799316395333,-21.525999069501438],[-173.7030029297414,-21.24799919160938],[-173.55099487341465,-20.89299964881468],[-173.40299987804192,-20.58600044266626],[-173.21800231935154,-20.204000473143253],[-173.05299377414335,-19.77899932825636],[-172.9700012204799,-19.461000442216573],[-172.8739929200372,-19.070999145094447],[-172.78599548360467,-18.77700042692811],[-172.69799804717212,-18.48299980129974],[-172.5910034181732,-18.15200042727787],[-172.53999328626114,-17.934999465652766],[-172.44500732432851,-17.67700004601528],[-172.37399292013714,-17.27099990861882],[-172.33500671408856,-16.96299934424428],[-172.31100463875305,-16.71599960359879],[-172.30700683569688,-16.332000732547726],[-172.30000305139967,-16.04100036577421],[-172.33099365223524,-15.732000350635644],[-172.35499572757075,-15.560999869947977],[-172.42799377449307,-15.373000144940704],[-172.60200500462724,-15.151000022932692],[-172.7740020753355,-15.032999992555574],[-172.93899536174652,-14.86699962643155],[-173.130004882919,-14.78499984696532],[-173.2729949955226,-14.696999549789325],[-173.4069976810981,-14.583999633975907]]},"properties":{"OBJECTID":701,"NAME":"Pacific:Australian","LABEL":"Convergent Boundary"}},{"type":"Feature","id":702,"geometry":{"type":"LineString","coordinates":[[-111.71299743628265,-24.031999587610812],[-111.76300048848174,-23.860000610339853],[-111.83200073234786,-23.728000641216568],[-111.86399841289642,-23.47500038106267],[-111.8710021971936,-23.326999664203072],[-111.7409973146743,-23.20899963382601],[-111.92400360078551,-23.016000747536452],[-112.20800018326179,-22.820999145693975]]},"properties":{"OBJECTID":702,"NAME":"Nazca","LABEL":"Divergent Boundary"}},{"type":"Feature","id":703,"geometry":{"type":"LineString","coordinates":[[69.84999847375065,-23.70899963372608],[69.40200042757772,-24.040000915210044]]},"properties":{"OBJECTID":703,"NAME":"African:Australian","LABEL":"Transform Boundary"}},{"type":"Feature","id":704,"geometry":{"type":"LineString","coordinates":[[-115.59899902308644,-23.468000411689616],[-115.42400360098537,-23.884000778213306],[-115.40200042717794,-24.017000198100618],[-115.48200225839747,-24.1049995419952]]},"properties":{"OBJECTID":704,"NAME":"Pacific:Nazca","LABEL":"Divergent Boundary"}},{"type":"Feature","id":705,"geometry":{"type":"LineString","coordinates":[[-112.09799957302187,-24.110000610739576],[-111.71299743628265,-24.031999587610812]]},"properties":{"OBJECTID":705,"NAME":"Nazca","LABEL":"Transform Boundary"}},{"type":"Feature","id":706,"geometry":{"type":"LineString","coordinates":[[-115.48200225839747,-24.1049995419952],[-115.91200256366733,-24.242000579862804]]},"properties":{"OBJECTID":706,"NAME":"Pacific:Nazca","LABEL":"Transform Boundary"}},{"type":"Feature","id":707,"geometry":{"type":"LineString","coordinates":[[-115.91200256366733,-24.242000579862804],[-115.96800231955137,-24.382999419887255]]},"properties":{"OBJECTID":707,"NAME":"Pacific:Nazca","LABEL":"Divergent Boundary"}},{"type":"Feature","id":708,"geometry":{"type":"LineString","coordinates":[[-115.96800231955137,-24.382999419887255],[-116.18399810802623,-24.458000183261788]]},"properties":{"OBJECTID":708,"NAME":"Pacific:Nazca","LABEL":"Transform Boundary"}},{"type":"Feature","id":709,"geometry":{"type":"LineString","coordinates":[[69.40200042757772,-24.040000915210044],[69.68000030546978,-24.36899948114109],[69.93900299079547,-24.67799949627971]]},"properties":{"OBJECTID":709,"NAME":"African:Australian","LABEL":"Divergent Boundary"}},{"type":"Feature","id":710,"geometry":{"type":"LineString","coordinates":[[-13.569999694530225,-23.513999939345695],[-13.425999641470241,-24.14599990836905],[-13.27999973270147,-24.77700042752764]]},"properties":{"OBJECTID":710,"NAME":"African:South American","LABEL":"Divergent Boundary"}},{"type":"Feature","id":711,"geometry":{"type":"LineString","coordinates":[[-116.18399810802623,-24.458000183261788],[-116.22499847440002,-24.555999756283654],[-116.09899902388582,-24.84700012215785]]},"properties":{"OBJECTID":711,"NAME":"Pacific:Nazca","LABEL":"Divergent Boundary"}},{"type":"Feature","id":712,"geometry":{"type":"LineString","coordinates":[[-13.27999973270147,-24.77700042752764],[-13.810999870747366,-24.886999130305583]]},"properties":{"OBJECTID":712,"NAME":"African:South American","LABEL":"Transform Boundary"}},{"type":"Feature","id":713,"geometry":{"type":"LineString","coordinates":[[69.93900299079547,-24.67799949627971],[69.59200286903723,-24.969999312917935]]},"properties":{"OBJECTID":713,"NAME":"African:Australian","LABEL":"Transform Boundary"}},{"type":"Feature","id":714,"geometry":{"type":"LineString","coordinates":[[-111.97799682619257,-25.027000427028042],[-111.97699737542848,-24.891000747386556],[-112.04799652082272,-24.659000397150578],[-112.10299682594274,-24.44799995413456],[-112.12300109822206,-24.22200012250761],[-112.09799957302187,-24.110000610739576]]},"properties":{"OBJECTID":714,"NAME":"Nazca","LABEL":"Divergent Boundary"}},{"type":"Feature","id":715,"geometry":{"type":"LineString","coordinates":[[-112.45300292984132,-25.059000015038635],[-111.97799682619257,-25.027000427028042]]},"properties":{"OBJECTID":715,"NAME":"Nazca","LABEL":"Transform Boundary"}},{"type":"Feature","id":716,"geometry":{"type":"LineString","coordinates":[[-116.09899902388582,-24.84700012215785],[-116.48999786341062,-25.172000885032787]]},"properties":{"OBJECTID":716,"NAME":"Pacific:Nazca","LABEL":"Transform Boundary"}},{"type":"Feature","id":717,"geometry":{"type":"LineString","coordinates":[[69.59200286903723,-24.969999312917935],[70.08999633756099,-25.482999801699464]]},"properties":{"OBJECTID":717,"NAME":"African:Australian","LABEL":"Divergent Boundary"}},{"type":"Feature","id":718,"geometry":{"type":"LineString","coordinates":[[-13.810999870747366,-24.886999130305583],[-13.663000107169182,-25.648000717059404]]},"properties":{"OBJECTID":718,"NAME":"African:South American","LABEL":"Divergent Boundary"}},{"type":"Feature","id":719,"geometry":{"type":"LineString","coordinates":[[70.08999633756099,-25.482999801699464],[69.95999908488989,-25.650999069351542]]},"properties":{"OBJECTID":719,"NAME":"African:Australian","LABEL":"Transform Boundary"}},{"type":"Feature","id":720,"geometry":{"type":"LineString","coordinates":[[69.48999786401026,-25.676000595451058],[69.95999908488989,-25.650999069351542]]},"properties":{"OBJECTID":720,"NAME":"African:Antarctic","LABEL":"Divergent Boundary"}},{"type":"Feature","id":721,"geometry":{"type":"LineString","coordinates":[[-13.663000107169182,-25.648000717059404],[-14.048999786311072,-25.73800086994413]]},"properties":{"OBJECTID":721,"NAME":"African:South American","LABEL":"Transform Boundary"}},{"type":"Feature","id":722,"geometry":{"type":"LineString","coordinates":[[69.4599990840905,-25.781999587710743],[69.48999786401026,-25.676000595451058]]},"properties":{"OBJECTID":722,"NAME":"African:Antarctic","LABEL":"Transform Boundary"}},{"type":"Feature","id":723,"geometry":{"type":"LineString","coordinates":[[69.13800048843183,-25.78400039670089],[69.4599990840905,-25.781999587710743]]},"properties":{"OBJECTID":723,"NAME":"African:Antarctic","LABEL":"Divergent Boundary"}},{"type":"Feature","id":724,"geometry":{"type":"LineString","coordinates":[[-112.45500183136937,-25.785999298229],[-112.43699645971878,-25.68300056482417],[-112.36399841279649,-25.663999557333682],[-112.36599731432455,-25.56399917622099],[-112.38800048813198,-25.429000854805565],[-112.443000793252,-25.197999954434295],[-112.45300292984132,-25.059000015038635]]},"properties":{"OBJECTID":724,"NAME":"Nazca","LABEL":"Divergent Boundary"}},{"type":"Feature","id":725,"geometry":{"type":"LineString","coordinates":[[-112.54100036627386,-25.787000656455064],[-112.45500183136937,-25.785999298229]]},"properties":{"OBJECTID":725,"NAME":"Nazca","LABEL":"Transform Boundary"}},{"type":"Feature","id":726,"geometry":{"type":"LineString","coordinates":[[-112.55000305209916,-25.92600059495146],[-112.54100036627386,-25.787000656455064]]},"properties":{"OBJECTID":726,"NAME":"Nazca","LABEL":"Divergent Boundary"}},{"type":"Feature","id":727,"geometry":{"type":"LineString","coordinates":[[-112.62000274672937,-25.9340000150886],[-112.55000305209916,-25.92600059495146]]},"properties":{"OBJECTID":727,"NAME":"Nazca","LABEL":"Transform Boundary"}},{"type":"Feature","id":728,"geometry":{"type":"LineString","coordinates":[[69.15000152564994,-25.99300003072682],[69.13800048843183,-25.78400039670089]]},"properties":{"OBJECTID":728,"NAME":"African:Antarctic","LABEL":"Transform Boundary"}},{"type":"Feature","id":729,"geometry":{"type":"LineString","coordinates":[[68.8290023807553,-26.009000778463133],[69.15000152564994,-25.99300003072682]]},"properties":{"OBJECTID":729,"NAME":"African:Antarctic","LABEL":"Divergent Boundary"}},{"type":"Feature","id":730,"geometry":{"type":"LineString","coordinates":[[70.40899658182684,-26.0599994656028],[70.66500091575972,-25.912000656205294]]},"properties":{"OBJECTID":730,"NAME":"Australian:Antarctic","LABEL":"Transform Boundary"}},{"type":"Feature","id":731,"geometry":{"type":"LineString","coordinates":[[69.95999908488989,-25.650999069351542],[70.40899658182684,-26.0599994656028]]},"properties":{"OBJECTID":731,"NAME":"Australian:Antarctic","LABEL":"Divergent Boundary"}},{"type":"Feature","id":732,"geometry":{"type":"LineString","coordinates":[[68.81999969493006,-26.14100074758636],[68.8290023807553,-26.009000778463133]]},"properties":{"OBJECTID":732,"NAME":"African:Antarctic","LABEL":"Transform Boundary"}},{"type":"Feature","id":733,"geometry":{"type":"LineString","coordinates":[[68.59799957292199,-26.121000290231166],[68.81999969493006,-26.14100074758636]]},"properties":{"OBJECTID":733,"NAME":"African:Antarctic","LABEL":"Divergent Boundary"}},{"type":"Feature","id":734,"geometry":{"type":"LineString","coordinates":[[70.99400329571557,-26.18700027434312],[71.13500213663934,-26.083000182712226]]},"properties":{"OBJECTID":734,"NAME":"Australian:Antarctic","LABEL":"Transform Boundary"}},{"type":"Feature","id":735,"geometry":{"type":"LineString","coordinates":[[70.66500091575972,-25.912000656205294],[70.99400329571557,-26.18700027434312]]},"properties":{"OBJECTID":735,"NAME":"Australian:Antarctic","LABEL":"Divergent Boundary"}},{"type":"Feature","id":736,"geometry":{"type":"LineString","coordinates":[[68.62200164825754,-26.263000488481737],[68.59799957292199,-26.121000290231166]]},"properties":{"OBJECTID":736,"NAME":"African:Antarctic","LABEL":"Transform Boundary"}},{"type":"Feature","id":737,"geometry":{"type":"LineString","coordinates":[[67.97899627695665,-26.29100036597407],[68.62200164825754,-26.263000488481737]]},"properties":{"OBJECTID":737,"NAME":"African:Antarctic","LABEL":"Divergent Boundary"}},{"type":"Feature","id":738,"geometry":{"type":"LineString","coordinates":[[71.58000183141945,-26.454000473243184],[71.71700286838774,-26.385999679241763]]},"properties":{"OBJECTID":738,"NAME":"Australian:Antarctic","LABEL":"Transform Boundary"}},{"type":"Feature","id":739,"geometry":{"type":"LineString","coordinates":[[71.13500213663934,-26.083000182712226],[71.58000183141945,-26.454000473243184]]},"properties":{"OBJECTID":739,"NAME":"Australian:Antarctic","LABEL":"Divergent Boundary"}},{"type":"Feature","id":740,"geometry":{"type":"LineString","coordinates":[[67.96199798591834,-26.583000183511615],[67.97899627695665,-26.29100036597407]]},"properties":{"OBJECTID":740,"NAME":"African:Antarctic","LABEL":"Transform Boundary"}},{"type":"Feature","id":741,"geometry":{"type":"LineString","coordinates":[[67.4329986568626,-26.572000503620302],[67.96199798591834,-26.583000183511615]]},"properties":{"OBJECTID":741,"NAME":"African:Antarctic","LABEL":"Divergent Boundary"}},{"type":"Feature","id":742,"geometry":{"type":"LineString","coordinates":[[-13.81599998441169,-26.58600044236647],[-13.689999580616131,-26.563999176021127]]},"properties":{"OBJECTID":742,"NAME":"African:South American","LABEL":"Transform Boundary"}},{"type":"Feature","id":743,"geometry":{"type":"LineString","coordinates":[[-14.048999786311072,-25.73800086994413],[-13.81599998441169,-26.58600044236647]]},"properties":{"OBJECTID":743,"NAME":"African:South American","LABEL":"Divergent Boundary"}},{"type":"Feature","id":744,"geometry":{"type":"LineString","coordinates":[[71.71700286838774,-26.385999679241763],[72.06600189167403,-26.65600013699668]]},"properties":{"OBJECTID":744,"NAME":"Australian:Antarctic","LABEL":"Divergent Boundary"}},{"type":"Feature","id":745,"geometry":{"type":"LineString","coordinates":[[72.06600189167403,-26.65600013699668],[72.00800323516125,-26.718000412389074]]},"properties":{"OBJECTID":745,"NAME":"Australian:Antarctic","LABEL":"Transform Boundary"}},{"type":"Feature","id":746,"geometry":{"type":"LineString","coordinates":[[-116.48999786341062,-25.172000885032787],[-116.35299682644234,-25.416000365924106],[-116.02799987759226,-25.67399978646091],[-115.76899719226657,-25.968000412089282],[-115.51799774200214,-26.243000030227165],[-115.29100036617393,-26.46599960299926],[-115.10500335671952,-26.604000091630894],[-114.52600097636395,-26.725000381762186],[-113.94400024371623,-26.790000915110113]]},"properties":{"OBJECTID":746,"NAME":"Pacific:Nazca","LABEL":"Divergent Boundary"}},{"type":"Feature","id":747,"geometry":{"type":"LineString","coordinates":[[-112.68399810782637,-26.801000595001426],[-112.65799713096277,-26.554000854355877],[-112.68299865706234,-26.281999587610812],[-112.67199707060831,-26.038000106719494],[-112.62000274672937,-25.9340000150886]]},"properties":{"OBJECTID":747,"NAME":"Nazca","LABEL":"Divergent Boundary"}},{"type":"Feature","id":748,"geometry":{"type":"LineString","coordinates":[[-112.94699859620823,-26.724000930998102],[-112.68399810782637,-26.801000595001426]]},"properties":{"OBJECTID":748,"NAME":"Nazca","LABEL":"Transform Boundary"}},{"type":"Feature","id":749,"geometry":{"type":"LineString","coordinates":[[-112.9759979244646,-26.829999923257787],[-112.94699859620823,-26.724000930998102]]},"properties":{"OBJECTID":749,"NAME":"Pacific:Nazca","LABEL":"Divergent Boundary"}},{"type":"Feature","id":750,"geometry":{"type":"LineString","coordinates":[[-113.94400024371623,-26.790000915110113],[-113.6080017093114,-26.809000015138565],[-112.9759979244646,-26.829999923257787]]},"properties":{"OBJECTID":750,"NAME":"Pacific:Nazca","LABEL":"Transform Boundary"}},{"type":"Feature","id":751,"geometry":{"type":"LineString","coordinates":[[67.42400360088556,-26.870000838867554],[67.4329986568626,-26.572000503620302]]},"properties":{"OBJECTID":751,"NAME":"African:Antarctic","LABEL":"Transform Boundary"}},{"type":"Feature","id":752,"geometry":{"type":"LineString","coordinates":[[67.15599822973456,-26.8670005800127],[67.42400360088556,-26.870000838867554]]},"properties":{"OBJECTID":752,"NAME":"African:Antarctic","LABEL":"Divergent Boundary"}},{"type":"Feature","id":753,"geometry":{"type":"LineString","coordinates":[[67.12899780300626,-27.268999099428868],[67.15599822973456,-26.8670005800127]]},"properties":{"OBJECTID":753,"NAME":"African:Antarctic","LABEL":"Transform Boundary"}},{"type":"Feature","id":754,"geometry":{"type":"LineString","coordinates":[[66.37300109902156,-27.281000137546243],[67.12899780300626,-27.268999099428868]]},"properties":{"OBJECTID":754,"NAME":"African:Antarctic","LABEL":"Divergent Boundary"}},{"type":"Feature","id":755,"geometry":{"type":"LineString","coordinates":[[66.35900115937608,-27.513999938546306],[66.37300109902156,-27.281000137546243]]},"properties":{"OBJECTID":755,"NAME":"African:Antarctic","LABEL":"Transform Boundary"}},{"type":"Feature","id":756,"geometry":{"type":"LineString","coordinates":[[65.34799957312185,-27.513999938546306],[66.35900115937608,-27.513999938546306]]},"properties":{"OBJECTID":756,"NAME":"African:Antarctic","LABEL":"Divergent Boundary"}},{"type":"Feature","id":757,"geometry":{"type":"LineString","coordinates":[[72.91999816868059,-27.572999954184468],[73.12300109902156,-27.445999145444148]]},"properties":{"OBJECTID":757,"NAME":"Australian:Antarctic","LABEL":"Transform Boundary"}},{"type":"Feature","id":758,"geometry":{"type":"LineString","coordinates":[[72.00800323516125,-26.718000412389074],[72.46299743668243,-27.145999908668784],[72.91999816868059,-27.572999954184468]]},"properties":{"OBJECTID":758,"NAME":"Australian:Antarctic","LABEL":"Divergent Boundary"}},{"type":"Feature","id":759,"geometry":{"type":"LineString","coordinates":[[-112.9759979244646,-26.829999923257787],[-113.11199951156817,-27.01399993864618],[-113.12899780260648,-27.27300071740916],[-113.13300323461158,-27.576999664702726]]},"properties":{"OBJECTID":759,"NAME":"Pacific:Nazca","LABEL":"Divergent Boundary"}},{"type":"Feature","id":760,"geometry":{"type":"LineString","coordinates":[[-113.13300323461158,-27.576999664702726],[-113.00099945056417,-27.607000351185206]]},"properties":{"OBJECTID":760,"NAME":"Pacific:Nazca","LABEL":"Transform Boundary"}},{"type":"Feature","id":761,"geometry":{"type":"LineString","coordinates":[[73.39900207538551,-27.655000686932112],[73.5339965818768,-27.569999694430294]]},"properties":{"OBJECTID":761,"NAME":"Australian:Antarctic","LABEL":"Transform Boundary"}},{"type":"Feature","id":762,"geometry":{"type":"LineString","coordinates":[[73.12300109902156,-27.445999145444148],[73.39900207538551,-27.655000686932112]]},"properties":{"OBJECTID":762,"NAME":"Australian:Antarctic","LABEL":"Divergent Boundary"}},{"type":"Feature","id":763,"geometry":{"type":"LineString","coordinates":[[65.33200073284758,-27.812000274692878],[65.34799957312185,-27.513999938546306]]},"properties":{"OBJECTID":763,"NAME":"African:Antarctic","LABEL":"Transform Boundary"}},{"type":"Feature","id":764,"geometry":{"type":"LineString","coordinates":[[63.60400009163095,-27.83099937472133],[64.46700286848767,-27.816999435075843],[65.33200073284758,-27.812000274692878]]},"properties":{"OBJECTID":764,"NAME":"African:Antarctic","LABEL":"Divergent Boundary"}},{"type":"Feature","id":765,"geometry":{"type":"LineString","coordinates":[[63.620998382669256,-28.038999557083855],[63.60400009163095,-27.83099937472133]]},"properties":{"OBJECTID":765,"NAME":"African:Antarctic","LABEL":"Transform Boundary"}},{"type":"Feature","id":766,"geometry":{"type":"LineString","coordinates":[[63.194000243716346,-28.02099990871875],[63.620998382669256,-28.038999557083855]]},"properties":{"OBJECTID":766,"NAME":"African:Antarctic","LABEL":"Divergent Boundary"}},{"type":"Feature","id":767,"geometry":{"type":"LineString","coordinates":[[63.21099853475465,-28.163999557733348],[63.194000243716346,-28.02099990871875]]},"properties":{"OBJECTID":767,"NAME":"African:Antarctic","LABEL":"Transform Boundary"}},{"type":"Feature","id":768,"geometry":{"type":"LineString","coordinates":[[62.70299911471744,-28.152999877842035],[63.21099853475465,-28.163999557733348]]},"properties":{"OBJECTID":768,"NAME":"African:Antarctic","LABEL":"Divergent Boundary"}},{"type":"Feature","id":769,"geometry":{"type":"LineString","coordinates":[[73.5339965818768,-27.569999694430294],[73.96800231915176,-27.944000243816163],[74.40599822963463,-28.316999434975912]]},"properties":{"OBJECTID":769,"NAME":"Australian:Antarctic","LABEL":"Divergent Boundary"}},{"type":"Feature","id":770,"geometry":{"type":"LineString","coordinates":[[-13.27200031256433,-28.320999145494113],[-12.746000289981339,-28.21299934424428]]},"properties":{"OBJECTID":770,"NAME":"African:South American","LABEL":"Transform Boundary"}},{"type":"Feature","id":771,"geometry":{"type":"LineString","coordinates":[[-13.689999580616131,-26.563999176021127],[-13.482000350635644,-27.443000793152066],[-13.27200031256433,-28.320999145494113]]},"properties":{"OBJECTID":771,"NAME":"African:South American","LABEL":"Divergent Boundary"}},{"type":"Feature","id":772,"geometry":{"type":"LineString","coordinates":[[-113.00099945056417,-27.607000351185206],[-112.97100067154372,-27.850000381312498],[-112.95500183126944,-28.128999709968582],[-112.93399810822609,-28.378999710368305]]},"properties":{"OBJECTID":772,"NAME":"Pacific:Nazca","LABEL":"Divergent Boundary"}},{"type":"Feature","id":773,"geometry":{"type":"LineString","coordinates":[[-112.93399810822609,-28.378999710368305],[-113.01000213638946,-28.382999419987186]]},"properties":{"OBJECTID":773,"NAME":"Pacific:Nazca","LABEL":"Transform Boundary"}},{"type":"Feature","id":774,"geometry":{"type":"LineString","coordinates":[[62.74599838261929,-28.45800018336172],[62.70299911471744,-28.152999877842035]]},"properties":{"OBJECTID":774,"NAME":"African:Antarctic","LABEL":"Transform Boundary"}},{"type":"Feature","id":775,"geometry":{"type":"LineString","coordinates":[[62.134998321715216,-28.48999977137231],[62.74599838261929,-28.45800018336172]]},"properties":{"OBJECTID":775,"NAME":"African:Antarctic","LABEL":"Divergent Boundary"}},{"type":"Feature","id":776,"geometry":{"type":"LineString","coordinates":[[74.40599822963463,-28.316999434975912],[74.19200134268789,-28.54100036597407]]},"properties":{"OBJECTID":776,"NAME":"Australian:Antarctic","LABEL":"Transform Boundary"}},{"type":"Feature","id":777,"geometry":{"type":"LineString","coordinates":[[62.16199874844352,-28.81100082372899],[62.134998321715216,-28.48999977137231]]},"properties":{"OBJECTID":777,"NAME":"African:Antarctic","LABEL":"Transform Boundary"}},{"type":"Feature","id":778,"geometry":{"type":"LineString","coordinates":[[61.51800155622692,-28.77700042762757],[62.16199874844352,-28.81100082372899]]},"properties":{"OBJECTID":778,"NAME":"African:Antarctic","LABEL":"Divergent Boundary"}},{"type":"Feature","id":779,"geometry":{"type":"LineString","coordinates":[[61.53200149497309,-28.920000076642168],[61.51800155622692,-28.77700042762757]]},"properties":{"OBJECTID":779,"NAME":"African:Antarctic","LABEL":"Transform Boundary"}},{"type":"Feature","id":780,"geometry":{"type":"LineString","coordinates":[[60.81000137306495,-28.93099975563416],[61.53200149497309,-28.920000076642168]]},"properties":{"OBJECTID":780,"NAME":"African:Antarctic","LABEL":"Divergent Boundary"}},{"type":"Feature","id":781,"geometry":{"type":"LineString","coordinates":[[-12.746000289981339,-28.21299934424428],[-12.532999992155851,-28.940999984761447]]},"properties":{"OBJECTID":781,"NAME":"African:South American","LABEL":"Divergent Boundary"}},{"type":"Feature","id":782,"geometry":{"type":"LineString","coordinates":[[-113.01000213638946,-28.382999419987186],[-113.02100372284349,-28.54899978611121],[-113.01999664313053,-28.787000655855536],[-112.95600128203353,-29.009000777863548]]},"properties":{"OBJECTID":782,"NAME":"Pacific:Nazca","LABEL":"Divergent Boundary"}},{"type":"Feature","id":783,"geometry":{"type":"LineString","coordinates":[[-12.532999992155851,-28.940999984761447],[-13.262000084336364,-29.097999572522212],[-13.989999770672853,-29.250999450664096]]},"properties":{"OBJECTID":783,"NAME":"African:South American","LABEL":"Transform Boundary"}},{"type":"Feature","id":784,"geometry":{"type":"LineString","coordinates":[[74.19200134268789,-28.54100036597407],[74.5920028689373,-28.902999878141827],[74.9940032958155,-29.26399993864618]]},"properties":{"OBJECTID":784,"NAME":"Australian:Antarctic","LABEL":"Divergent Boundary"}},{"type":"Feature","id":785,"geometry":{"type":"LineString","coordinates":[[-112.95600128203353,-29.009000777863548],[-112.36699676508863,-29.159999847015285],[-111.80599975548432,-29.266000747636326]]},"properties":{"OBJECTID":785,"NAME":"Pacific:Nazca","LABEL":"Transform Boundary"}},{"type":"Feature","id":786,"geometry":{"type":"LineString","coordinates":[[74.9940032958155,-29.26399993864618],[74.93800353993146,-29.327999114667364]]},"properties":{"OBJECTID":786,"NAME":"Australian:Antarctic","LABEL":"Transform Boundary"}},{"type":"Feature","id":787,"geometry":{"type":"LineString","coordinates":[[74.93800353993146,-29.327999114667364],[75.55400085465578,-29.83900070192084]]},"properties":{"OBJECTID":787,"NAME":"Australian:Antarctic","LABEL":"Divergent Boundary"}},{"type":"Feature","id":788,"geometry":{"type":"LineString","coordinates":[[-13.819999694929948,-29.85099983257618],[-13.715999603298997,-29.827999114567433]]},"properties":{"OBJECTID":788,"NAME":"African:South American","LABEL":"Transform Boundary"}},{"type":"Feature","id":789,"geometry":{"type":"LineString","coordinates":[[-13.989999770672853,-29.250999450664096],[-13.819999694929948,-29.85099983257618]]},"properties":{"OBJECTID":789,"NAME":"African:South American","LABEL":"Divergent Boundary"}},{"type":"Feature","id":790,"geometry":{"type":"LineString","coordinates":[[60.7620010373181,-29.999000549435777],[60.78599929772946,-29.46500015253497],[60.81000137306495,-28.93099975563416]]},"properties":{"OBJECTID":790,"NAME":"African:Antarctic","LABEL":"Transform Boundary"}},{"type":"Feature","id":791,"geometry":{"type":"LineString","coordinates":[[75.55400085465578,-29.83900070192084],[75.36399841319627,-30.006000518808833]]},"properties":{"OBJECTID":791,"NAME":"Australian:Antarctic","LABEL":"Transform Boundary"}},{"type":"Feature","id":792,"geometry":{"type":"LineString","coordinates":[[60.74700164780785,-30.01399993894597],[60.7620010373181,-29.999000549435777]]},"properties":{"OBJECTID":792,"NAME":"African:Antarctic","LABEL":"Divergent Boundary"}},{"type":"Feature","id":793,"geometry":{"type":"LineString","coordinates":[[75.36399841319627,-30.006000518808833],[75.51499938981004,-30.118000030576923]]},"properties":{"OBJECTID":793,"NAME":"Australian:Antarctic","LABEL":"Divergent Boundary"}},{"type":"Feature","id":794,"geometry":{"type":"LineString","coordinates":[[75.51499938981004,-30.118000030576923],[75.39299774145269,-30.23999977147224]]},"properties":{"OBJECTID":794,"NAME":"Australian:Antarctic","LABEL":"Transform Boundary"}},{"type":"Feature","id":795,"geometry":{"type":"LineString","coordinates":[[60.76300048808213,-30.53100013734644],[60.74700164780785,-30.01399993894597]]},"properties":{"OBJECTID":795,"NAME":"African:Antarctic","LABEL":"Transform Boundary"}},{"type":"Feature","id":796,"geometry":{"type":"LineString","coordinates":[[59.18799972500733,-30.566999434975912],[60.005001068544516,-30.56100082382892],[60.76300048808213,-30.53100013734644]]},"properties":{"OBJECTID":796,"NAME":"African:Antarctic","LABEL":"Divergent Boundary"}},{"type":"Feature","id":797,"geometry":{"type":"LineString","coordinates":[[75.39299774145269,-30.23999977147224],[75.79699707075827,-30.57299995448426],[76.2040023804056,-30.906000137496278]]},"properties":{"OBJECTID":797,"NAME":"Australian:Antarctic","LABEL":"Divergent Boundary"}},{"type":"Feature","id":798,"geometry":{"type":"LineString","coordinates":[[76.2040023804056,-30.906000137496278],[76.14800262452155,-30.969999313517462]]},"properties":{"OBJECTID":798,"NAME":"Australian:Antarctic","LABEL":"Transform Boundary"}},{"type":"Feature","id":799,"geometry":{"type":"LineString","coordinates":[[59.16699981688811,-31.04999923727496],[59.18799972500733,-30.566999434975912]]},"properties":{"OBJECTID":799,"NAME":"African:Antarctic","LABEL":"Transform Boundary"}},{"type":"Feature","id":800,"geometry":{"type":"LineString","coordinates":[[58.52999877912043,-31.05500030511996],[59.16699981688811,-31.04999923727496]]},"properties":{"OBJECTID":800,"NAME":"African:Antarctic","LABEL":"Divergent Boundary"}},{"type":"Feature","id":801,"geometry":{"type":"LineString","coordinates":[[-13.715999603298997,-29.827999114567433],[-13.543000221083275,-30.490999221736672],[-13.366999625832023,-31.15699958776071]]},"properties":{"OBJECTID":801,"NAME":"African:South American","LABEL":"Divergent Boundary"}},{"type":"Feature","id":802,"geometry":{"type":"LineString","coordinates":[[-13.366999625832023,-31.15699958776071],[-13.498999595854627,-31.179000854106107]]},"properties":{"OBJECTID":802,"NAME":"African:South American","LABEL":"Transform Boundary"}},{"type":"Feature","id":803,"geometry":{"type":"LineString","coordinates":[[-111.80599975548432,-29.266000747636326],[-111.74900054973557,-29.57900047329315],[-111.77300262417174,-30.024999618837285],[-111.77500152569979,-30.18700027444305],[-111.79699707055835,-30.42499923672534],[-111.85099792491428,-30.62400054908602],[-111.88500213593977,-30.666000366223898],[-111.95099639856488,-31.045000075992675],[-111.97799682619257,-31.385999679141833]]},"properties":{"OBJECTID":803,"NAME":"Pacific:Nazca","LABEL":"Divergent Boundary"}},{"type":"Feature","id":804,"geometry":{"type":"LineString","coordinates":[[-111.97799682619257,-31.385999679141833],[-111.96399688744634,-31.389999389660034]]},"properties":{"OBJECTID":804,"NAME":"Pacific:Nazca","LABEL":"Transform Boundary"}},{"type":"Feature","id":805,"geometry":{"type":"LineString","coordinates":[[76.14800262452155,-30.969999313517462],[76.68900299079547,-31.465000153034566]]},"properties":{"OBJECTID":805,"NAME":"Australian:Antarctic","LABEL":"Divergent Boundary"}},{"type":"Feature","id":806,"geometry":{"type":"LineString","coordinates":[[-111.96399688744634,-31.389999389660034],[-112.0230026245714,-31.535999298428862]]},"properties":{"OBJECTID":806,"NAME":"Pacific:Nazca","LABEL":"Divergent Boundary"}},{"type":"Feature","id":807,"geometry":{"type":"LineString","coordinates":[[58.456001281434055,-31.690999984661516],[58.52999877912043,-31.05500030511996]]},"properties":{"OBJECTID":807,"NAME":"African:Antarctic","LABEL":"Transform Boundary"}},{"type":"Feature","id":808,"geometry":{"type":"LineString","coordinates":[[76.68900299079547,-31.465000153034566],[76.39499664278088,-31.71899986305317]]},"properties":{"OBJECTID":808,"NAME":"Australian:Antarctic","LABEL":"Transform Boundary"}},{"type":"Feature","id":809,"geometry":{"type":"LineString","coordinates":[[57.15299987764229,-31.770999908419014],[57.79999923707521,-31.72200012190808],[58.456001281434055,-31.690999984661516]]},"properties":{"OBJECTID":809,"NAME":"African:Antarctic","LABEL":"Divergent Boundary"}},{"type":"Feature","id":810,"geometry":{"type":"LineString","coordinates":[[-13.498999595854627,-31.179000854106107],[-13.371000289631638,-31.660999298179036],[-13.244999885836023,-32.14300155627677]]},"properties":{"OBJECTID":810,"NAME":"African:South American","LABEL":"Divergent Boundary"}},{"type":"Feature","id":811,"geometry":{"type":"LineString","coordinates":[[-112.0230026245714,-31.535999298428862],[-112.0410003663738,-31.77400016817319],[-112.06300354018123,-31.947999954434295],[-112.06500244170928,-32.113998413096226],[-112.15100097661377,-32.34299850447735]]},"properties":{"OBJECTID":811,"NAME":"Pacific:Nazca","LABEL":"Divergent Boundary"}},{"type":"Feature","id":812,"geometry":{"type":"LineString","coordinates":[[-112.15100097661377,-32.34299850447735],[-112.35600280758348,-32.327999114967156]]},"properties":{"OBJECTID":812,"NAME":"Pacific:Nazca","LABEL":"Other"}},{"type":"Feature","id":813,"geometry":{"type":"LineString","coordinates":[[-13.244999885836023,-32.14300155627677],[-13.883000373468406,-32.27500152629938],[-14.522999763528219,-32.40000152604955]]},"properties":{"OBJECTID":813,"NAME":"African:South American","LABEL":"Transform Boundary"}},{"type":"Feature","id":814,"geometry":{"type":"LineString","coordinates":[[76.39499664278088,-31.71899986305317],[76.81199646006866,-32.090000152684865],[77.23300170936147,-32.45899963422568],[77.65799713096288,-32.827999114867225],[78.085998535604,-33.194000244115955]]},"properties":{"OBJECTID":814,"NAME":"Australian:Antarctic","LABEL":"Divergent Boundary"}},{"type":"Feature","id":815,"geometry":{"type":"LineString","coordinates":[[-14.522999763528219,-32.40000152604955],[-14.446000099524952,-32.89799880949744],[-14.36699962653148,-33.49900054963564]]},"properties":{"OBJECTID":815,"NAME":"African:South American","LABEL":"Divergent Boundary"}},{"type":"Feature","id":816,"geometry":{"type":"LineString","coordinates":[[57.06100082412877,-33.5540008547556],[57.090999603149214,-32.83499908424028],[57.122001647857815,-32.30300140379171],[57.15299987764229,-31.770999908419014]]},"properties":{"OBJECTID":816,"NAME":"African:Antarctic","LABEL":"Transform Boundary"}},{"type":"Feature","id":817,"geometry":{"type":"LineString","coordinates":[[-14.36699962653148,-33.49900054963564],[-14.701999664352968,-33.569000244265794]]},"properties":{"OBJECTID":817,"NAME":"African:South American","LABEL":"Transform Boundary"}},{"type":"Feature","id":818,"geometry":{"type":"LineString","coordinates":[[-112.35600280758348,-32.327999114967156],[-112.4150009157596,-32.48899841324612],[-112.41799926715242,-32.79399871786649],[-112.44200134248791,-33.11199951136831],[-112.45999908429025,-33.398998260161534],[-112.50399780295623,-33.65000152624941]]},"properties":{"OBJECTID":818,"NAME":"Pacific:Nazca","LABEL":"Divergent Boundary"}},{"type":"Feature","id":819,"geometry":{"type":"LineString","coordinates":[[55.737998962082486,-33.65299987764217],[56.40100097671376,-33.62699890167795],[57.06100082412877,-33.5540008547556]]},"properties":{"OBJECTID":819,"NAME":"African:Antarctic","LABEL":"Divergent Boundary"}},{"type":"Feature","id":820,"geometry":{"type":"LineString","coordinates":[[-112.50399780295623,-33.65000152624941],[-112.60399627660684,-33.662998199307424]]},"properties":{"OBJECTID":820,"NAME":"Pacific:Nazca","LABEL":"Other"}},{"type":"Feature","id":821,"geometry":{"type":"LineString","coordinates":[[78.085998535604,-33.194000244115955],[77.35199737557849,-33.838001251256685]]},"properties":{"OBJECTID":821,"NAME":"Australian:Antarctic","LABEL":"Transform Boundary"}},{"type":"Feature","id":822,"geometry":{"type":"LineString","coordinates":[[-14.701999664352968,-33.569000244265794],[-14.51500034339108,-34.04299926730232]]},"properties":{"OBJECTID":822,"NAME":"African:South American","LABEL":"Divergent Boundary"}},{"type":"Feature","id":823,"geometry":{"type":"LineString","coordinates":[[55.699001312160874,-34.23500061028989],[55.737998962082486,-33.65299987764217]]},"properties":{"OBJECTID":823,"NAME":"African:Antarctic","LABEL":"Transform Boundary"}},{"type":"Feature","id":824,"geometry":{"type":"LineString","coordinates":[[-14.51500034339108,-34.04299926730232],[-15.274000167873396,-34.237998962582026]]},"properties":{"OBJECTID":824,"NAME":"African:South American","LABEL":"Transform Boundary"}},{"type":"Feature","id":825,"geometry":{"type":"LineString","coordinates":[[55.30099868743952,-34.28699874909296],[55.699001312160874,-34.23500061028989]]},"properties":{"OBJECTID":825,"NAME":"African:Antarctic","LABEL":"Divergent Boundary"}},{"type":"Feature","id":826,"geometry":{"type":"LineString","coordinates":[[-109.25900268592517,-34.544998168730444],[-109.27700042682818,-34.20399856558129],[-109.26999664343032,-33.91699981678806],[-109.20500183066991,-33.70199966415311],[-109.32299804702222,-33.39199829078842],[-109.41000366253894,-33.139999389759964],[-109.18299865686248,-33.02000045785479],[-108.97200012220782,-32.93700027434312],[-109.20600128143394,-32.660999297979174]]},"properties":{"OBJECTID":826,"NAME":"Nazca","LABEL":"Divergent Boundary"}},{"type":"Feature","id":827,"geometry":{"type":"LineString","coordinates":[[55.275001525500045,-34.56100082392885],[55.30099868743952,-34.28699874909296]]},"properties":{"OBJECTID":827,"NAME":"African:Antarctic","LABEL":"Transform Boundary"}},{"type":"Feature","id":828,"geometry":{"type":"LineString","coordinates":[[54.255001068344654,-34.54199981733768],[55.275001525500045,-34.56100082392885]]},"properties":{"OBJECTID":828,"NAME":"African:Antarctic","LABEL":"Divergent Boundary"}},{"type":"Feature","id":829,"geometry":{"type":"LineString","coordinates":[[-109.69100189182382,-34.609001159675756],[-109.25900268592517,-34.544998168730444]]},"properties":{"OBJECTID":829,"NAME":"Antarctic:Nazca","LABEL":"Transform Boundary"}},{"type":"Feature","id":830,"geometry":{"type":"LineString","coordinates":[[-15.274000167873396,-34.237998962582026],[-15.083000183111892,-34.68999862673519]]},"properties":{"OBJECTID":830,"NAME":"African:South American","LABEL":"Divergent Boundary"}},{"type":"Feature","id":831,"geometry":{"type":"LineString","coordinates":[[-15.083000183111892,-34.68999862673519],[-15.265999794454899,-34.77000045795472]]},"properties":{"OBJECTID":831,"NAME":"African:South American","LABEL":"Transform Boundary"}},{"type":"Feature","id":832,"geometry":{"type":"LineString","coordinates":[[77.35199737557849,-33.838001251256685],[77.91699981718784,-34.32400131241059],[78.48799896248221,-34.80699920634822]]},"properties":{"OBJECTID":832,"NAME":"Australian:Antarctic","LABEL":"Divergent Boundary"}},{"type":"Feature","id":833,"geometry":{"type":"LineString","coordinates":[[78.48799896248221,-34.80699920634822],[78.44200134318748,-34.84199905411299]]},"properties":{"OBJECTID":833,"NAME":"Australian:Antarctic","LABEL":"Transform Boundary"}},{"type":"Feature","id":834,"geometry":{"type":"LineString","coordinates":[[-110.82700347872753,-35.090999602849365],[-110.52700042702804,-35.06100082382892],[-110.3259963991145,-34.94599914574394],[-110.14099884042412,-34.8170013429376],[-109.9189987184161,-34.7019996639533],[-109.69100189182382,-34.609001159675756]]},"properties":{"OBJECTID":834,"NAME":"Antarctic:Nazca","LABEL":"Divergent Boundary"}},{"type":"Feature","id":835,"geometry":{"type":"LineString","coordinates":[[-112.60399627660684,-33.662998199307424],[-112.62799835194238,-33.99900054953571],[-112.56199646036833,-34.2999992370751],[-112.41699981728772,-34.55599975608385],[-112.18699646021844,-34.67399978646091],[-111.7559967041845,-34.81100082432852],[-111.39900207478587,-34.9119987487432],[-111.12599945071406,-34.99499893225487],[-110.82700347872753,-35.090999602849365]]},"properties":{"OBJECTID":835,"NAME":"Pacific:Nazca","LABEL":"Divergent Boundary"}},{"type":"Feature","id":836,"geometry":{"type":"LineString","coordinates":[[-108.79699707025856,-35.13199996922316],[-109.25900268592517,-34.544998168730444]]},"properties":{"OBJECTID":836,"NAME":"Antarctic:Nazca","LABEL":"Divergent Boundary"}},{"type":"Feature","id":837,"geometry":{"type":"LineString","coordinates":[[78.44200134318748,-34.84199905411299],[78.8030014036919,-35.1609992983789]]},"properties":{"OBJECTID":837,"NAME":"Australian:Antarctic","LABEL":"Divergent Boundary"}},{"type":"Feature","id":838,"geometry":{"type":"LineString","coordinates":[[-15.265999794454899,-34.77000045795472],[-15.10000038161229,-35.18199920649812]]},"properties":{"OBJECTID":838,"NAME":"African:South American","LABEL":"Divergent Boundary"}},{"type":"Feature","id":839,"geometry":{"type":"LineString","coordinates":[[54.21599960349897,-35.30199813840335],[54.255001068344654,-34.54199981733768]]},"properties":{"OBJECTID":839,"NAME":"African:Antarctic","LABEL":"Transform Boundary"}},{"type":"Feature","id":840,"geometry":{"type":"LineString","coordinates":[[53.47100067104418,-35.51699829103825],[54.21599960349897,-35.30199813840335]]},"properties":{"OBJECTID":840,"NAME":"African:Antarctic","LABEL":"Divergent Boundary"}},{"type":"Feature","id":841,"geometry":{"type":"LineString","coordinates":[[-15.10000038161229,-35.18199920649812],[-16.027000427028042,-35.34299850477714],[-16.961999893480254,-35.499000549235916],[-17.702999115416787,-35.66299819980702]]},"properties":{"OBJECTID":841,"NAME":"African:South American","LABEL":"Transform Boundary"}},{"type":"Feature","id":842,"geometry":{"type":"LineString","coordinates":[[78.8030014036919,-35.1609992983789],[78.20099639876486,-35.68299865716227]]},"properties":{"OBJECTID":842,"NAME":"Australian:Antarctic","LABEL":"Transform Boundary"}},{"type":"Feature","id":843,"geometry":{"type":"LineString","coordinates":[[-110.89499664288076,-35.79700088538249],[-110.87699890107837,-35.319000244365725],[-110.82700347872753,-35.090999602849365]]},"properties":{"OBJECTID":843,"NAME":"Pacific:Antarctic","LABEL":"Divergent Boundary"}},{"type":"Feature","id":844,"geometry":{"type":"LineString","coordinates":[[-110.57900238075524,-35.83000183071988],[-110.89499664288076,-35.79700088538249]]},"properties":{"OBJECTID":844,"NAME":"Pacific:Antarctic","LABEL":"Transform Boundary"}},{"type":"Feature","id":845,"geometry":{"type":"LineString","coordinates":[[53.46599960319918,-36.140998839924464],[53.47100067104418,-35.51699829103825]]},"properties":{"OBJECTID":845,"NAME":"African:Antarctic","LABEL":"Transform Boundary"}},{"type":"Feature","id":846,"geometry":{"type":"LineString","coordinates":[[52.33800125135673,-36.16199874894306],[52.902000427277926,-36.152999878041896],[53.46599960319918,-36.140998839924464]]},"properties":{"OBJECTID":846,"NAME":"African:Antarctic","LABEL":"Divergent Boundary"}},{"type":"Feature","id":847,"geometry":{"type":"LineString","coordinates":[[-97.40200042717794,-36.29399871806635],[-98.41699981648833,-36.19300079365166],[-99.53199768034864,-36.132999419787325],[-100.6449966426809,-36.06299972515717],[-101.28600311245361,-35.99700164760793],[-101.92600250251343,-35.92699813805359],[-102.56500244180921,-35.85400009113124],[-103.20200347867757,-35.777999877892],[-103.99800109827203,-35.69400024451562],[-104.79299926800178,-35.60499954239492],[-105.3909988400244,-35.52399826041136],[-105.9879989621823,-35.4389991762709],[-106.66600036632383,-35.39400100684094],[-107.34300231970127,-35.345001220330005],[-108.07099914529431,-35.240001678834346],[-108.79699707025856,-35.13199996922316]]},"properties":{"OBJECTID":847,"NAME":"Antarctic:Nazca","LABEL":"Transform Boundary"}},{"type":"Feature","id":848,"geometry":{"type":"LineString","coordinates":[[-110.73899841334605,-36.3580017090116],[-110.71499633801056,-36.21900176961594],[-110.57900238075524,-35.83000183071988]]},"properties":{"OBJECTID":848,"NAME":"Pacific:Antarctic","LABEL":"Divergent Boundary"}},{"type":"Feature","id":849,"geometry":{"type":"LineString","coordinates":[[-110.471000671144,-36.409999847814674],[-110.73899841334605,-36.3580017090116]]},"properties":{"OBJECTID":849,"NAME":"Pacific:Antarctic","LABEL":"Transform Boundary"}},{"type":"Feature","id":850,"geometry":{"type":"LineString","coordinates":[[-17.702999115416787,-35.66299819980702],[-17.419000625478418,-36.06800079390149],[-17.08499908424028,-36.47200012230775]]},"properties":{"OBJECTID":850,"NAME":"African:South American","LABEL":"Divergent Boundary"}},{"type":"Feature","id":851,"geometry":{"type":"LineString","coordinates":[[78.20099639876486,-35.68299865716227],[78.69000244115978,-36.097999572921935],[79.18399810752669,-36.51100158715349]]},"properties":{"OBJECTID":851,"NAME":"Australian:Antarctic","LABEL":"Divergent Boundary"}},{"type":"Feature","id":852,"geometry":{"type":"LineString","coordinates":[[-17.08499908424028,-36.47200012230775],[-17.440000534497017,-36.562000274293155]]},"properties":{"OBJECTID":852,"NAME":"African:South American","LABEL":"Transform Boundary"}},{"type":"Feature","id":853,"geometry":{"type":"LineString","coordinates":[[-97.41300201453129,-36.870998382869004],[-97.40200042717794,-36.29399871806635]]},"properties":{"OBJECTID":853,"NAME":"Antarctic:Nazca","LABEL":"Divergent Boundary"}},{"type":"Feature","id":854,"geometry":{"type":"LineString","coordinates":[[-94.12999725357037,-37.000999450464235],[-94.91000366183948,-36.98500061018996],[-95.68900299039564,-36.96500015283476],[-96.55100250246346,-36.92100143416883],[-97.41300201453129,-36.870998382869004]]},"properties":{"OBJECTID":854,"NAME":"Antarctic:Nazca","LABEL":"Transform Boundary"}},{"type":"Feature","id":855,"geometry":{"type":"LineString","coordinates":[[-179.75904574846248,-37.062276473980035],[-179.19527014849854,-36.24468526061622],[-178.94570850734172,-35.641281357548564],[-178.77319308089594,-35.14396182118105],[-178.53900146504554,-34.706001281933595],[-178.4129943846831,-34.48500061068961],[-178.29400634741498,-34.241001128898915],[-178.1701580401614,-33.85936931034536],[-177.98100280773338,-33.578998565931045],[-177.80999755884025,-33.19100189182382],[-177.66600036652366,-32.69599914574394],[-177.52735524115144,-32.34633963066938],[-177.42002891969886,-32.01324443877979],[-177.3009948731149,-31.79299926730232],[-177.1080017092115,-31.451999664153107],[-176.91900634746494,-31.037000655855536],[-176.73730407832053,-30.698973485637794],[-176.5712335515871,-30.235361013499926],[-176.37334298289232,-29.882029467585824],[-176.19305183277584,-29.47384175539264],[-176.0780029294916,-29.065000533747593],[-175.994995117031,-28.69700050387013],[-175.88499450679103,-28.26399993884604],[-175.7850036620893,-27.784000396301224],[-175.6444261526448,-27.329620267161545],[-175.50744974271143,-26.906948964423123],[-175.42300415082087,-26.437000274742843],[-175.41499328591138,-26.024999618737354],[-175.38200378444708,-25.72900009158093],[-175.29699707045842,-25.42600059505139],[-175.26100158685372,-25.142000198550306],[-175.2290039063052,-24.83600044226654],[-175.20899963402587,-24.472000122007955],[-175.10200500502694,-24.06999969512981],[-174.98500061048975,-23.750000000099874]]},"properties":{"OBJECTID":855,"NAME":"Pacific:Australian","LABEL":"Convergent Boundary"}},{"type":"Feature","id":856,"geometry":{"type":"LineString","coordinates":[[-17.440000534497017,-36.562000274293155],[-17.333000183111892,-36.94400024381616],[-17.2329998019992,-37.37400054908602]]},"properties":{"OBJECTID":856,"NAME":"African:South American","LABEL":"Divergent Boundary"}},{"type":"Feature","id":857,"geometry":{"type":"LineString","coordinates":[[52.28300094623671,-37.43199920649812],[52.3110008237291,-36.79700088518268],[52.33800125135673,-36.16199874894306]]},"properties":{"OBJECTID":857,"NAME":"African:Antarctic","LABEL":"Transform Boundary"}},{"type":"Feature","id":858,"geometry":{"type":"LineString","coordinates":[[50.826999664303116,-37.451000213988664],[51.55500030482028,-37.4420013430875],[52.28300094623671,-37.43199920649812]]},"properties":{"OBJECTID":858,"NAME":"African:Antarctic","LABEL":"Divergent Boundary"}},{"type":"Feature","id":859,"geometry":{"type":"LineString","coordinates":[[-17.2329998019992,-37.37400054908602],[-17.533000946236655,-37.472000122107886]]},"properties":{"OBJECTID":859,"NAME":"African:South American","LABEL":"Transform Boundary"}},{"type":"Feature","id":860,"geometry":{"type":"LineString","coordinates":[[79.18399810752669,-36.51100158715349],[78.6060028077834,-36.998001099071416],[78.0210037228436,-37.48300170856197]]},"properties":{"OBJECTID":860,"NAME":"Australian:Antarctic","LABEL":"Transform Boundary"}},{"type":"Feature","id":861,"geometry":{"type":"LineString","coordinates":[[50.82300186124695,-37.58000183081981],[50.826999664303116,-37.451000213988664]]},"properties":{"OBJECTID":861,"NAME":"African:Antarctic","LABEL":"Transform Boundary"}},{"type":"Feature","id":862,"geometry":{"type":"LineString","coordinates":[[49.96200180084247,-37.597000121858116],[50.82300186124695,-37.58000183081981]]},"properties":{"OBJECTID":862,"NAME":"African:Antarctic","LABEL":"Divergent Boundary"}},{"type":"Feature","id":863,"geometry":{"type":"LineString","coordinates":[[49.944999694880096,-37.79000091560971],[49.96200180084247,-37.597000121858116]]},"properties":{"OBJECTID":863,"NAME":"African:Antarctic","LABEL":"Transform Boundary"}},{"type":"Feature","id":864,"geometry":{"type":"LineString","coordinates":[[49.03699874859342,-37.79199981713782],[49.944999694880096,-37.79000091560971]]},"properties":{"OBJECTID":864,"NAME":"African:Antarctic","LABEL":"Divergent Boundary"}},{"type":"Feature","id":865,"geometry":{"type":"LineString","coordinates":[[49.03400039630128,-38.000000000399666],[49.03699874859342,-37.79199981713782]]},"properties":{"OBJECTID":865,"NAME":"African:Antarctic","LABEL":"Transform Boundary"}},{"type":"Feature","id":866,"geometry":{"type":"LineString","coordinates":[[78.0210037228436,-37.48300170856197],[78.70600128143406,-38.00099945026437]]},"properties":{"OBJECTID":866,"NAME":"Australian:Antarctic","LABEL":"Divergent Boundary"}},{"type":"Feature","id":867,"geometry":{"type":"LineString","coordinates":[[78.70600128143406,-38.00099945026437],[78.18199920619844,-38.3930015563767]]},"properties":{"OBJECTID":867,"NAME":"Australian:Antarctic","LABEL":"Transform Boundary"}},{"type":"Feature","id":868,"geometry":{"type":"LineString","coordinates":[[-17.051000594701634,-38.44699859580851],[-16.79899978621114,-38.401000976513785]]},"properties":{"OBJECTID":868,"NAME":"African:South American","LABEL":"Transform Boundary"}},{"type":"Feature","id":869,"geometry":{"type":"LineString","coordinates":[[-17.533000946236655,-37.472000122107886],[-17.38800048823191,-38.02500152559986],[-17.051000594701634,-38.44699859580851]]},"properties":{"OBJECTID":869,"NAME":"African:South American","LABEL":"Divergent Boundary"}},{"type":"Feature","id":870,"geometry":{"type":"LineString","coordinates":[[48.01699829143803,-38.47800064051711],[48.63299942018716,-38.01399993914583],[49.03400039630128,-38.000000000399666]]},"properties":{"OBJECTID":870,"NAME":"African:Antarctic","LABEL":"Divergent Boundary"}},{"type":"Feature","id":871,"geometry":{"type":"LineString","coordinates":[[-93.07499694865021,-38.429000854905496],[-93.99600219694378,-38.481998443573275]]},"properties":{"OBJECTID":871,"NAME":"Antarctic:Nazca","LABEL":"Transform Boundary"}},{"type":"Feature","id":872,"geometry":{"type":"LineString","coordinates":[[-93.99600219694378,-38.481998443573275],[-94.09300231920162,-37.71699905376329],[-94.12999725357037,-37.000999450464235]]},"properties":{"OBJECTID":872,"NAME":"Antarctic:Nazca","LABEL":"Divergent Boundary"}},{"type":"Feature","id":873,"geometry":{"type":"LineString","coordinates":[[48.02299881004711,-38.65100097691351],[48.01699829143803,-38.47800064051711]]},"properties":{"OBJECTID":873,"NAME":"African:Antarctic","LABEL":"Transform Boundary"}},{"type":"Feature","id":874,"geometry":{"type":"LineString","coordinates":[[78.18199920619844,-38.3930015563767],[78.528999328856,-38.65900039705065]]},"properties":{"OBJECTID":874,"NAME":"Australian:Antarctic","LABEL":"Divergent Boundary"}},{"type":"Feature","id":875,"geometry":{"type":"LineString","coordinates":[[46.243999480791445,-38.86999893170531],[47.13499832111569,-38.763999938546306],[48.02299881004711,-38.65100097691351]]},"properties":{"OBJECTID":875,"NAME":"African:Antarctic","LABEL":"Divergent Boundary"}},{"type":"Feature","id":876,"geometry":{"type":"LineString","coordinates":[[-91.65799713156235,-38.866001129548465],[-92.33999633786067,-38.91799926745216],[-93.02200317400724,-38.96699905396315]]},"properties":{"OBJECTID":876,"NAME":"Antarctic:Nazca","LABEL":"Transform Boundary"}},{"type":"Feature","id":877,"geometry":{"type":"LineString","coordinates":[[-93.02200317400724,-38.96699905396315],[-93.07499694865021,-38.429000854905496]]},"properties":{"OBJECTID":877,"NAME":"Antarctic:Nazca","LABEL":"Divergent Boundary"}},{"type":"Feature","id":878,"geometry":{"type":"LineString","coordinates":[[-111.2699966430306,-38.979000091181206],[-111.26799774150254,-38.87799835184239],[-111.06700134253788,-38.27600097676361],[-110.86900329586535,-37.6739997867607],[-110.66799926795181,-37.04199981683803],[-110.471000671144,-36.409999847814674]]},"properties":{"OBJECTID":878,"NAME":"Pacific:Antarctic","LABEL":"Divergent Boundary"}},{"type":"Feature","id":879,"geometry":{"type":"LineString","coordinates":[[-110.39099883992446,-38.98600006145364],[-111.2699966430306,-38.979000091181206]]},"properties":{"OBJECTID":879,"NAME":"Pacific:Antarctic","LABEL":"Transform Boundary"}},{"type":"Feature","id":880,"geometry":{"type":"LineString","coordinates":[[78.528999328856,-38.65900039705065],[78.07299804672255,-39.005001068044805]]},"properties":{"OBJECTID":880,"NAME":"Australian:Antarctic","LABEL":"Transform Boundary"}},{"type":"Feature","id":881,"geometry":{"type":"LineString","coordinates":[[78.07299804672255,-39.005001068044805],[78.38400268577539,-39.26200103781758]]},"properties":{"OBJECTID":881,"NAME":"Australian:Antarctic","LABEL":"Divergent Boundary"}},{"type":"Feature","id":882,"geometry":{"type":"LineString","coordinates":[[78.38400268577539,-39.26200103781758],[78.0019989013283,-39.53900146494561]]},"properties":{"OBJECTID":882,"NAME":"Australian:Antarctic","LABEL":"Transform Boundary"}},{"type":"Feature","id":883,"geometry":{"type":"LineString","coordinates":[[-16.79899978621114,-38.401000976513785],[-16.361000060804145,-38.557998656812515],[-16.044000625528383,-38.88299942058677],[-15.96500015253497,-39.35200118980305],[-15.921999931351706,-39.68099975573409]]},"properties":{"OBJECTID":883,"NAME":"African:South American","LABEL":"Divergent Boundary"}},{"type":"Feature","id":884,"geometry":{"type":"LineString","coordinates":[[-15.921999931351706,-39.68099975573409],[-16.41500091516008,-39.790000915210044]]},"properties":{"OBJECTID":884,"NAME":"African:South American","LABEL":"Transform Boundary"}},{"type":"Feature","id":885,"geometry":{"type":"LineString","coordinates":[[78.0019989013283,-39.53900146494561],[78.42500305214918,-39.904998779270215]]},"properties":{"OBJECTID":885,"NAME":"Australian:Antarctic","LABEL":"Divergent Boundary"}},{"type":"Feature","id":886,"geometry":{"type":"LineString","coordinates":[[46.07400131251063,-40.11899948114109],[46.159999847415065,-39.493999481490846],[46.243999480791445,-38.86999893170531]]},"properties":{"OBJECTID":886,"NAME":"African:Antarctic","LABEL":"Transform Boundary"}},{"type":"Feature","id":887,"geometry":{"type":"LineString","coordinates":[[45.33200073234798,-40.109001159475895],[46.07400131251063,-40.11899948114109]]},"properties":{"OBJECTID":887,"NAME":"African:Antarctic","LABEL":"Divergent Boundary"}},{"type":"Feature","id":888,"geometry":{"type":"LineString","coordinates":[[-16.41500091516008,-39.790000915210044],[-16.469999313717324,-40.272998810047]]},"properties":{"OBJECTID":888,"NAME":"African:South American","LABEL":"Divergent Boundary"}},{"type":"Feature","id":889,"geometry":{"type":"LineString","coordinates":[[78.42500305214918,-39.904998779270215],[77.82499694785093,-40.326000213638906]]},"properties":{"OBJECTID":889,"NAME":"Australian:Antarctic","LABEL":"Transform Boundary"}},{"type":"Feature","id":890,"geometry":{"type":"LineString","coordinates":[[-16.469999313717324,-40.272998810047],[-16.86700058021256,-40.36600112924867]]},"properties":{"OBJECTID":890,"NAME":"African:South American","LABEL":"Transform Boundary"}},{"type":"Feature","id":891,"geometry":{"type":"LineString","coordinates":[[45.30300140409156,-40.36600112924867],[45.33200073234798,-40.109001159475895]]},"properties":{"OBJECTID":891,"NAME":"African:Antarctic","LABEL":"Transform Boundary"}},{"type":"Feature","id":892,"geometry":{"type":"LineString","coordinates":[[44.7159996035989,-40.36899948154081],[45.30300140409156,-40.36600112924867]]},"properties":{"OBJECTID":892,"NAME":"African:Antarctic","LABEL":"Divergent Boundary"}},{"type":"Feature","id":893,"geometry":{"type":"LineString","coordinates":[[44.68600082367914,-40.69100189212355],[44.7159996035989,-40.36899948154081]]},"properties":{"OBJECTID":893,"NAME":"African:Antarctic","LABEL":"Transform Boundary"}},{"type":"Feature","id":894,"geometry":{"type":"LineString","coordinates":[[44.02299880994718,-40.67100143476836],[44.68600082367914,-40.69100189212355]]},"properties":{"OBJECTID":894,"NAME":"African:Antarctic","LABEL":"Divergent Boundary"}},{"type":"Feature","id":895,"geometry":{"type":"LineString","coordinates":[[44.008998871201015,-40.915000915659675],[44.02299880994718,-40.67100143476836]]},"properties":{"OBJECTID":895,"NAME":"African:Antarctic","LABEL":"Transform Boundary"}},{"type":"Feature","id":896,"geometry":{"type":"LineString","coordinates":[[42.873001098322106,-40.84999847395039],[44.008998871201015,-40.915000915659675]]},"properties":{"OBJECTID":896,"NAME":"African:Antarctic","LABEL":"Divergent Boundary"}},{"type":"Feature","id":897,"geometry":{"type":"LineString","coordinates":[[-90.08799743633256,-41.05799865721224],[-90.73899841284646,-41.082000732547726],[-91.39099884012433,-41.103000640667005]]},"properties":{"OBJECTID":897,"NAME":"Antarctic:Nazca","LABEL":"Transform Boundary"}},{"type":"Feature","id":898,"geometry":{"type":"LineString","coordinates":[[-91.39099884012433,-41.103000640667005],[-91.47599792516405,-40.731998443573275],[-91.51200103771765,-40.282001494972974],[-91.54799652132237,-39.83300018311189],[-91.60399627720636,-39.3489990234861],[-91.65799713156235,-38.866001129548465]]},"properties":{"OBJECTID":898,"NAME":"Antarctic:Nazca","LABEL":"Divergent Boundary"}},{"type":"Feature","id":899,"geometry":{"type":"LineString","coordinates":[[-87.416999816888,-41.27299880984714],[-88.4469985966079,-41.31900024406599],[-89.24999999960028,-41.377998352242116],[-90.054000854256,-41.43199920659805]]},"properties":{"OBJECTID":899,"NAME":"Antarctic:Nazca","LABEL":"Transform Boundary"}},{"type":"Feature","id":900,"geometry":{"type":"LineString","coordinates":[[-90.054000854256,-41.43199920659805],[-90.08799743633256,-41.05799865721224]]},"properties":{"OBJECTID":900,"NAME":"Antarctic:Nazca","LABEL":"Divergent Boundary"}},{"type":"Feature","id":901,"geometry":{"type":"LineString","coordinates":[[-83.82700347872753,-41.12499999955031],[-84.48699951211773,-41.19100189202368],[-85.14800262432163,-41.25299835249194],[-86.23999786361048,-41.39300155667644],[-87.33599853490443,-41.52099990871875]]},"properties":{"OBJECTID":901,"NAME":"Antarctic:Nazca","LABEL":"Transform Boundary"}},{"type":"Feature","id":902,"geometry":{"type":"LineString","coordinates":[[-87.33599853490443,-41.52099990871875],[-87.416999816888,-41.27299880984714]]},"properties":{"OBJECTID":902,"NAME":"Antarctic:Nazca","LABEL":"Divergent Boundary"}},{"type":"Feature","id":903,"geometry":{"type":"LineString","coordinates":[[79.98999786371047,-41.89199829088835],[80.46399688764632,-41.51200103781758],[80.93199920609857,-41.13000106829463]]},"properties":{"OBJECTID":903,"NAME":"Australian:Antarctic","LABEL":"Transform Boundary"}},{"type":"Feature","id":904,"geometry":{"type":"LineString","coordinates":[[77.82499694785093,-40.326000213638906],[78.48400115942604,-40.86600112914874],[78.65899658242637,-40.87200164775777],[79.31900024386624,-41.383998870851144],[79.98999786371047,-41.89199829088835]]},"properties":{"OBJECTID":904,"NAME":"Australian:Antarctic","LABEL":"Divergent Boundary"}},{"type":"Feature","id":905,"geometry":{"type":"LineString","coordinates":[[88.05999755854054,-41.99700164820746],[88.48799896228235,-41.68600082407875]]},"properties":{"OBJECTID":905,"NAME":"Australian:Antarctic","LABEL":"Transform Boundary"}},{"type":"Feature","id":906,"geometry":{"type":"LineString","coordinates":[[85.8590011599756,-40.833999633676115],[86.40200042687826,-41.129001617530605],[86.94999694850043,-41.42100143416883],[87.50199890122838,-41.70999908449011],[88.05999755854054,-41.99700164820746]]},"properties":{"OBJECTID":906,"NAME":"Australian:Antarctic","LABEL":"Divergent Boundary"}},{"type":"Feature","id":907,"geometry":{"type":"MultiLineString","coordinates":[[[174.5932984221845,-42.154570639023746],[175.69099722933868,-42.040834643404025],[176.6730041503214,-41.7560005187089],[177.1230010989217,-41.65700149492301],[177.60699462869923,-41.49999999970021],[178.01499939000996,-41.18799972570673],[178.28399658207672,-40.80699920694781],[178.5659942630249,-40.42399978666077],[178.79200744598688,-40.08700180059259],[178.94999694810076,-39.685001373714385],[179.12500000005002,-39.229999542344956],[179.21499633801068,-38.8889999391958],[179.36599731462445,-38.53799819945732],[179.56900024406605,-38.20399856568122],[180.00000000010004,-37.40445118167668]],[[-179.99999999990004,-37.40445118167668],[-179.81335171401037,-37.05820006028449]]]},"properties":{"OBJECTID":907,"NAME":"Pacific:Australian","LABEL":"Convergent Boundary"}},{"type":"Feature","id":908,"geometry":{"type":"LineString","coordinates":[[-110.95400238000582,-42.249000549235916],[-110.83200073254773,-41.35499954259478],[-110.7539978028563,-40.75999832196493],[-110.67700195287779,-40.164001464595856],[-110.53299713161232,-39.57500076257509],[-110.39099883992446,-38.98600006145364]]},"properties":{"OBJECTID":908,"NAME":"Pacific:Antarctic","LABEL":"Divergent Boundary"}},{"type":"Feature","id":909,"geometry":{"type":"LineString","coordinates":[[-111.3489990234861,-42.20000076272498],[-110.95400238000582,-42.249000549235916]]},"properties":{"OBJECTID":909,"NAME":"Pacific:Antarctic","LABEL":"Transform Boundary"}},{"type":"Feature","id":910,"geometry":{"type":"LineString","coordinates":[[42.46900176991579,-42.72999954254482],[42.57199859585859,-42.25999832166519],[42.67399978596143,-41.79000091570964],[42.77399826051135,-41.31999969483002],[42.873001098322106,-40.84999847395039]]},"properties":{"OBJECTID":910,"NAME":"African:Antarctic","LABEL":"Transform Boundary"}},{"type":"Feature","id":911,"geometry":{"type":"LineString","coordinates":[[41.81200027479292,-42.654998779170285],[42.46900176991579,-42.72999954254482]]},"properties":{"OBJECTID":911,"NAME":"African:Antarctic","LABEL":"Divergent Boundary"}},{"type":"Feature","id":912,"geometry":{"type":"LineString","coordinates":[[83.43900299079547,-42.88999939005976],[83.8529968259428,-42.550998687539334],[84.26300048788227,-42.20999908439018],[84.66899871781663,-41.86800003047699],[85.06999969483013,-41.52500152579972],[85.46600341802338,-41.18000030556959],[85.8590011599756,-40.833999633676115]]},"properties":{"OBJECTID":912,"NAME":"Australian:Antarctic","LABEL":"Transform Boundary"}},{"type":"Feature","id":913,"geometry":{"type":"LineString","coordinates":[[80.93199920609857,-41.13000106829463],[81.75199890102851,-41.72200012170822],[82.58799743623274,-42.30899810817613],[83.43900299079547,-42.88999939005976]]},"properties":{"OBJECTID":913,"NAME":"Australian:Antarctic","LABEL":"Divergent Boundary"}},{"type":"Feature","id":914,"geometry":{"type":"LineString","coordinates":[[-82.50900268542557,-42.86100006090402],[-83.44799804657254,-42.98099899280925]]},"properties":{"OBJECTID":914,"NAME":"Antarctic:Nazca","LABEL":"Transform Boundary"}},{"type":"Feature","id":915,"geometry":{"type":"LineString","coordinates":[[-83.44799804657254,-42.98099899280925],[-83.45400238010569,-42.87300109902145],[-83.60399627700656,-42.22200012250761],[-83.71600341772353,-41.673999785961314],[-83.82700347872753,-41.12499999955031]]},"properties":{"OBJECTID":915,"NAME":"Antarctic:Nazca","LABEL":"Divergent Boundary"}},{"type":"Feature","id":916,"geometry":{"type":"LineString","coordinates":[[41.557998657312226,-43.57899856573118],[41.686000824278665,-43.11700057991277],[41.81200027479292,-42.654998779170285]]},"properties":{"OBJECTID":916,"NAME":"African:Antarctic","LABEL":"Transform Boundary"}},{"type":"Feature","id":917,"geometry":{"type":"LineString","coordinates":[[39.458999633926,-43.28599929832893],[40.506000518709016,-43.43799972570673],[41.557998657312226,-43.57899856573118]]},"properties":{"OBJECTID":917,"NAME":"African:Antarctic","LABEL":"Divergent Boundary"}},{"type":"Feature","id":918,"geometry":{"type":"LineString","coordinates":[[166.98809988380265,-45.18472661534099],[168.17527938193803,-44.38597689491775],[169.45383963259303,-43.695388401353625],[170.86909419294273,-42.93228586340183],[171.55130760965858,-42.64506315284217],[173.03306602627617,-42.355629602024464],[174.5752256688296,-42.17447226628201]]},"properties":{"OBJECTID":918,"NAME":"Pacific:Australian","LABEL":"Transform Boundary"}},{"type":"Feature","id":919,"geometry":{"type":"LineString","coordinates":[[39.07300186134688,-44.165000915459814],[39.26699829093843,-43.72600173928879],[39.458999633926,-43.28599929832893]]},"properties":{"OBJECTID":919,"NAME":"African:Antarctic","LABEL":"Transform Boundary"}},{"type":"Feature","id":920,"geometry":{"type":"LineString","coordinates":[[38.33800125145666,-44.05500030521989],[39.07300186134688,-44.165000915459814]]},"properties":{"OBJECTID":920,"NAME":"African:Antarctic","LABEL":"Divergent Boundary"}},{"type":"Feature","id":921,"geometry":{"type":"LineString","coordinates":[[38.08300018321194,-44.61899948114109],[38.19400024421594,-44.40100097621405],[38.33800125145666,-44.05500030521989]]},"properties":{"OBJECTID":921,"NAME":"African:Antarctic","LABEL":"Transform Boundary"}},{"type":"Feature","id":922,"geometry":{"type":"LineString","coordinates":[[88.48799896228235,-41.68600082407875],[89.01100158675388,-41.94400024371623],[89.53700256351755,-42.20000076272498],[90.06800079320209,-42.453998565281495],[90.6029968259428,-42.70500183136937],[91.1419982906886,-42.95299911531686],[91.6859970092546,-43.199001312660414],[92.23400115982571,-43.44300079355173],[92.78600311255366,-43.68399810812616],[93.3430023191018,-43.92200088533252],[93.9039993287061,-44.15700149532273],[94.47000122107954,-44.389999389759964],[95.04000091560982,-44.61899948114109]]},"properties":{"OBJECTID":922,"NAME":"Australian:Antarctic","LABEL":"Divergent Boundary"}},{"type":"Feature","id":923,"geometry":{"type":"LineString","coordinates":[[95.04000091560982,-44.61899948114109],[94.92600250231368,-44.80500030551963]]},"properties":{"OBJECTID":923,"NAME":"Australian:Antarctic","LABEL":"Transform Boundary"}},{"type":"Feature","id":924,"geometry":{"type":"LineString","coordinates":[[-78.20600128133401,-44.41099929787924],[-78.89299774145258,-44.54499816853058],[-79.5859985351043,-44.66600036612397],[-80.28099823028407,-44.782001494972974],[-81.10600280798315,-44.875999450913866],[-81.93499755889019,-44.96400070227054]]},"properties":{"OBJECTID":924,"NAME":"Antarctic:Nazca","LABEL":"Transform Boundary"}},{"type":"Feature","id":925,"geometry":{"type":"LineString","coordinates":[[-81.93499755889019,-44.96400070227054],[-82.13800048833184,-44.40399932850619],[-82.35099792451456,-43.638999938696145],[-82.50900268542557,-42.86100006090402]]},"properties":{"OBJECTID":925,"NAME":"Antarctic:Nazca","LABEL":"Divergent Boundary"}},{"type":"Feature","id":926,"geometry":{"type":"LineString","coordinates":[[35.013999939046016,-45.10599899305902],[35.181999206698094,-44.854999541895324],[35.65999984771486,-44.86600112924867],[35.97299957247236,-44.96099853505433],[36.30300140409156,-44.96599960289933],[36.6769981385533,-44.91999816868048],[37.08499908404053,-44.8040008547556],[37.507999419937335,-44.87500000014984],[38.08300018321194,-44.61899948114109]]},"properties":{"OBJECTID":926,"NAME":"African:Antarctic","LABEL":"Divergent Boundary"}},{"type":"Feature","id":927,"geometry":{"type":"LineString","coordinates":[[94.92600250231368,-44.80500030551963],[95.80599975618384,-45.140998839924464],[96.69799804727211,-45.47100067154372]]},"properties":{"OBJECTID":927,"NAME":"Australian:Antarctic","LABEL":"Divergent Boundary"}},{"type":"Feature","id":928,"geometry":{"type":"LineString","coordinates":[[-15.593999862903331,-45.47600173938872],[-14.894000053159857,-45.370998382968935]]},"properties":{"OBJECTID":928,"NAME":"African:South American","LABEL":"Transform Boundary"}},{"type":"Feature","id":929,"geometry":{"type":"LineString","coordinates":[[-16.86700058021256,-40.36600112924867],[-16.81699943547551,-40.7900009159095],[-16.743999481091123,-41.1759986875893],[-16.67799949607985,-41.519001007190695],[-16.332000732547726,-41.80599975598392],[-16.215000152934692,-42.338001251356616],[-16.430000305569592,-42.86800003027713],[-16.32999992355758,-43.38700103766769],[-16.243999481191054,-43.68299865736208],[-16.08600044266626,-44.13199996922316],[-15.923999786161176,-44.58000183121948],[-15.760000229027298,-45.02799987829172],[-15.593999862903331,-45.47600173938872]]},"properties":{"OBJECTID":929,"NAME":"African:South American","LABEL":"Divergent Boundary"}},{"type":"Feature","id":930,"geometry":{"type":"LineString","coordinates":[[-71.30699920624835,-21.965000152235177],[-71.34799957262214,-22.757999420436875],[-71.38999938975996,-23.523000716809577],[-71.46600341792333,-24.263000487982083],[-71.52400207533549,-25.093000412039316],[-71.62799835204225,-25.840000152584935],[-71.75299835179248,-26.6520004273778],[-71.84700012175819,-27.24799919130959],[-71.95800018276219,-27.75499916058277],[-72.1699981690802,-28.277999877592208],[-72.43299865746201,-28.90099906915168],[-72.5550003049201,-29.53599929792921],[-72.59999847435006,-30.190000534197225],[-72.61799621615239,-30.965000152235177],[-72.67800140404154,-31.531000137146577],[-72.76200103741792,-32.31900024406599],[-72.8889999386962,-32.742000579962735],[-72.86100006120381,-33.359001159475895],[-72.9380035401312,-33.83700180049266],[-73.24600219704371,-34.29000091540985],[-73.67500305154954,-34.88800048833184],[-73.89700317355755,-35.577999114767294],[-74.26200103801744,-36.16500091526001],[-74.44200134288764,-36.72499847410023],[-74.59600067179355,-37.5629997257567],[-74.65499877907035,-38.13800048813198],[-74.83599853560389,-38.54199981653824],[-74.98799896208237,-39.068000793301906],[-75.14900207528552,-39.56399917612106],[-75.12799835224212,-39.8129997257567],[-75.19499969458019,-40.35900115987556],[-75.18900299089529,-40.86299896283185],[-75.391998291388,-41.36700057981284],[-75.39700317415713,-41.826000213339114],[-75.40200042707801,-42.28499984776471],[-75.55799865751197,-42.97200012190808],[-75.63200378414729,-43.64799880959737],[-75.7819976810481,-44.05099868813892],[-75.82099914589384,-44.84899902328624],[-76.0059967036849,-45.659000396550994]]},"properties":{"OBJECTID":930,"NAME":"South American:Nazca","LABEL":"Convergent Boundary"}},{"type":"Feature","id":931,"geometry":{"type":"LineString","coordinates":[[-76.0059967036849,-45.659000396550994],[-76.67500305184933,-45.64300155627677],[-77.6610031129033,-45.76100158665383]]},"properties":{"OBJECTID":931,"NAME":"Antarctic:Nazca","LABEL":"Transform Boundary"}},{"type":"Feature","id":932,"geometry":{"type":"LineString","coordinates":[[-77.6610031129033,-45.76100158665383],[-77.76399993884604,-45.58900070192084],[-77.98999786391028,-45.09199905431285],[-78.20600128133401,-44.41099929787924]]},"properties":{"OBJECTID":932,"NAME":"Antarctic:Nazca","LABEL":"Divergent Boundary"}},{"type":"Feature","id":933,"geometry":{"type":"LineString","coordinates":[[-112.67500305184933,-45.83300018281216],[-112.55000305209916,-45.493999481191054],[-112.3809967038348,-44.93799972540694],[-112.21600341832306,-44.3810005188588],[-111.97100067174358,-43.77399826011157],[-111.73000335716915,-43.1660003664237],[-111.53800201418159,-42.68299865756194],[-111.3489990234861,-42.20000076272498]]},"properties":{"OBJECTID":933,"NAME":"Pacific:Antarctic","LABEL":"Divergent Boundary"}},{"type":"Feature","id":934,"geometry":{"type":"LineString","coordinates":[[-112.42600250221369,-45.854000091830756],[-112.67500305184933,-45.83300018281216]]},"properties":{"OBJECTID":934,"NAME":"Pacific:Antarctic","LABEL":"Transform Boundary"}},{"type":"Feature","id":935,"geometry":{"type":"LineString","coordinates":[[-14.715000152335108,-45.89799880959737],[-13.81000041998334,-45.79700088518268]]},"properties":{"OBJECTID":935,"NAME":"African:South American","LABEL":"Transform Boundary"}},{"type":"Feature","id":936,"geometry":{"type":"LineString","coordinates":[[-14.894000053159857,-45.370998382968935],[-14.715000152335108,-45.89799880959737]]},"properties":{"OBJECTID":936,"NAME":"African:South American","LABEL":"Divergent Boundary"}},{"type":"Feature","id":937,"geometry":{"type":"LineString","coordinates":[[34.70399856568133,-45.97100067144379],[34.868000030277244,-45.46599960369872],[35.013999939046016,-45.10599899305902]]},"properties":{"OBJECTID":937,"NAME":"African:Antarctic","LABEL":"Transform Boundary"}},{"type":"Feature","id":938,"geometry":{"type":"LineString","coordinates":[[33.54000091531003,-46.346000671593686],[33.81800079320209,-45.97900009158093],[33.98199844377319,-46.08100128168377],[34.08700180019298,-46.090000152584935],[34.26699829103836,-46.21200180094229],[34.5040016174807,-46.22200012170822],[34.70399856568133,-45.97100067144379]]},"properties":{"OBJECTID":938,"NAME":"African:Antarctic","LABEL":"Divergent Boundary"}},{"type":"Feature","id":939,"geometry":{"type":"LineString","coordinates":[[96.69799804727211,-45.47100067154372],[96.2740020755354,-45.995998382619234],[95.84200286873744,-46.52000045785479]]},"properties":{"OBJECTID":939,"NAME":"Australian:Antarctic","LABEL":"Transform Boundary"}},{"type":"Feature","id":940,"geometry":{"type":"LineString","coordinates":[[32.12120819090535,-47.00369262661337],[31.864999771122598,-47.20100021338908]]},"properties":{"OBJECTID":940,"NAME":"African:Antarctic","LABEL":"Divergent Boundary"}},{"type":"Feature","id":941,"geometry":{"type":"LineString","coordinates":[[33.1739997860613,-47.263999938646236],[33.35900115967581,-46.80599975588399],[33.54000091531003,-46.346000671593686]]},"properties":{"OBJECTID":941,"NAME":"African:Antarctic","LABEL":"Transform Boundary"}},{"type":"Feature","id":942,"geometry":{"type":"LineString","coordinates":[[32.12120819090535,-47.00369262661337],[32.12599945051426,-47.000000000399666],[33.1739997860613,-47.263999938646236]]},"properties":{"OBJECTID":942,"NAME":"African:Antarctic","LABEL":"Divergent Boundary"}},{"type":"Feature","id":943,"geometry":{"type":"LineString","coordinates":[[-13.324999809593464,-47.57799911506709],[-12.609999657058495,-47.471000671144],[-11.897999763378323,-47.36100006090402],[-11.189000129452381,-47.24499893205501],[-10.482999801999199,-47.125999450913866]]},"properties":{"OBJECTID":943,"NAME":"African:South American","LABEL":"Transform Boundary"}},{"type":"Feature","id":944,"geometry":{"type":"LineString","coordinates":[[-13.81000041998334,-45.79700088518268],[-13.571000099474986,-46.68799972550687],[-13.324999809593464,-47.57799911506709]]},"properties":{"OBJECTID":944,"NAME":"African:South American","LABEL":"Divergent Boundary"}},{"type":"Feature","id":945,"geometry":{"type":"LineString","coordinates":[[99.6240005489862,-47.9780006413165],[100.20200347857775,-47.26599884017429]]},"properties":{"OBJECTID":945,"NAME":"Australian:Antarctic","LABEL":"Transform Boundary"}},{"type":"Feature","id":946,"geometry":{"type":"LineString","coordinates":[[95.84200286873744,-46.52000045785479],[96.45800018346176,-46.77199935888325],[97.08000183081987,-47.02000045775486],[97.70700073199822,-47.264999389410264],[98.33999633776085,-47.50600051890876],[98.97899627705658,-47.743999481191054],[99.6240005489862,-47.9780006413165]]},"properties":{"OBJECTID":946,"NAME":"Australian:Antarctic","LABEL":"Divergent Boundary"}},{"type":"Feature","id":947,"geometry":{"type":"LineString","coordinates":[[126.34584695986939,-48.6034529325068],[126.86100006140373,-48.698001861696525],[127.4798444408683,-48.79233937466239]]},"properties":{"OBJECTID":947,"NAME":"Australian:Antarctic","LABEL":"Divergent Boundary"}},{"type":"Feature","id":948,"geometry":{"type":"LineString","coordinates":[[120.84200286823784,-48.889999389759964],[121.6161438999211,-49.03003282825239]]},"properties":{"OBJECTID":948,"NAME":"Australian:Antarctic","LABEL":"Divergent Boundary"}},{"type":"Feature","id":949,"geometry":{"type":"LineString","coordinates":[[31.864999771122598,-47.20100021338908],[31.587999343994568,-47.68199920669798],[31.30599975558431,-48.16299819910756],[31.007999420337057,-48.58700180069252],[30.704999923807463,-49.01100158735335]]},"properties":{"OBJECTID":949,"NAME":"African:Antarctic","LABEL":"Transform Boundary"}},{"type":"Feature","id":950,"geometry":{"type":"LineString","coordinates":[[106.3136862982841,-49.088362647518125],[106.49825289285678,-48.84753089993103]]},"properties":{"OBJECTID":950,"NAME":"Australian:Antarctic","LABEL":"Transform Boundary"}},{"type":"Feature","id":951,"geometry":{"type":"LineString","coordinates":[[100.20200347857775,-47.26599884017429],[100.81700134253799,-47.46500015253497],[101.4359970095544,-47.66099929767938],[102.05999755844061,-47.853000640667005],[102.68800354023125,-48.04199981733768],[103.3209991450945,-48.2280006408169],[103.95899963362626,-48.40900039645112],[104.60099792521413,-48.58800125145655],[105.24700164790778,-48.76200103771765],[105.89800262442162,-48.93299865766187],[106.33439507067601,-49.09297489257716]]},"properties":{"OBJECTID":951,"NAME":"Australian:Antarctic","LABEL":"Divergent Boundary"}},{"type":"Feature","id":952,"geometry":{"type":"LineString","coordinates":[[106.53508318294257,-48.7994249496017],[107.48600006145375,-49.014999389510194],[108.28500366228923,-49.18199920639819]]},"properties":{"OBJECTID":952,"NAME":"Australian:Antarctic","LABEL":"Divergent Boundary"}},{"type":"Feature","id":953,"geometry":{"type":"LineString","coordinates":[[30.704999923807463,-49.01100158735335],[30.36199951166816,-49.2150001526349]]},"properties":{"OBJECTID":953,"NAME":"African:Antarctic","LABEL":"Divergent Boundary"}},{"type":"Feature","id":954,"geometry":{"type":"LineString","coordinates":[[-9.710000037871396,-49.21599960339893],[-8.921999930951984,-49.090999603648754],[-8.138999938596214,-48.96099853515426]]},"properties":{"OBJECTID":954,"NAME":"African:South American","LABEL":"Transform Boundary"}},{"type":"Feature","id":955,"geometry":{"type":"LineString","coordinates":[[-10.482999801999199,-47.125999450913866],[-10.295999526856633,-47.648998260461326],[-10.104000091331102,-48.17200088493286],[-9.909000396950717,-48.69400024371623],[-9.710000037871396,-49.21599960339893]]},"properties":{"OBJECTID":955,"NAME":"African:South American","LABEL":"Divergent Boundary"}},{"type":"Feature","id":956,"geometry":{"type":"LineString","coordinates":[[108.28500366228923,-49.18199920639819],[108.23999786391033,-49.25899887040151]]},"properties":{"OBJECTID":956,"NAME":"Australian:Antarctic","LABEL":"Transform Boundary"}},{"type":"Feature","id":957,"geometry":{"type":"LineString","coordinates":[[-8.022000313163858,-49.283000945737],[-7.960999966075519,-49.27000045775486]]},"properties":{"OBJECTID":957,"NAME":"African:South American","LABEL":"Transform Boundary"}},{"type":"Feature","id":958,"geometry":{"type":"LineString","coordinates":[[-8.138999938596214,-48.96099853515426],[-8.022000313163858,-49.283000945737]]},"properties":{"OBJECTID":958,"NAME":"African:South American","LABEL":"Divergent Boundary"}},{"type":"Feature","id":959,"geometry":{"type":"LineString","coordinates":[[123.32800292989134,-49.584999084040476],[123.7710037231434,-49.122001648357354]]},"properties":{"OBJECTID":959,"NAME":"Australian:Antarctic","LABEL":"Transform Boundary"}},{"type":"Feature","id":960,"geometry":{"type":"LineString","coordinates":[[121.63398733334884,-49.05081440975715],[121.43699645991876,-49.61999893180524]]},"properties":{"OBJECTID":960,"NAME":"Australian:Antarctic","LABEL":"Transform Boundary"}},{"type":"Feature","id":961,"geometry":{"type":"LineString","coordinates":[[125.89600372339316,-49.71699905406308],[126.07399749778631,-49.40100097611412],[126.27191785202729,-48.96119153506123],[126.36175923410144,-48.6416138531967]]},"properties":{"OBJECTID":961,"NAME":"Australian:Antarctic","LABEL":"Transform Boundary"}},{"type":"Feature","id":962,"geometry":{"type":"LineString","coordinates":[[123.7710037231434,-49.122001648357354],[124.00700378389752,-48.90599823003424],[124.21299743668237,-48.84799957262214],[124.60700225834762,-48.98400115972572],[124.99199676523858,-49.15299987814183],[125.12500000005002,-49.358001709111534],[125.26200103791768,-49.597999572921935],[125.89600372339316,-49.71699905406308]]},"properties":{"OBJECTID":962,"NAME":"Australian:Antarctic","LABEL":"Divergent Boundary"}},{"type":"Feature","id":963,"geometry":{"type":"LineString","coordinates":[[121.43699645991876,-49.61999893180524],[121.86599731442459,-49.73600006065425],[122.22399902353618,-49.84600067179355],[122.55300140349209,-49.81200027479281],[122.79699707035854,-49.72900009128114],[123.01300048868166,-49.54199981703789],[123.32800292989134,-49.584999084040476]]},"properties":{"OBJECTID":963,"NAME":"Australian:Antarctic","LABEL":"Divergent Boundary"}},{"type":"Feature","id":964,"geometry":{"type":"LineString","coordinates":[[-113.8749999998501,-49.84899902318631],[-113.74500274627968,-49.35699844342338],[-113.52799987809186,-48.84099960324903],[-113.31500244100982,-48.324001312310656],[-113.13099670413453,-47.77299880944747],[-112.94999694850031,-47.22200012240768],[-112.6849975585904,-46.53900146444596],[-112.42600250221369,-45.854000091830756]]},"properties":{"OBJECTID":964,"NAME":"Pacific:Antarctic","LABEL":"Divergent Boundary"}},{"type":"Feature","id":965,"geometry":{"type":"LineString","coordinates":[[-116.38800048823191,-49.368000030776784],[-115.23300170876183,-49.58900070202071],[-114.55599975628371,-49.721000671144],[-113.8749999998501,-49.84899902318631]]},"properties":{"OBJECTID":965,"NAME":"Pacific:Antarctic","LABEL":"Transform Boundary"}},{"type":"Feature","id":966,"geometry":{"type":"LineString","coordinates":[[115.98799896218247,-49.852001190402575],[116.25599670438442,-49.54000091550978]]},"properties":{"OBJECTID":966,"NAME":"Australian:Antarctic","LABEL":"Transform Boundary"}},{"type":"Feature","id":967,"geometry":{"type":"LineString","coordinates":[[114.36199951196795,-49.87799835234205],[115.50000000039972,-49.97399902383586],[115.98799896218247,-49.852001190402575]]},"properties":{"OBJECTID":967,"NAME":"Australian:Antarctic","LABEL":"Divergent Boundary"}},{"type":"Feature","id":968,"geometry":{"type":"LineString","coordinates":[[127.47737148600538,-48.81035911028465],[127.35645024538258,-49.21951772156558],[127.19599914594392,-49.6430015563767],[127.14299774145263,-49.97600173938872]]},"properties":{"OBJECTID":968,"NAME":"Australian:Antarctic","LABEL":"Transform Boundary"}},{"type":"Feature","id":969,"geometry":{"type":"LineString","coordinates":[[120.27300262447159,-50.03599929832893],[120.51599884057407,-49.52399826031143],[120.84200286823784,-48.889999389759964]]},"properties":{"OBJECTID":969,"NAME":"Australian:Antarctic","LABEL":"Transform Boundary"}},{"type":"Feature","id":970,"geometry":{"type":"LineString","coordinates":[[116.25599670438442,-49.54000091550978],[116.63500213653947,-49.270999908518945],[117.52300262457152,-49.61999893180524],[118.19400024441586,-49.865001678384715],[118.54699707075827,-49.80199813820349],[119.36599731402487,-49.93799972530701],[120.27300262447159,-50.03599929832893]]},"properties":{"OBJECTID":970,"NAME":"Australian:Antarctic","LABEL":"Divergent Boundary"}},{"type":"Feature","id":971,"geometry":{"type":"LineString","coordinates":[[-7.638000011291467,-50.058998107976265],[-7.433000087783796,-50.000999450564166]]},"properties":{"OBJECTID":971,"NAME":"African:South American","LABEL":"Transform Boundary"}},{"type":"Feature","id":972,"geometry":{"type":"LineString","coordinates":[[-7.960999966075519,-49.27000045775486],[-7.638000011291467,-50.058998107976265]]},"properties":{"OBJECTID":972,"NAME":"African:South American","LABEL":"Divergent Boundary"}},{"type":"Feature","id":973,"geometry":{"type":"LineString","coordinates":[[166.96963835802387,-45.231870820781694],[166.6487735502592,-45.3833778036427],[166.39075740862756,-45.5944003483973],[166.20500183116962,-45.73600006145364],[166.01899719276628,-45.88700103716809],[165.91999816898033,-45.95800018346165],[165.7330017087619,-46.06499862648536],[165.4270019533775,-46.18999862713491],[165.16799926715248,-46.40499877887049],[165.02099609359493,-46.60100173983835],[164.94299316390345,-46.783000946236655],[164.92300415042132,-47.011001586853695],[164.8379974364326,-47.14799880979717],[164.73899841264665,-47.2560005185091],[164.69900512688514,-47.44400024441569],[164.65100097621416,-47.520999908419014],[164.527999877992,-47.65800094628662],[164.479995727321,-47.758998870701305],[164.48300170856203,-47.91999816898027],[164.3979949954727,-48.05899810747661],[164.38900756844464,-48.2019996639533],[164.3090057372251,-48.27399826011157],[164.28700256341767,-48.429000854705635],[164.21499633831047,-48.59199905361339],[164.1300048831189,-48.74200057946314],[163.96400451699492,-48.91699981648827],[163.86799621565285,-49.11600112884895],[163.74000549345885,-49.32199859655793],[163.5449981692302,-49.57300186174649],[163.44799804697232,-49.761001586753764],[163.41200256336765,-49.847000121658255],[163.29600524944283,-49.98500061028989],[163.2350006107896,-50.07899856533146]]},"properties":{"OBJECTID":973,"NAME":"Pacific:Australian","LABEL":"Convergent Boundary"}},{"type":"Feature","id":974,"geometry":{"type":"LineString","coordinates":[[163.2350006107896,-50.07899856533146],[163.04699706995893,-50.27299880984714]]},"properties":{"OBJECTID":974,"NAME":"Pacific:Australian","LABEL":"Transform Boundary"}},{"type":"Feature","id":975,"geometry":{"type":"LineString","coordinates":[[163.04699706995893,-50.27299880984714],[162.96299743658255,-50.36899948134095]]},"properties":{"OBJECTID":975,"NAME":"Pacific:Australian","LABEL":"Other"}},{"type":"Feature","id":976,"geometry":{"type":"LineString","coordinates":[[131.51499938941038,-50.22200012180815],[132.26100158665395,-50.22299957257218],[133.4649963377109,-50.30599975608385],[134.24499511703107,-50.347000122457644],[135.0260009769636,-50.383998870851144],[135.24600219744354,-50.20899963382601],[136.2259979249643,-50.24800109867175],[136.94599914534433,-50.22000122028004],[137.69999694780097,-50.234001159925526],[138.40100097651396,-50.23099899270932],[139.1100006104399,-50.25600051880883],[139.64500427212954,-50.27899932845622]]},"properties":{"OBJECTID":976,"NAME":"Australian:Antarctic","LABEL":"Divergent Boundary"}},{"type":"Feature","id":977,"geometry":{"type":"LineString","coordinates":[[114.02400207513574,-50.38800048793212],[114.36199951196795,-49.87799835234205]]},"properties":{"OBJECTID":977,"NAME":"Australian:Antarctic","LABEL":"Transform Boundary"}},{"type":"Feature","id":978,"geometry":{"type":"LineString","coordinates":[[108.23999786391033,-49.25899887040151],[109.35099792471453,-49.5229988095474],[110.472000122108,-49.778999328556154],[110.86799621545305,-49.828998565831114],[111.1289978023068,-49.799999236675376],[111.36299896243224,-49.930000305169926],[111.66600036642382,-50.08399963407584],[112.96700286868747,-50.200000762924844],[114.02400207513574,-50.38800048793212]]},"properties":{"OBJECTID":978,"NAME":"Australian:Antarctic","LABEL":"Divergent Boundary"}},{"type":"Feature","id":979,"geometry":{"type":"LineString","coordinates":[[131.25599670408474,-50.6040000913311],[131.51499938941038,-50.22200012180815]]},"properties":{"OBJECTID":979,"NAME":"Australian:Antarctic","LABEL":"Transform Boundary"}},{"type":"Feature","id":980,"geometry":{"type":"LineString","coordinates":[[127.14299774145263,-49.97600173938872],[128.311996459669,-50.159000396550994],[129.4120025638673,-50.34799957232235],[130.56900024396612,-50.52500152579972],[131.25599670408474,-50.6040000913311]]},"properties":{"OBJECTID":980,"NAME":"Australian:Antarctic","LABEL":"Divergent Boundary"}},{"type":"Feature","id":981,"geometry":{"type":"LineString","coordinates":[[-7.15899991951062,-50.61000060994013],[-6.159999847115216,-50.416999817087856],[-5.169000149037629,-50.215999603199066]]},"properties":{"OBJECTID":981,"NAME":"African:South American","LABEL":"Transform Boundary"}},{"type":"Feature","id":982,"geometry":{"type":"LineString","coordinates":[[-7.433000087783796,-50.000999450564166],[-7.15899991951062,-50.61000060994013]]},"properties":{"OBJECTID":982,"NAME":"African:South American","LABEL":"Divergent Boundary"}},{"type":"Feature","id":983,"geometry":{"type":"LineString","coordinates":[[139.81300353978156,-51.838001251256685],[140.32299804732213,-51.79800033564692]]},"properties":{"OBJECTID":983,"NAME":"Australian:Antarctic","LABEL":"Divergent Boundary"}},{"type":"Feature","id":984,"geometry":{"type":"LineString","coordinates":[[139.64500427212954,-50.27899932845622],[139.73300170856203,-51.1739997867607],[139.81300353978156,-51.838001251256685]]},"properties":{"OBJECTID":984,"NAME":"Australian:Antarctic","LABEL":"Transform Boundary"}},{"type":"Feature","id":985,"geometry":{"type":"LineString","coordinates":[[-4.237999916462911,-52.04899978681067],[-3.9560000897322993,-51.97900009128114]]},"properties":{"OBJECTID":985,"NAME":"African:South American","LABEL":"Transform Boundary"}},{"type":"Feature","id":986,"geometry":{"type":"LineString","coordinates":[[-5.169000149037629,-50.215999603199066],[-4.942999839870652,-50.67499923672534],[-4.71299982108485,-51.13299942038691],[-4.478000164376056,-51.5909996031491],[-4.237999916462911,-52.04899978681067]]},"properties":{"OBJECTID":986,"NAME":"African:South American","LABEL":"Divergent Boundary"}},{"type":"Feature","id":987,"geometry":{"type":"LineString","coordinates":[[-76.0059967036849,-45.659000396550994],[-75.95800018286212,-46.422000884832926],[-75.99700164770786,-47.08000183071988],[-76.3209991457939,-47.47800064051711],[-76.65000152574976,-47.87500000044963],[-76.92500305134968,-48.506999969472986],[-77.02400207513563,-49.19200134298757],[-76.98999786411008,-49.84500122102946],[-76.75700378459692,-50.729000091980595],[-76.62599945041427,-51.37699890127823],[-76.48300170886176,-52.068000793401836]]},"properties":{"OBJECTID":987,"NAME":"Antarctica:South American","LABEL":"Convergent Boundary"}},{"type":"Feature","id":988,"geometry":{"type":"LineString","coordinates":[[15.112000465748963,-52.306999206448154],[15.42800045026064,-52.083999633676115],[15.821999549539612,-51.78699874919289]]},"properties":{"OBJECTID":988,"NAME":"African:Antarctic","LABEL":"Transform Boundary"}},{"type":"Feature","id":989,"geometry":{"type":"LineString","coordinates":[[14.463000297325891,-51.9970016480076],[15.112000465748963,-52.306999206448154]]},"properties":{"OBJECTID":989,"NAME":"African:Antarctic","LABEL":"Divergent Boundary"}},{"type":"Feature","id":990,"geometry":{"type":"LineString","coordinates":[[13.788000107119274,-52.47700119055247],[14.463000297325891,-51.9970016480076]]},"properties":{"OBJECTID":990,"NAME":"African:Antarctic","LABEL":"Transform Boundary"}},{"type":"Feature","id":991,"geometry":{"type":"LineString","coordinates":[[12.89500045780494,-51.963001251006915],[13.204000472943505,-52.14099884032419],[13.788000107119274,-52.47700119055247]]},"properties":{"OBJECTID":991,"NAME":"African:Antarctic","LABEL":"Divergent Boundary"}},{"type":"Feature","id":992,"geometry":{"type":"LineString","coordinates":[[18.53700065585565,-52.73400115942593],[18.711999892880783,-52.55300140379171]]},"properties":{"OBJECTID":992,"NAME":"African:Antarctic","LABEL":"Transform Boundary"}},{"type":"Feature","id":993,"geometry":{"type":"LineString","coordinates":[[15.821999549539612,-51.78699874919289],[16.90699958766089,-52.16899871781652],[17.80599975558431,-52.46699905396315],[18.53700065585565,-52.73400115942593]]},"properties":{"OBJECTID":993,"NAME":"African:Antarctic","LABEL":"Divergent Boundary"}},{"type":"Feature","id":994,"geometry":{"type":"LineString","coordinates":[[-118.9769973758282,-52.89699935923301],[-118.87499999975017,-52.75199890122826],[-118.4219970699088,-52.212001800642554],[-118.12000274652951,-51.77199935878332],[-117.82399749788618,-51.33100128198356],[-117.52200317360752,-50.87499999985005],[-117.22499847420016,-50.41799926785188],[-116.80200195322755,-49.89300155677637],[-116.38800048823191,-49.368000030776784]]},"properties":{"OBJECTID":994,"NAME":"Pacific:Antarctic","LABEL":"Divergent Boundary"}},{"type":"Feature","id":995,"geometry":{"type":"LineString","coordinates":[[30.36199951166816,-49.2150001526349],[30.006000519008808,-49.61100006090402],[29.711999893380437,-49.93299865746201],[29.34300041183957,-50.50699996907326],[28.968999862453757,-51.13700103746788],[28.604999542195173,-51.77199935878332],[28.402999877542356,-52.277000427427765],[28.312000274792922,-52.54000091580957],[28.111000060904132,-52.90399932860606]]},"properties":{"OBJECTID":995,"NAME":"African:Antarctic","LABEL":"Transform Boundary"}},{"type":"Feature","id":996,"geometry":{"type":"LineString","coordinates":[[28.111000060904132,-52.90399932860606],[27.479000091880778,-52.77099990871875],[27.3700008389676,-52.673000335696884],[27.322000503220693,-52.54700088518268],[26.712999343844672,-52.37799835184245]]},"properties":{"OBJECTID":996,"NAME":"African:Antarctic","LABEL":"Divergent Boundary"}},{"type":"Feature","id":997,"geometry":{"type":"LineString","coordinates":[[18.711999892880783,-52.55300140379171],[19.993999481091237,-52.8170013429376],[21.249999999900126,-52.90900039645112],[22.50399970971887,-53.05099868813892],[23.07500076337459,-53.09799957312174]]},"properties":{"OBJECTID":997,"NAME":"African:Antarctic","LABEL":"Divergent Boundary"}},{"type":"Feature","id":998,"geometry":{"type":"LineString","coordinates":[[-117.66100311300323,-53.12400054908602],[-118.9769973758282,-52.89699935923301]]},"properties":{"OBJECTID":998,"NAME":"Pacific:Antarctic","LABEL":"Transform Boundary"}},{"type":"Feature","id":999,"geometry":{"type":"LineString","coordinates":[[23.07500076337459,-53.09799957312174],[23.020999908119336,-53.20000076322458]]},"properties":{"OBJECTID":999,"NAME":"African:Antarctic","LABEL":"Transform Boundary"}},{"type":"Feature","id":1000,"geometry":{"type":"LineString","coordinates":[[10.975000381062785,-53.332000732347865],[11.708000182862179,-52.78300094593686],[12.29899978641106,-52.37500000044963],[12.89500045780494,-51.963001251006915]]},"properties":{"OBJECTID":1000,"NAME":"African:Antarctic","LABEL":"Transform Boundary"}},{"type":"Feature","id":1001,"geometry":{"type":"LineString","coordinates":[[9.993000030527014,-52.79199981683803],[10.541999816938073,-53.064998626885085],[10.975000381062785,-53.332000732347865]]},"properties":{"OBJECTID":1001,"NAME":"African:Antarctic","LABEL":"Divergent Boundary"}},{"type":"Feature","id":1002,"geometry":{"type":"LineString","coordinates":[[26.712999343844672,-52.37799835184245],[26.51300048818206,-52.61999893210498],[26.337999343694833,-53.064998626885085],[26.180999755934067,-53.429000854605704],[25.98699951141839,-53.58200073274759]]},"properties":{"OBJECTID":1002,"NAME":"African:Antarctic","LABEL":"Transform Boundary"}},{"type":"Feature","id":1003,"geometry":{"type":"LineString","coordinates":[[25.98699951141839,-53.58200073274759],[25.861000060904132,-53.47999954264475],[25.64699935903326,-53.409999847115216],[25.180000305369845,-53.444000244115955],[24.872999190860014,-53.345001220330005],[24.68499946585274,-53.42200088523265],[23.885999679941335,-53.308998107776404],[23.020999908119336,-53.20000076322458]]},"properties":{"OBJECTID":1003,"NAME":"African:Antarctic","LABEL":"Divergent Boundary"}},{"type":"Feature","id":1004,"geometry":{"type":"LineString","coordinates":[[162.96299743658255,-50.36899948134095],[162.7850036621893,-50.443000793052136],[162.59399414101688,-50.54899978621114],[162.45300292994136,-50.667999267352286],[162.27299499522292,-50.81700134243795],[162.04899597168685,-50.96200180044269],[161.82499694815067,-51.11800003087666],[161.7160034176237,-51.192001342587844],[161.54200744628668,-51.398998260161534],[161.3679962161525,-51.54199981663817],[161.16200256336765,-51.7509994506641],[161.02600097626407,-51.923999786161176],[160.76199340816936,-52.1660003664237],[160.67100524929288,-52.29199981693796],[160.5350036621893,-52.43299865696241],[160.34199523948882,-52.633998870851144],[160.0919952390891,-52.821998595858474],[159.90499877887066,-52.99100112919871],[159.73100280753363,-53.16999816928006],[159.5119934079695,-53.345001220330005],[159.31799316435308,-53.59799957302181]]},"properties":{"OBJECTID":1004,"NAME":"Pacific:Australian","LABEL":"Transform Boundary"}},{"type":"Feature","id":1005,"geometry":{"type":"LineString","coordinates":[[159.31799316435308,-53.59799957302181],[159.21600341812336,-53.61899948114109]]},"properties":{"OBJECTID":1005,"NAME":"Pacific:Australian","LABEL":"Transform Boundary"}},{"type":"Feature","id":1006,"geometry":{"type":"LineString","coordinates":[[-49.16299819980702,-52.66400146479572],[-50.671001434568495,-52.70999908409044],[-52.17599868808895,-52.87300109882159],[-53.38199996962288,-53.208999634125746],[-54.74100112929864,-53.40599823003424],[-55.597000121858116,-53.52999877902039],[-56.45700073239783,-53.648998260161534]]},"properties":{"OBJECTID":1006,"NAME":"South America:Scotia","LABEL":"Transform Boundary"}},{"type":"Feature","id":1007,"geometry":{"type":"LineString","coordinates":[[159.21600341812336,-53.61899948114109],[159.14199829058873,-53.81200027489274]]},"properties":{"OBJECTID":1007,"NAME":"Pacific:Australian","LABEL":"Transform Boundary"}},{"type":"Feature","id":1008,"geometry":{"type":"LineString","coordinates":[[140.32299804732213,-51.79800033564692],[140.39999389640127,-52.2739982602115],[140.47799682609275,-52.74999999970021],[140.58399963417583,-53.50400161708092],[140.6589965817269,-53.88499832181503]]},"properties":{"OBJECTID":1008,"NAME":"Australian:Antarctic","LABEL":"Transform Boundary"}},{"type":"Feature","id":1009,"geometry":{"type":"LineString","coordinates":[[-136.58999633756088,-53.90700149562247],[-136.17999267562146,-53.39599990836905]]},"properties":{"OBJECTID":1009,"NAME":"Pacific:Antarctic","LABEL":"Divergent Boundary"}},{"type":"Feature","id":1010,"geometry":{"type":"LineString","coordinates":[[-137.88999938995983,-53.5680007931021],[-137.52200317410717,-53.68799972500727],[-136.58999633756088,-53.90700149562247]]},"properties":{"OBJECTID":1010,"NAME":"Pacific:Antarctic","LABEL":"Transform Boundary"}},{"type":"Feature","id":1011,"geometry":{"type":"LineString","coordinates":[[-56.45700073239783,-53.648998260161534],[-57.74999999960028,-53.6259994505142],[-59.24599838221951,-53.59799957302181],[-60.532001494972974,-53.673999786261106],[-61.93299865686248,-53.81000137336463],[-62.820999145793905,-53.91699981728772],[-63.713001250906984,-54.01800155662647]]},"properties":{"OBJECTID":1011,"NAME":"South America:Scotia","LABEL":"Transform Boundary"}},{"type":"Feature","id":1012,"geometry":{"type":"LineString","coordinates":[[-63.713001250906984,-54.01800155662647],[-64.78800201408166,-54.17300033539709],[-65.87100219739347,-54.318000793401836]]},"properties":{"OBJECTID":1012,"NAME":"South America:Scotia","LABEL":"Transform Boundary"}},{"type":"Feature","id":1013,"geometry":{"type":"LineString","coordinates":[[-2.371999979115685,-54.326999664303],[-1.381999969223159,-54.05300140349192]]},"properties":{"OBJECTID":1013,"NAME":"African:South American","LABEL":"Transform Boundary"}},{"type":"Feature","id":1014,"geometry":{"type":"LineString","coordinates":[[-3.9560000897322993,-51.97900009128114],[-3.4470000264300324,-52.763999939345695],[-2.9200000764423066,-53.54700088498282],[-2.371999979115685,-54.326999664303]]},"properties":{"OBJECTID":1014,"NAME":"African:South American","LABEL":"Divergent Boundary"}},{"type":"Feature","id":1015,"geometry":{"type":"LineString","coordinates":[[7.7719998363234595,-54.39599990816919],[8.288000106419815,-54.033000946136724],[8.798999786211198,-53.66799926765202],[9.42899990042514,-53.23300170856197],[9.993000030527014,-52.79199981683803]]},"properties":{"OBJECTID":1015,"NAME":"African:Antarctic","LABEL":"Transform Boundary"}},{"type":"Feature","id":1016,"geometry":{"type":"LineString","coordinates":[[6.625000000349758,-53.81399917642079],[7.236999988658624,-54.101001739238825],[7.7719998363234595,-54.39599990816919]]},"properties":{"OBJECTID":1016,"NAME":"African:Antarctic","LABEL":"Divergent Boundary"}},{"type":"Feature","id":1017,"geometry":{"type":"LineString","coordinates":[[-65.87100219739347,-54.318000793401836],[-67.40399932840626,-54.394001006641076],[-68.98899841314619,-54.430000305169926],[-69.8669967654883,-54.23099899280925],[-70.51300048818194,-54.09899902368596],[-71.29100036597407,-53.923000335896745],[-72.08200073264766,-53.71799850492704],[-73.01000213628953,-53.3129997257567],[-74.03500366218924,-52.910999297979174],[-74.99600219714364,-52.55599975608385],[-75.74299621620236,-52.31499862658529],[-76.48300170886176,-52.068000793401836]]},"properties":{"OBJECTID":1017,"NAME":"Scotia:South American","LABEL":"Transform Boundary"}},{"type":"Feature","id":1018,"geometry":{"type":"LineString","coordinates":[[4.414999961778847,-54.430000305169926],[4.827000141143628,-54.16199874894306]]},"properties":{"OBJECTID":1018,"NAME":"African:Antarctic","LABEL":"Transform Boundary"}},{"type":"Feature","id":1019,"geometry":{"type":"LineString","coordinates":[[3.0250000956779104,-53.651000976613716],[3.368999957681922,-53.833999633776045],[3.9560000899322745,-54.1269989011783],[4.414999961778847,-54.430000305169926]]},"properties":{"OBJECTID":1019,"NAME":"African:Antarctic","LABEL":"Divergent Boundary"}},{"type":"Feature","id":1020,"geometry":{"type":"LineString","coordinates":[[5.494999885336483,-54.54299926770199],[6.184000015188587,-54.11399841319616],[6.625000000349758,-53.81399917642079]]},"properties":{"OBJECTID":1020,"NAME":"African:Antarctic","LABEL":"Transform Boundary"}},{"type":"Feature","id":1021,"geometry":{"type":"LineString","coordinates":[[4.827000141143628,-54.16199874894306],[5.084000110916406,-54.30899810757654],[5.494999885336483,-54.54299926770199]]},"properties":{"OBJECTID":1021,"NAME":"African:Antarctic","LABEL":"Divergent Boundary"}},{"type":"Feature","id":1022,"geometry":{"type":"LineString","coordinates":[[159.14199829058873,-53.81200027489274],[158.8920804342647,-54.20328445941021],[158.61258212486518,-54.52643392288718]]},"properties":{"OBJECTID":1022,"NAME":"Pacific:Australian","LABEL":"Transform Boundary"}},{"type":"Feature","id":1023,"geometry":{"type":"LineString","coordinates":[[140.6589965817269,-53.88499832181503],[141.45100402811352,-54.05300140349192],[142.2500000000001,-54.21500015253497],[143.77799987809192,-54.23400116002546],[144.2819976810482,-54.79899978671074],[145.40100097691356,-54.75600051880883],[146.8809967043345,-54.694999695079844]]},"properties":{"OBJECTID":1023,"NAME":"Australian:Antarctic","LABEL":"Divergent Boundary"}},{"type":"Feature","id":1024,"geometry":{"type":"LineString","coordinates":[[-118.58100128158384,-54.81900024406599],[-118.3130035402811,-54.34999847395039],[-118.03700256391716,-53.69100189222348],[-117.66100311300323,-53.12400054908602]]},"properties":{"OBJECTID":1024,"NAME":"Pacific:Antarctic","LABEL":"Divergent Boundary"}},{"type":"Feature","id":1025,"geometry":{"type":"LineString","coordinates":[[-120.66300201393176,-54.409999847814674],[-119.68499755899012,-54.64199829058862],[-118.58100128158384,-54.81900024406599]]},"properties":{"OBJECTID":1025,"NAME":"Pacific:Antarctic","LABEL":"Transform Boundary"}},{"type":"Feature","id":1026,"geometry":{"type":"LineString","coordinates":[[0.9649999740695989,-54.83200073204813],[1.6950000521107427,-54.398998260461326],[2.3599998953789054,-54.03699874919289],[3.0250000956779104,-53.651000976613716]]},"properties":{"OBJECTID":1026,"NAME":"African:Antarctic","LABEL":"Transform Boundary"}},{"type":"Feature","id":1027,"geometry":{"type":"LineString","coordinates":[[0.44299998845872324,-54.45100021328915],[0.9649999740695989,-54.83200073204813]]},"properties":{"OBJECTID":1027,"NAME":"African:Antarctic","LABEL":"Divergent Boundary"}},{"type":"Feature","id":1028,"geometry":{"type":"LineString","coordinates":[[-0.43799999330502715,-54.852001190302644],[-0.03900000064948017,-54.67699813835338],[0.44299998845872324,-54.45100021328915]]},"properties":{"OBJECTID":1028,"NAME":"African:Antarctic","LABEL":"Transform Boundary"}},{"type":"Feature","id":1029,"geometry":{"type":"LineString","coordinates":[[-1.381999969223159,-54.05300140349192],[-0.9150000216336593,-54.45299911481726],[-0.43799999330502715,-54.852001190302644]]},"properties":{"OBJECTID":1029,"NAME":"African:South American","LABEL":"Divergent Boundary"}},{"type":"Feature","id":1030,"geometry":{"type":"LineString","coordinates":[[-38.71500015293469,-54.85300064106667],[-39.71099853475454,-54.63299942058677],[-40.65999984741501,-54.396999358933215],[-41.59700012195805,-54.153999328805924],[-42.40999984751488,-53.88000106799484],[-43.21300125140658,-53.59999847454992],[-44.208999634125746,-53.27000045785479],[-45.19100189212361,-52.930999756233746],[-46.41400146469579,-52.83000183091974],[-47.66299819920749,-52.691001892423344],[-49.16299819980702,-52.66400146479572]]},"properties":{"OBJECTID":1030,"NAME":"South America:Scotia","LABEL":"Other"}},{"type":"Feature","id":1031,"geometry":{"type":"LineString","coordinates":[[-0.43799999330502715,-54.852001190302644],[-1.0390000346238253,-55.019001007190695]]},"properties":{"OBJECTID":1031,"NAME":"South American:Antarctic","LABEL":"Divergent Boundary"}},{"type":"Feature","id":1032,"geometry":{"type":"LineString","coordinates":[[-28.646999359133076,-55.00500106844453],[-29.489000320408422,-55.03300094593686]]},"properties":{"OBJECTID":1032,"NAME":"South America:Scotia","LABEL":"Transform Boundary"}},{"type":"Feature","id":1033,"geometry":{"type":"LineString","coordinates":[[-29.489000320408422,-55.03300094593686],[-30.906000137496278,-54.82199859635807],[-32.36700057981284,-54.584999084839865],[-33.73400115962579,-54.459999084190315]]},"properties":{"OBJECTID":1033,"NAME":"South America:Scotia","LABEL":"Other"}},{"type":"Feature","id":1034,"geometry":{"type":"LineString","coordinates":[[-37.81000137296496,-55.08599853550396],[-38.71500015293469,-54.85300064106667]]},"properties":{"OBJECTID":1034,"NAME":"South America:Scotia","LABEL":"Other"}},{"type":"Feature","id":1035,"geometry":{"type":"LineString","coordinates":[[-1.0390000346238253,-55.019001007190695],[-1.60599994693996,-55.129001617430674]]},"properties":{"OBJECTID":1035,"NAME":"South American:Antarctic","LABEL":"Transform Boundary"}},{"type":"Feature","id":1036,"geometry":{"type":"LineString","coordinates":[[-33.73400115962579,-54.459999084190315],[-33.35499954239492,-54.86000061043978],[-33.05799865701238,-55.45800018336172]]},"properties":{"OBJECTID":1036,"NAME":"South America:Scotia","LABEL":"Divergent Boundary"}},{"type":"Feature","id":1037,"geometry":{"type":"LineString","coordinates":[[158.55860981858837,-54.5558555880649],[158.41923399765096,-54.86926688665744],[158.2792009836386,-55.18425183875132],[158.08156063421598,-55.50527060595368]]},"properties":{"OBJECTID":1037,"NAME":"Pacific:Australian","LABEL":"Transform Boundary"}},{"type":"Feature","id":1038,"geometry":{"type":"LineString","coordinates":[[-127.23100280753351,-55.56499862638543],[-126.80000305149957,-55.063999175721335]]},"properties":{"OBJECTID":1038,"NAME":"Pacific:Antarctic","LABEL":"Divergent Boundary"}},{"type":"Feature","id":1039,"geometry":{"type":"LineString","coordinates":[[-136.17999267562146,-53.39599990836905],[-135.30700683589674,-53.643001556476634],[-134.20500183106964,-53.88700103736795],[-132.8699951168811,-54.236999511418276],[-132.12600707996273,-54.43199920669798],[-131.37499999994998,-54.62300109892152],[-130.05900573712506,-54.93099975583402],[-129.34500122042994,-55.129001617430674],[-128.62399292033695,-55.32099914549411],[-127.23100280753351,-55.56499862638543]]},"properties":{"OBJECTID":1039,"NAME":"Pacific:Antarctic","LABEL":"Transform Boundary"}},{"type":"Feature","id":1040,"geometry":{"type":"LineString","coordinates":[[-33.05799865701238,-55.45800018336172],[-33.691001891723886,-55.6049995419952]]},"properties":{"OBJECTID":1040,"NAME":"South America:Scotia","LABEL":"Transform Boundary"}},{"type":"Feature","id":1041,"geometry":{"type":"LineString","coordinates":[[-139.5780029295915,-55.615001678584576],[-139.25300598164068,-55.2509994508639],[-138.7989959720864,-54.7120018001429],[-138.33799743613275,-54.140998839924464],[-137.88999938995983,-53.5680007931021]]},"properties":{"OBJECTID":1041,"NAME":"Pacific:Antarctic","LABEL":"Divergent Boundary"}},{"type":"Feature","id":1042,"geometry":{"type":"LineString","coordinates":[[-36.10800170861194,-55.641998291288076],[-36.846000671693616,-55.21500015233511],[-37.81000137296496,-55.08599853550396]]},"properties":{"OBJECTID":1042,"NAME":"South America:Scotia","LABEL":"Other"}},{"type":"Feature","id":1043,"geometry":{"type":"LineString","coordinates":[[-1.60599994693996,-55.129001617430674],[-1.613999962428295,-55.652999877742104]]},"properties":{"OBJECTID":1043,"NAME":"South American:Antarctic","LABEL":"Divergent Boundary"}},{"type":"Feature","id":1044,"geometry":{"type":"LineString","coordinates":[[-139.19099426237528,-55.72499847390043],[-139.5780029295915,-55.615001678584576]]},"properties":{"OBJECTID":1044,"NAME":"Pacific:Antarctic","LABEL":"Transform Boundary"}},{"type":"Feature","id":1045,"geometry":{"type":"LineString","coordinates":[[-33.691001891723886,-55.6049995419952],[-34.590999602949296,-55.72900009188072]]},"properties":{"OBJECTID":1045,"NAME":"South America:Scotia","LABEL":"Other"}},{"type":"Feature","id":1046,"geometry":{"type":"LineString","coordinates":[[-34.590999602949296,-55.72900009188072],[-36.10800170861194,-55.641998291288076]]},"properties":{"OBJECTID":1046,"NAME":"South America:Scotia","LABEL":"Other"}},{"type":"Feature","id":1047,"geometry":{"type":"LineString","coordinates":[[-1.613999962428295,-55.652999877742104],[-2.0799999232577875,-55.6570014957224],[-2.8959999085688537,-55.707000732098095],[-3.72000002897812,-55.74000167833475],[-4.056000232524639,-55.76900100749049],[-4.6909999846615165,-55.806999206648015]]},"properties":{"OBJECTID":1047,"NAME":"South American:Antarctic","LABEL":"Transform Boundary"}},{"type":"Feature","id":1048,"geometry":{"type":"LineString","coordinates":[[-121.86199951206777,-56.026000976363946],[-121.63500213623956,-55.83200073274759],[-121.22799682659223,-55.2190017703154],[-120.66300201393176,-54.409999847814674]]},"properties":{"OBJECTID":1048,"NAME":"Pacific:Antarctic","LABEL":"Divergent Boundary"}},{"type":"Feature","id":1049,"geometry":{"type":"LineString","coordinates":[[-126.80000305149957,-55.063999175721335],[-126.19699859580851,-55.13800048833184],[-125.07700347902733,-55.453998565381426],[-124.26200103791751,-55.587001800192866],[-123.44200134298757,-55.71500015223518],[-122.65499877937015,-55.87300109822206],[-121.86199951206777,-56.026000976363946]]},"properties":{"OBJECTID":1049,"NAME":"Pacific:Antarctic","LABEL":"Transform Boundary"}},{"type":"Feature","id":1050,"geometry":{"type":"LineString","coordinates":[[-4.6909999846615165,-55.806999206648015],[-4.67500019110588,-56.209999084290246],[-4.6929998394709855,-56.591999053813254]]},"properties":{"OBJECTID":1050,"NAME":"South American:Antarctic","LABEL":"Divergent Boundary"}},{"type":"Feature","id":1051,"geometry":{"type":"LineString","coordinates":[[-4.6929998394709855,-56.591999053813254],[-5.447999954334364,-56.62699890157802],[-6.057000160429027,-56.67200088503279]]},"properties":{"OBJECTID":1051,"NAME":"South American:Antarctic","LABEL":"Transform Boundary"}},{"type":"Feature","id":1052,"geometry":{"type":"LineString","coordinates":[[-140.3249969486502,-57.05300140379171],[-140.04100036617393,-56.77199935868339],[-139.54499816933003,-56.26800155662647],[-139.19099426237528,-55.72499847390043]]},"properties":{"OBJECTID":1052,"NAME":"Pacific:Antarctic","LABEL":"Divergent Boundary"}},{"type":"Feature","id":1053,"geometry":{"type":"LineString","coordinates":[[-144.85699462919874,-55.78400039700068],[-144.48199462904887,-55.90999984751488],[-143.32400512713485,-56.26300048788215],[-142.08599853520423,-56.61899948144088],[-141.21099853515426,-56.83900070192084],[-140.3249969486502,-57.05300140379171]]},"properties":{"OBJECTID":1053,"NAME":"Pacific:Antarctic","LABEL":"Transform Boundary"}},{"type":"Feature","id":1054,"geometry":{"type":"LineString","coordinates":[[-6.057000160429027,-56.67200088503279],[-6.093999863003205,-56.981998443473344],[-6.130000114813413,-57.24000167803496]]},"properties":{"OBJECTID":1054,"NAME":"South American:Antarctic","LABEL":"Divergent Boundary"}},{"type":"Feature","id":1055,"geometry":{"type":"LineString","coordinates":[[-6.130000114813413,-57.24000167803496],[-6.538000107019286,-57.27000045795472],[-6.999000072895001,-57.31800079370163]]},"properties":{"OBJECTID":1055,"NAME":"South American:Antarctic","LABEL":"Transform Boundary"}},{"type":"Feature","id":1056,"geometry":{"type":"LineString","coordinates":[[158.09231742161182,-55.52570637474935],[157.95860658312733,-55.78242898371059],[157.85192870434628,-56.025208336395565],[157.7785335276003,-56.16805556561184],[157.66713528546506,-56.31381581404855],[157.56877540985738,-56.44060195911311],[157.44697879883256,-56.72734205299332],[157.326245629832,-56.994084337122445],[157.2625856565029,-57.231949269842914],[157.23692006560862,-57.47590041217427]]},"properties":{"OBJECTID":1056,"NAME":"Pacific:Australian","LABEL":"Transform Boundary"}},{"type":"Feature","id":1057,"geometry":{"type":"LineString","coordinates":[[147.90199279822912,-57.56600189167392],[148.0760040283633,-57.52700042682818],[148.80599975548444,-57.43600082407875]]},"properties":{"OBJECTID":1057,"NAME":"Australian:Antarctic","LABEL":"Divergent Boundary"}},{"type":"Feature","id":1058,"geometry":{"type":"LineString","coordinates":[[146.8809967043345,-54.694999695079844],[147.04299926740237,-55.17499923672534],[147.20599365228531,-55.65399932850619],[147.37300109902162,-56.13199996952295],[147.5449981688305,-56.610000610539714],[147.72099304169558,-57.08800125155648],[147.90199279822912,-57.56600189167392]]},"properties":{"OBJECTID":1058,"NAME":"Australian:Antarctic","LABEL":"Transform Boundary"}},{"type":"Feature","id":1059,"geometry":{"type":"LineString","coordinates":[[-147.16700744603676,-57.63800048783219],[-146.68099975593395,-57.30799865711231],[-145.9790039063052,-56.66899871781652],[-145.41200256316773,-56.228000641016706],[-144.85699462919874,-55.78400039700068]]},"properties":{"OBJECTID":1059,"NAME":"Pacific:Antarctic","LABEL":"Divergent Boundary"}},{"type":"Feature","id":1060,"geometry":{"type":"LineString","coordinates":[[-147.6920013430875,-57.55500030521989],[-147.16700744603676,-57.63800048783219]]},"properties":{"OBJECTID":1060,"NAME":"Pacific:Antarctic","LABEL":"Transform Boundary"}},{"type":"Feature","id":1061,"geometry":{"type":"LineString","coordinates":[[-6.999000072895001,-57.31800079370163],[-7.013000011641168,-57.617000579712965],[-7.0089998244822596,-57.86899948164074]]},"properties":{"OBJECTID":1061,"NAME":"South American:Antarctic","LABEL":"Divergent Boundary"}},{"type":"Feature","id":1062,"geometry":{"type":"LineString","coordinates":[[-76.48300170886176,-52.068000793401836],[-76.31199645996861,-52.929000854705635],[-76.01999664333039,-53.43500137321479],[-75.72000122057983,-53.941001891723886],[-75.23899841324612,-54.29399871806635],[-74.74900054903605,-54.64500045780483],[-74.12000274632965,-55.004001617680444],[-73.48000335716915,-55.359001159575826],[-72.99500274677928,-55.66500091585954],[-72.27700042702804,-55.96200180034276],[-71.54799652082272,-56.25500106774501],[-70.40100097641391,-56.62200164775777],[-69.2559967036849,-56.85200118990298],[-68.09700012205792,-57.07199859635807],[-67.10199737517866,-57.501998901627985],[-65.86699676538836,-57.73600006085411],[-64.6169967651885,-57.95899963362615]]},"properties":{"OBJECTID":1062,"NAME":"Antarctica:Scotia","LABEL":"Convergent Boundary"}},{"type":"Feature","id":1063,"geometry":{"type":"LineString","coordinates":[[-7.0089998244822596,-57.86899948164074],[-7.525000095477992,-57.91999816878041],[-8.607000351385068,-57.988998412646595],[-9.885000229077264,-58.090999603648754],[-11.189999580216409,-58.15800094598683],[-12.6490001677235,-58.2410011294985],[-13.954000473043322,-58.31700134273774],[-15.069000244365725,-58.38999938966009],[-15.972000121908081,-58.43899917617102]]},"properties":{"OBJECTID":1063,"NAME":"South American:Antarctic","LABEL":"Transform Boundary"}},{"type":"Feature","id":1064,"geometry":{"type":"LineString","coordinates":[[-15.972000121908081,-58.43899917617102],[-16.0049991606827,-58.45899963352622],[-16.22599983192663,-58.76699829133804],[-16.409999847315078,-59.097999572822005]]},"properties":{"OBJECTID":1064,"NAME":"South American:Antarctic","LABEL":"Divergent Boundary"}},{"type":"Feature","id":1065,"geometry":{"type":"LineString","coordinates":[[-16.409999847315078,-59.097999572822005],[-16.916999816588202,-59.097999572822005],[-17.666999816887994,-59.129001617530605],[-18.05999946630226,-59.152999877941966]]},"properties":{"OBJECTID":1065,"NAME":"South American:Antarctic","LABEL":"Transform Boundary"}},{"type":"Feature","id":1066,"geometry":{"type":"LineString","coordinates":[[-18.05999946630226,-59.152999877941966],[-18.122999191559416,-59.508998870601374]]},"properties":{"OBJECTID":1066,"NAME":"South American:Antarctic","LABEL":"Divergent Boundary"}},{"type":"Feature","id":1067,"geometry":{"type":"LineString","coordinates":[[-18.122999191559416,-59.508998870601374],[-18.4330005649241,-59.54199981683803]]},"properties":{"OBJECTID":1067,"NAME":"South American:Antarctic","LABEL":"Transform Boundary"}},{"type":"Feature","id":1068,"geometry":{"type":"LineString","coordinates":[[150.00599670438442,-59.56999969522968],[150.73300170906168,-59.474998474499955]]},"properties":{"OBJECTID":1068,"NAME":"Australian:Antarctic","LABEL":"Divergent Boundary"}},{"type":"Feature","id":1069,"geometry":{"type":"LineString","coordinates":[[148.80599975548444,-57.43600082407875],[149.14999389690092,-58.104000091630894],[149.39799499487322,-58.551998138703084],[149.65199279742967,-58.999000549036055],[150.00599670438442,-59.56999969522968]]},"properties":{"OBJECTID":1069,"NAME":"Australian:Antarctic","LABEL":"Transform Boundary"}},{"type":"Feature","id":1070,"geometry":{"type":"LineString","coordinates":[[-150.38200378404736,-59.717998504627246],[-149.80900573722496,-59.31399917622099],[-149.26400756879423,-58.821998596458],[-148.27600097636395,-58.130001068494494],[-147.6920013430875,-57.55500030521989]]},"properties":{"OBJECTID":1070,"NAME":"Pacific:Antarctic","LABEL":"Divergent Boundary"}},{"type":"Feature","id":1071,"geometry":{"type":"LineString","coordinates":[[-151.3289947513067,-59.469001769915735],[-150.38200378404736,-59.717998504627246]]},"properties":{"OBJECTID":1071,"NAME":"Pacific:Antarctic","LABEL":"Transform Boundary"}},{"type":"Feature","id":1072,"geometry":{"type":"LineString","coordinates":[[-18.4330005649241,-59.54199981683803],[-18.54700088478296,-59.937999725107204],[-18.645999908568854,-60.24999999999994]]},"properties":{"OBJECTID":1072,"NAME":"South American:Antarctic","LABEL":"Divergent Boundary"}},{"type":"Feature","id":1073,"geometry":{"type":"LineString","coordinates":[[-18.645999908568854,-60.24999999999994],[-19.371000290231166,-60.28900146484568]]},"properties":{"OBJECTID":1073,"NAME":"South American:Antarctic","LABEL":"Transform Boundary"}},{"type":"Feature","id":1074,"geometry":{"type":"LineString","coordinates":[[-26.070999145494113,-60.390998840024395],[-25.069000244165863,-59.97299957287197],[-24.45599937427164,-59.38600158730338],[-23.990999222136338,-58.92100143426876],[-23.81900024396606,-58.19499969438033],[-24.129999160632735,-57.42499923672534],[-24.232999801499602,-57.17399978646091],[-24.69599914554408,-56.73400115952586],[-25.14900016792336,-56.29199981703789],[-25.72100067144379,-55.84000015288473],[-26.413999557633417,-55.42399978636104],[-26.995000839517104,-55.23199844337341],[-27.604000091431033,-55.095001220429936],[-28.646999359133076,-55.00500106844453]]},"properties":{"OBJECTID":1074,"NAME":"South America:Scotia","LABEL":"Convergent Boundary"}},{"type":"Feature","id":1075,"geometry":{"type":"LineString","coordinates":[[151.28999328576162,-60.41299819980702],[152.4730072024205,-60.175998687389495],[153.46739000434525,-59.948714915261064]]},"properties":{"OBJECTID":1075,"NAME":"Australian:Antarctic","LABEL":"Divergent Boundary"}},{"type":"Feature","id":1076,"geometry":{"type":"LineString","coordinates":[[150.73300170906168,-59.474998474499955],[151.00799560571272,-59.94400024371623],[151.28999328576162,-60.41299819980702]]},"properties":{"OBJECTID":1076,"NAME":"Australian:Antarctic","LABEL":"Transform Boundary"}},{"type":"Feature","id":1077,"geometry":{"type":"LineString","coordinates":[[-50.88700103796748,-60.0940017704653],[-49.59899902368596,-60.04399871826621],[-48.250999450464235,-59.96799850502697],[-46.96300125110679,-59.95999908488983],[-45.603000640667005,-60.09099960324903],[-44.22600173918886,-60.24300003062689],[-43.15100097691351,-60.3759994505142],[-42.06700134283767,-60.50099945026437]]},"properties":{"OBJECTID":1077,"NAME":"Antarctic:Scotia","LABEL":"Transform Boundary"}},{"type":"Feature","id":1078,"geometry":{"type":"LineString","coordinates":[[-32.36700057981284,-60.409000396750855],[-31.01399993874611,-60.51200103761778],[-29.73800087004406,-60.57500076287488]]},"properties":{"OBJECTID":1078,"NAME":"Antarctic:Scotia","LABEL":"Transform Boundary"}},{"type":"Feature","id":1079,"geometry":{"type":"LineString","coordinates":[[-27.697000503170614,-60.6170005800127],[-26.888999938896006,-60.506000519008694],[-26.070999145494113,-60.390998840024395]]},"properties":{"OBJECTID":1079,"NAME":"Antarctic:Scotia","LABEL":"Transform Boundary"}},{"type":"Feature","id":1080,"geometry":{"type":"LineString","coordinates":[[-29.73800087004406,-60.57500076287488],[-28.743000030626888,-60.60100173973848],[-27.697000503170614,-60.6170005800127]]},"properties":{"OBJECTID":1080,"NAME":"Antarctic:Scotia","LABEL":"Transform Boundary"}},{"type":"Feature","id":1081,"geometry":{"type":"LineString","coordinates":[[-33.44599914514441,-60.70100021338908],[-32.36700057981284,-60.409000396750855]]},"properties":{"OBJECTID":1081,"NAME":"Antarctic:Scotia","LABEL":"Divergent Boundary"}},{"type":"Feature","id":1082,"geometry":{"type":"LineString","coordinates":[[-19.371000290231166,-60.28900146484568],[-19.580999374121745,-60.81100082362906]]},"properties":{"OBJECTID":1082,"NAME":"South American:Antarctic","LABEL":"Divergent Boundary"}},{"type":"Feature","id":1083,"geometry":{"type":"LineString","coordinates":[[-19.580999374121745,-60.81100082362906],[-20.650999069451473,-60.7820014953727],[-21.718999862353712,-60.743999481290984],[-22.913999557433556,-60.722999573171705],[-24.107000350985345,-60.69200134248791],[-25.0939998628034,-60.544998168930306],[-26.070999145494113,-60.390998840024395]]},"properties":{"OBJECTID":1083,"NAME":"South American:Antarctic","LABEL":"Transform Boundary"}},{"type":"Feature","id":1084,"geometry":{"type":"LineString","coordinates":[[-41.21400070167101,-60.97499847420016],[-39.826999664502864,-60.633998871051006]]},"properties":{"OBJECTID":1084,"NAME":"Antarctic:Scotia","LABEL":"Divergent Boundary"}},{"type":"Feature","id":1085,"geometry":{"type":"LineString","coordinates":[[-42.06700134283767,-60.50099945026437],[-41.21400070167101,-60.97499847420016]]},"properties":{"OBJECTID":1085,"NAME":"Antarctic:Scotia","LABEL":"Other"}},{"type":"Feature","id":1086,"geometry":{"type":"LineString","coordinates":[[-39.826999664502864,-60.633998871051006],[-39.09299850447735,-61.018001556126876]]},"properties":{"OBJECTID":1086,"NAME":"Antarctic:Scotia","LABEL":"Other"}},{"type":"Feature","id":1087,"geometry":{"type":"LineString","coordinates":[[-53.122001647557965,-61.036998748693236],[-52.068000793401836,-60.75299835219215],[-51.11899948164074,-60.57199859655793],[-50.88700103796748,-60.0940017704653]]},"properties":{"OBJECTID":1087,"NAME":"Antarctic:Scotia","LABEL":"Divergent Boundary"}},{"type":"Feature","id":1088,"geometry":{"type":"LineString","coordinates":[[-36.417999267951814,-61.39199829058862],[-34.82500076307474,-60.98899841294639],[-33.44599914514441,-60.70100021338908]]},"properties":{"OBJECTID":1088,"NAME":"Antarctic:Scotia","LABEL":"Divergent Boundary"}},{"type":"Feature","id":1089,"geometry":{"type":"LineString","coordinates":[[-39.09299850447735,-61.018001556126876],[-37.561000824228586,-61.24300003042703],[-36.417999267951814,-61.39199829058862]]},"properties":{"OBJECTID":1089,"NAME":"Antarctic:Scotia","LABEL":"Transform Boundary"}},{"type":"Feature","id":1090,"geometry":{"type":"LineString","coordinates":[[157.2607036839279,-57.5448904037691],[157.32273230595126,-57.91305839912576],[157.5885637746985,-58.26846914613412],[157.85576305472125,-58.62609307613451],[158.1801911544983,-58.95413958107679],[158.5807271730207,-59.14016066808034],[159.18600463910286,-59.511001587053556],[159.41299438508292,-59.73199844337341],[159.69099426297487,-59.93899917587123],[159.80299377474296,-60.006000519108625],[160.32699584997852,-60.50400161748064],[160.74000549315906,-61.05300140389164],[161.12899780310624,-61.38399887045148],[161.22799682599282,-61.4570007322979]]},"properties":{"OBJECTID":1090,"NAME":"Pacific:Australian","LABEL":"Other"}},{"type":"Feature","id":1091,"geometry":{"type":"LineString","coordinates":[[-54.30099868743946,-61.509998321865],[-53.122001647557965,-61.036998748693236]]},"properties":{"OBJECTID":1091,"NAME":"Antarctic:Scotia","LABEL":"Divergent Boundary"}},{"type":"Feature","id":1092,"geometry":{"type":"LineString","coordinates":[[-154.18099975623375,-61.83599853550396],[-153.660995483155,-61.39899826086099],[-152.94299316430306,-60.84099960354882],[-152.11900329616515,-60.158000946486425],[-151.3289947513067,-59.469001769915735]]},"properties":{"OBJECTID":1092,"NAME":"Pacific:Antarctic","LABEL":"Divergent Boundary"}},{"type":"Feature","id":1093,"geometry":{"type":"LineString","coordinates":[[-154.3240051267352,-61.77600097656375],[-154.18099975623375,-61.83599853550396]]},"properties":{"OBJECTID":1093,"NAME":"Pacific:Antarctic","LABEL":"Transform Boundary"}},{"type":"Feature","id":1094,"geometry":{"type":"LineString","coordinates":[[162.94834195681597,-62.76242595199602],[163.77299499492312,-62.47499847390043],[164.27499389635125,-62.321998595758544],[164.76800537075133,-62.17699813865312],[165.10299682634252,-62.0769996641032]]},"properties":{"OBJECTID":1094,"NAME":"Pacific:Antarctic","LABEL":"Divergent Boundary"}},{"type":"Feature","id":1095,"geometry":{"type":"LineString","coordinates":[[161.22799682599282,-61.4570007322979],[161.68078157490982,-61.877852312634104],[162.2279281625547,-62.30508440392208],[162.93325307127225,-62.835253046790626]]},"properties":{"OBJECTID":1095,"NAME":"Pacific:Antarctic","LABEL":"Transform Boundary"}},{"type":"Feature","id":1096,"geometry":{"type":"LineString","coordinates":[[156.457000732398,-62.91400146499558],[157.9700012209796,-62.47800064111664],[159.44000244165943,-62.02600097696347],[160.8650054929093,-61.55899810747661],[161.22799682599282,-61.4570007322979]]},"properties":{"OBJECTID":1096,"NAME":"Australian:Antarctic","LABEL":"Divergent Boundary"}},{"type":"Feature","id":1097,"geometry":{"type":"LineString","coordinates":[[153.49318106235626,-59.991233515314434],[154.188868648969,-60.682969169691376],[154.9707851381237,-61.51464412332757],[155.7010040284132,-62.17399978636104],[156.457000732398,-62.91400146499558]]},"properties":{"OBJECTID":1097,"NAME":"Australian:Antarctic","LABEL":"Transform Boundary"}},{"type":"Feature","id":1098,"geometry":{"type":"LineString","coordinates":[[-160.42999267572137,-62.923000335896745],[-159.8880004885317,-62.59500122072973]]},"properties":{"OBJECTID":1098,"NAME":"Pacific:Antarctic","LABEL":"Divergent Boundary"}},{"type":"Feature","id":1099,"geometry":{"type":"LineString","coordinates":[[-162.0610046385532,-62.39400100684094],[-161.33799743693214,-62.61399841329609],[-160.42999267572137,-62.923000335896745]]},"properties":{"OBJECTID":1099,"NAME":"Pacific:Antarctic","LABEL":"Transform Boundary"}},{"type":"Feature","id":1100,"geometry":{"type":"LineString","coordinates":[[167.5500030520992,-62.97100067164365],[168.27699279797935,-62.772998810047],[168.70799255401323,-62.63199996912323],[169.23800659173094,-62.44599914564401]]},"properties":{"OBJECTID":1100,"NAME":"Pacific:Antarctic","LABEL":"Divergent Boundary"}},{"type":"Feature","id":1101,"geometry":{"type":"LineString","coordinates":[[-158.70300293004115,-63.004001617880306],[-158.3939971925164,-62.789001465245406]]},"properties":{"OBJECTID":1101,"NAME":"Pacific:Antarctic","LABEL":"Divergent Boundary"}},{"type":"Feature","id":1102,"geometry":{"type":"LineString","coordinates":[[-159.8880004885317,-62.59500122072973],[-158.70300293004115,-63.004001617880306]]},"properties":{"OBJECTID":1102,"NAME":"Pacific:Antarctic","LABEL":"Transform Boundary"}},{"type":"Feature","id":1103,"geometry":{"type":"LineString","coordinates":[[166.85800170921163,-63.221000671144],[167.5500030520992,-62.97100067164365]]},"properties":{"OBJECTID":1103,"NAME":"Pacific:Antarctic","LABEL":"Divergent Boundary"}},{"type":"Feature","id":1104,"geometry":{"type":"LineString","coordinates":[[165.10299682634252,-62.0769996641032],[165.65299987754236,-62.472999572372316],[165.96899414056725,-62.66799926765202],[166.6199951170811,-63.08700180049266],[166.85800170921163,-63.221000671144]]},"properties":{"OBJECTID":1104,"NAME":"Pacific:Antarctic","LABEL":"Transform Boundary"}},{"type":"Feature","id":1105,"geometry":{"type":"LineString","coordinates":[[-63.29199981653824,-62.82500076287488],[-62.41999816878041,-63.0009994506641],[-61.74999999970021,-63.29299926730232],[-60.11800003087666,-62.94499969478005],[-58.61399841319616,-62.55300140359185],[-57.389999389859895,-62.30400085485553],[-56.30599975578406,-62.062999725356974],[-55.43600082357909,-61.68700027444305],[-54.30099868743946,-61.509998321865]]},"properties":{"OBJECTID":1105,"NAME":"Antarctic:Scotia","LABEL":"Divergent Boundary"}},{"type":"Feature","id":1106,"geometry":{"type":"LineString","coordinates":[[-156.7169952393388,-63.32400131201092],[-156.02200317400724,-62.95199966415316],[-155.2539978029562,-62.43299865766187],[-154.3240051267352,-61.77600097656375]]},"properties":{"OBJECTID":1106,"NAME":"Pacific:Antarctic","LABEL":"Divergent Boundary"}},{"type":"Feature","id":1107,"geometry":{"type":"LineString","coordinates":[[-158.3939971925164,-62.789001465245406],[-157.60099792521405,-63.069999694530225],[-156.7169952393388,-63.32400131201092]]},"properties":{"OBJECTID":1107,"NAME":"Pacific:Antarctic","LABEL":"Transform Boundary"}},{"type":"Feature","id":1108,"geometry":{"type":"LineString","coordinates":[[-163.9210052488931,-63.46699905356343],[-163.0010070803125,-62.96699905366336],[-162.0610046385532,-62.39400100684094]]},"properties":{"OBJECTID":1108,"NAME":"Pacific:Antarctic","LABEL":"Divergent Boundary"}},{"type":"Feature","id":1109,"geometry":{"type":"LineString","coordinates":[[-166.60800170861194,-62.49000167833475],[-166.19900512728478,-62.60599899315895],[-165.14900207528552,-63.006999969273124],[-163.9210052488931,-63.46699905356343]]},"properties":{"OBJECTID":1109,"NAME":"Pacific:Antarctic","LABEL":"Transform Boundary"}},{"type":"Feature","id":1110,"geometry":{"type":"LineString","coordinates":[[173.63099670393478,-64.73799896278189],[174.24200439468711,-64.50800323466149],[174.81399536089725,-64.31500244180921],[175.16200256326772,-64.17400360088544],[175.58200073284763,-63.98400115942593]]},"properties":{"OBJECTID":1110,"NAME":"Pacific:Antarctic","LABEL":"Divergent Boundary"}},{"type":"Feature","id":1111,"geometry":{"type":"LineString","coordinates":[[169.23800659173094,-62.44599914564401],[169.60499572787057,-62.67599868778916],[170.06799316445301,-62.97200012240768],[170.4409942630748,-63.1489982600616],[171.00900268592534,-63.44699859620823],[171.63999938926042,-63.80699920684788],[172.1640014644961,-64.09700012195805],[172.52000427207952,-64.25599670378483],[173.63099670393478,-64.73799896278189]]},"properties":{"OBJECTID":1111,"NAME":"Pacific:Antarctic","LABEL":"Transform Boundary"}},{"type":"Feature","id":1112,"geometry":{"type":"LineString","coordinates":[[-170.04299926800178,-64.85800170871187],[-169.83900451674504,-64.76399993874611],[-169.10899352992743,-64.24500274627968],[-168.37899780280634,-63.72999954194529],[-167.51300048858167,-63.10599899305902],[-166.60800170861194,-62.49000167833475]]},"properties":{"OBJECTID":1112,"NAME":"Pacific:Antarctic","LABEL":"Divergent Boundary"}},{"type":"Feature","id":1113,"geometry":{"type":"LineString","coordinates":[[-171.30000305159953,-64.35600280728369],[-170.04299926800178,-64.85800170871187]]},"properties":{"OBJECTID":1113,"NAME":"Pacific:Antarctic","LABEL":"Transform Boundary"}},{"type":"Feature","id":1114,"geometry":{"type":"LineString","coordinates":[[175.58200073284763,-63.98400115942593],[176.06300354018128,-64.18800353963161],[176.548995971487,-64.41000366253894],[176.81900024416598,-64.5059967041845],[177.33799743663246,-64.73600006125378],[177.88900756844464,-64.9749984743001],[178.240005493259,-65.07900237995585],[178.75900268572548,-65.27400207523556],[179.38099670413465,-65.47699737572827],[180.00000000010004,-65.7556533809987]]},"properties":{"OBJECTID":1114,"NAME":"Pacific:Antarctic","LABEL":"Transform Boundary"}},{"type":"Feature","id":1115,"geometry":{"type":"LineString","coordinates":[[-174.4179992673523,-65.83499908483986],[-173.70899963342632,-65.50599670398464],[-172.51699829063858,-64.97799682659223],[-171.30000305159953,-64.35600280728369]]},"properties":{"OBJECTID":1115,"NAME":"Pacific:Antarctic","LABEL":"Divergent Boundary"}},{"type":"Feature","id":1116,"geometry":{"type":"LineString","coordinates":[[-175.7290039062053,-65.18299865756194],[-175.0700073244784,-65.50499725322061],[-174.4179992673523,-65.83499908483986]]},"properties":{"OBJECTID":1116,"NAME":"Pacific:Antarctic","LABEL":"Transform Boundary"}},{"type":"Feature","id":1117,"geometry":{"type":"LineString","coordinates":[[-178.79299926760208,-66.16300201403169],[-177.92599487276513,-65.86199951156817],[-177.0720062256068,-65.60700225824758],[-175.7290039062053,-65.18299865756194]]},"properties":{"OBJECTID":1117,"NAME":"Pacific:Antarctic","LABEL":"Divergent Boundary"}},{"type":"Feature","id":1118,"geometry":{"type":"LineString","coordinates":[[-179.99999999990004,-65.63419342038998],[-178.79299926760208,-66.16300201403169]]},"properties":{"OBJECTID":1118,"NAME":"Pacific:Antarctic","LABEL":"Transform Boundary"}},{"type":"Feature","id":1119,"geometry":{"type":"LineString","coordinates":[[132.3727281451878,-3.5331336547943124],[131.531822229912,-2.9324312243214763],[131.10631020894903,-2.6512502671860148],[130.6288901369703,-2.477205432984306],[130.1514529607856,-2.3021602945618724],[129.30352760671371,-2.1993217492992585],[128.4296246437624,-2.069467789207067]]},"properties":{"OBJECTID":1119,"NAME":"Philippine:Sunda","LABEL":"Convergent Boundary"}},{"type":"Feature","id":1120,"geometry":{"type":"LineString","coordinates":[[156.44784370762113,-8.947408356210644],[156.41174536405742,-8.455618937264092],[156.41635209897026,-8.118042531537526]]},"properties":{"OBJECTID":1120,"NAME":"Solomon Sea Microplate:Southern Bismarck Microplate","LABEL":"Transform Boundary"}},{"type":"Feature","id":1121,"geometry":{"type":"LineString","coordinates":[[144.23075673273706,-3.5895516781673678],[146.82075890859687,-3.4756921174972035],[147.89546507095633,-3.021674822534976],[149.90274825083122,-3.7034143226128435],[150.56789054581213,-3.100674872847037],[151.72834085904344,-3.7780556377574044]]},"properties":{"OBJECTID":1121,"NAME":"Australia:Pacific","LABEL":"Other"}},{"type":"Feature","id":1125,"geometry":{"type":"LineString","coordinates":[[29.731000899971605,35.42699813835344],[30.221000671643708,35.153999328306384],[30.597539080863953,35.04669996942812]]},"properties":{"OBJECTID":1125,"NAME":"Eurasian:African","LABEL":"Divergent Boundary"}},{"type":"Feature","id":1126,"geometry":{"type":"LineString","coordinates":[[57.83200073254784,24.443000793052192],[58.11709581531966,24.41720032543475],[58.71599960349897,24.36300087019407],[59.60300064076699,24.311000823928907],[60.374000549186064,24.232000350935493],[60.86999893200516,24.177000045815532],[61.36500167808504,24.121999740695514],[61.95500183086983,24.08699989293075],[62.58100128218348,24.283000946436573],[63.36600112934872,24.284999847065365],[64.16100311310322,24.35000038131261],[65.02799987809198,24.381999969323203]]},"properties":{"OBJECTID":1126,"NAME":"Eurasian:Arabian","LABEL":"Convergent Boundary"}},{"type":"Feature","id":1127,"geometry":{"type":"LineString","coordinates":[[120.41945713693735,21.54858558785463],[120.31413848180557,21.22557353179309],[120.28186550438954,20.810228271917254],[120.30996431180358,20.460600260093997],[120.32837750082103,20.117748540962452],[120.3089372230744,19.73598822997286],[120.17495769144432,19.254612230969713],[119.99794710987123,18.918832239916014],[119.64084941816623,18.422390824077297],[119.39955295760296,18.02425059678768],[119.27962257112483,17.41995714190864],[119.2716453435578,17.043265963953104],[119.26706811899851,16.640744150622083]]},"properties":{"OBJECTID":1127,"NAME":"Philippine:Sunda","LABEL":"Convergent Boundary"}},{"type":"Feature","id":1128,"geometry":{"type":"LineString","coordinates":[[123.91114723685553,23.294754246711193],[123.64563206956439,23.22367181330361],[123.38452313603398,23.16833451692446],[123.07546586195997,23.139991561561374],[122.81655603972956,23.120900245949656],[122.55097239895713,23.111230783873623],[122.27242622249219,23.11566719078826],[122.12412046278916,23.122051089486263]]},"properties":{"OBJECTID":1128,"NAME":"Eurasian:Philippine","LABEL":"Transform Boundary"}},{"type":"Feature","id":1129,"geometry":{"type":"LineString","coordinates":[[124.86513792437574,14.756236334639198],[124.70177002226876,14.913497924589592],[124.42657952212733,15.154298918959967],[124.13590295535721,15.37615657306742],[123.87007506950886,15.538727330501956],[123.52958610681344,15.643564401376068],[123.11118036498192,15.728196391250492],[122.61184883745398,15.769245322813447]]},"properties":{"OBJECTID":1129,"NAME":"Eurasian:Philippine","LABEL":"Transform Boundary"}},{"type":"Feature","id":1130,"geometry":{"type":"LineString","coordinates":[[122.60267469138398,15.861997232086651],[122.74387883673899,16.036941138322902],[122.82579536686274,16.227279119535808],[122.8843668069826,16.44240468442871],[122.88952739297486,16.607786959100906],[122.87613442736199,16.96314407863639]]},"properties":{"OBJECTID":1130,"NAME":"Eurasian:Philippine","LABEL":"Convergent Boundary"}},{"type":"Feature","id":1131,"geometry":{"type":"LineString","coordinates":[[-86.96600341752367,16.475999832526327],[-88.01226649220479,15.767329490763416],[-88.23021526552208,15.63656022587378],[-88.53534354816617,15.534850798325749],[-88.76297893363085,15.418611452556547],[-89.05842060412755,15.220035903534153],[-89.3732354998184,15.098953251691285],[-89.69289370068373,14.958497375553463],[-90.00770859547526,14.890691090521443],[-90.438762836036,14.86647456015288]]},"properties":{"OBJECTID":1131,"NAME":"North American:Caribbean","LABEL":"Transform Boundary"}},{"type":"Feature","id":1132,"geometry":{"type":"LineString","coordinates":[[-82.87499999975017,7.366000175567706],[-82.82364375565476,7.336294799465463],[-82.76821631123374,7.310428658855585],[-82.66024937570808,7.312399362140923]]},"properties":{"OBJECTID":1132,"NAME":"Cocos:Caribbean","LABEL":"Convergent Boundary"}},{"type":"Feature","id":1133,"geometry":{"type":"LineString","coordinates":[[141.24200439408753,66.97899627715651],[142.50300598164085,66.65399932830638],[143.73100280803328,66.31800079390155],[144.34399414061716,65.80300140359196],[144.93200683574696,65.28600311265359],[145.4869995118181,64.43800354023125],[146.00799560581265,63.5870018005927],[146.49899291988743,62.73400115942604],[146.96299743618283,61.88000106839462],[146.12600708006278,61.569999695029935],[145.30599975618384,61.25500106784506],[144.50199890152817,60.9350013737145],[143.71499633791075,60.61100006070427],[142.94299316380352,60.282001495672546],[142.18699645981883,59.948001861896444],[142.0859985354042,59.47900009178085],[141.98800659223048,59.00899887090122],[141.89300537150075,58.53900146494573],[141.8000030513998,58.069000244066046],[141.7089996337262,57.597999572422395],[141.6210021972936,57.12799835244209],[141.53500366238916,56.65800094648654],[141.45100402811352,56.187999725606915],[141.6999969479009,55.65000152564994],[141.94299316400338,55.11199951166816],[142.17900085460587,54.57400131261056],[142.40899658182684,54.034999846965434],[142.84899902368602,53.38399887045159],[142.7839965819768,53.04199981653835],[142.69200134248808,52.54199981663828],[142.5410003658742,51.70000076282497],[142.39799499537276,50.85699844332356],[142.52099609359493,50.31800079350188],[142.6410064693731,49.777999877992045],[142.76100158725353,49.2410011287991],[142.8780059817907,48.7039985655814],[142.02299499522292,48.05099868753945],[141.1779937741934,47.391998290888466],[140.5529937745431,46.95600128193365],[139.93800354043105,46.515998840074474],[139.36999511758063,46.22399902343625],[139.15800476111087,45.94699859630822],[139.03799438443332,45.411998748643384],[138.85000610329905,44.81100082432863],[138.57699584937905,44.294998169230155],[138.56300354048108,43.93899917567148],[138.8009948729151,43.19200134258796],[138.81100463845337,42.76599884037421],[138.82400512733477,41.994998931955195],[138.742996215503,41.76900100689102],[138.48899841294644,41.481998443173666],[138.4750061031492,41.103000640866924],[138.75599670438442,40.78200149507302],[138.6549987790704,40.47399902323639],[138.6549987790704,40.071998596358185],[138.35200500492715,39.83200073254784],[138.08500671348907,39.65900039705076],[137.84500122072984,39.40399932880604],[137.7740020753356,38.98199844367326],[137.84800720197086,38.48500061009014],[137.8890075683447,37.855998993358924],[137.9019927975296,37.18399810782648],[137.85400390655514,36.599998474550034],[137.89399719231665,36.3110008242287],[138.12100219709373,36.027000426828295],[138.25900268572548,35.73400115942604],[138.42100524879322,35.360000610040174],[138.67399597163683,35.03400039640121]]},"properties":{"OBJECTID":1133,"NAME":"Eurasian:North American","LABEL":"Other"}},{"type":"Feature","id":1134,"geometry":{"type":"LineString","coordinates":[[115.93179329842201,-7.931156763473837],[116.30000305199928,-7.9299998279296915],[116.68505818129006,-8.041043075277628],[117.13999939025973,-8.029999732401677],[117.68000030487019,-8.029999732401677],[118.08000183111972,-8.020000457455126],[118.44000244175936,-8.039999961528963],[118.8600006104399,-7.989999770972588],[119.36000061033997,-8.01000022922716],[119.80000305129988,-7.989999770972588],[120.3600006101401,-8.039999961528963],[120.81999969443041,-8.060000419783478],[121.33999633766086,-8.109999657058495],[121.87999725317081,-8.100000382111887],[122.49070946896688,-8.114283888790396],[123.04187889499508,-8.059354540179811],[123.42769749384433,-7.986103664152722],[123.9053776632486,-7.931156763473837],[124.30956857512967,-7.876202423602933],[124.6402702312862,-7.7845954646089695],[125.06283345799773,-7.729621534805915],[125.41190742718607,-7.692968215110966],[125.77935371210424,-7.674640350171956],[126.05189509907962,-7.688948000050118],[126.44942509858947,-7.618293000021879],[126.78983099270624,-7.58298905909777],[127.36320509913605,-7.504107999884241],[127.78193596027643,-7.4179670492399055],[128.13100992946477,-7.344603721084809],[128.51974509895717,-7.142593000166755],[128.93939175502555,-7.087736234939257],[129.34358266690663,-6.977605433443955],[129.53878032275372,-6.933276383897976],[129.74777357968696,-6.8858096923633525],[130.22545374909134,-6.867448376241498],[130.7398785463579,-6.867448376241498],[131.19918640183107,-6.8123601282172785],[131.6217496285426,-6.830723592819481],[132.1545467406396,-6.867448376241498],[132.65059922397506,-6.922530161737541]]},"properties":{"OBJECTID":1134,"NAME":"Australian:Sunda","LABEL":"Other"}},{"type":"Feature","id":1135,"geometry":{"type":"LineString","coordinates":[[137.24367777421003,-1.4646424527869044],[136.9668270985918,-1.8374620007706994],[136.6006467776267,-2.407388842121293],[136.2699451214703,-2.8323483483974883],[136.03110503766743,-3.127880601308675],[135.84738189475866,-3.460253121384369],[135.66365875274926,-3.6263957989269215],[135.36970172625377,-3.73714048574476],[135.00225544223497,-3.8663246865349947],[134.67553709925778,-4.130767000396702],[134.23061824543572,-4.2721992569900635],[133.91828890410966,-4.401296525714031],[133.4589810486366,-4.548808448451098],[133.03641782192506,-4.677856303925239],[132.65059922397506,-4.788449599769194],[132.11780211187806,-4.899024777871148],[131.69555027992158,-5.074532452910319],[131.38446651941445,-5.247806635567713],[130.99273141302433,-5.490308226343529],[130.6586044109648,-5.773100153449263],[130.35904227078424,-6.084582598707925],[130.12100219689398,-6.33400011001703],[129.85000610329905,-6.590000152385073],[129.6519927978294,-6.815000056607289]]},"properties":{"OBJECTID":1135,"NAME":"Australian:Sunda","LABEL":"Other"}},{"type":"Feature","id":1136,"geometry":{"type":"LineString","coordinates":[[-1.3207130801444578,35.38128857011145],[-0.5212141821887144,35.30990473971201],[1.20627450826197,35.32418150597175],[2.6482278771148913,35.39556533637125],[3.8331994586881137,35.43839563425115],[4.932510442702835,35.42411886799141],[6.631445601533358,35.73820772120939],[8.387487823604204,36.32355512796681],[10.186360343555066,36.851795471483854],[11.128626902309747,37.265821686721495],[12.47064290914301,37.665571135699395]]},"properties":{"OBJECTID":1136,"NAME":"Africa:Eurasia","LABEL":"Convergent Boundary"}},{"type":"Feature","id":1137,"geometry":{"type":"LineString","coordinates":[[94.03085349849022,20.986482199893658],[94.07052600597046,21.327665761165974],[94.06259150429457,21.533962797545144],[93.90390147617222,21.724390831471737],[93.88803247282044,21.88308085959403],[93.90390147617222,22.057639891068163],[93.94357398275315,22.295674933251632],[93.95944298610499,22.5654479812394],[93.96737748688156,22.732072511037586],[93.90390147617222,23.033583564829712],[93.93239216406715,23.196299909013646],[94.00293010923718,23.349132125647145],[94.05465700261863,23.525522652548432]]},"properties":{"OBJECTID":1137,"NAME":"Eurasian:Indian","LABEL":"Other"}},{"type":"Feature","id":1138,"geometry":{"type":"LineString","coordinates":[[94.05465700261863,23.525522652548432],[94.08639500842298,23.628671170738016],[94.10226401087544,23.86670621292143],[94.23715053486933,24.215824274970373],[94.39584056389094,24.430055813025376],[94.49105458040464,24.660156354432274],[94.80221481386263,24.9652616459083],[94.8974755267742,25.076399144005336],[95.007374295987,25.204614373854326],[95.11565291045349,25.432569353193173],[95.40059663462705,25.734609701176794],[95.57726174433407,25.956865806212022],[95.6399493634724,26.11643429210892]]},"properties":{"OBJECTID":1138,"NAME":"Eurasian:Indian","LABEL":"Transform Boundary"}},{"type":"Feature","id":1140,"geometry":{"type":"LineString","coordinates":[[72.0214153203608,32.41089290618271],[72.1821665325595,32.40358603326888],[72.33195743538738,32.50588225945876],[72.4561742821175,32.546070062283604],[72.5767376914913,32.59721817537854],[72.71922172050603,32.64471285201654],[72.77402327095723,32.66663347165746],[72.97130884952384,32.64836628847348],[73.1357134990788,32.71778158565172],[73.23800972526868,32.728741895022495]]},"properties":{"OBJECTID":1140,"NAME":"Eurasian:Indian","LABEL":"Convergent Boundary"}},{"type":"Feature","id":1141,"geometry":{"type":"LineString","coordinates":[[73.23800972526868,32.728741895022495],[73.34021093448712,32.79930490519729],[73.41213965602037,32.87123362673054],[73.47379284616295,32.87123362673054],[73.60737475783884,33.01509106979711],[73.80260985875805,33.14867298147294],[73.94646730272387,33.02022883549239],[74.11601357426707,32.948300113959135],[74.25987101733364,32.90719798749717],[74.40372846129952,32.90719798749717],[74.62979015728996,32.90206022180183],[74.74795877098057,32.9894022404211]]},"properties":{"OBJECTID":1141,"NAME":"Eurasian:Indian","LABEL":"Transform Boundary"}},{"type":"Feature","id":1142,"geometry":{"type":"LineString","coordinates":[[74.74795877098057,32.9894022404211],[74.7941986640372,32.973988943335144],[74.7941986640372,32.835269265963916],[74.92264280911843,32.675998524912075],[75.06650025218494,32.573243209206794],[75.23604652462745,32.52700331615017],[75.46210822151727,32.465350126007536],[75.65220555674108,32.34204374662164],[75.67789438611709,32.21359960064109],[75.79092523411231,32.10570651834121],[75.86285395564562,31.96698684096998],[75.96560927225016,31.83340492929409],[76.03599666371514,31.50458791669905],[76.13361421462434,31.34531717654653],[76.2158184684476,31.232286327651934],[76.3185737850522,31.134668777642048],[76.44701793013343,31.011362397356777],[76.58573760750465,30.91888261214291],[76.70390622209453,30.898331549361558],[76.81179930439441,30.74933634059971],[76.95051898176564,30.67740761816708],[77.15089184838018,30.60034113093849],[77.2176828042181,30.523274643709897],[77.21254503852276,30.456483687871923],[77.41291790603657,30.410243795714678],[77.53108651972718,30.307488479110077],[77.64925513341774,30.307488479110077],[77.77379043188296,30.23218806612641],[77.81441880448432,30.20762207359985],[77.87017906461222,30.173906567434187],[77.97293438121676,30.096840080205595],[78.07055193212602,30.00436029499167],[78.23496043797388,29.855365086229824],[78.37881788104045,29.803987428377184],[78.53295085639695,29.783436364696513]]},"properties":{"OBJECTID":1142,"NAME":"Eurasian:Indian","LABEL":"Convergent Boundary"}},{"type":"Feature","id":1143,"geometry":{"type":"LineString","coordinates":[[78.53295085639695,29.783436364696513],[78.507262027021,29.747472003929886],[78.5535019191783,29.62416562364467],[78.71791042592548,29.552236902111417],[78.98507424927726,29.434068288420804],[79.11865616005377,29.38269063056822],[79.22141147665837,29.326175206120922],[79.37554445201488,29.31076190903491],[79.40123328049157,29.31076190903491],[79.43976652500515,29.267090898825984],[79.59903726515773,29.205437709582668],[79.75317023961492,29.097544626383467],[79.90730321497148,29.071855797906778],[80.09226278449995,29.09240686068813],[80.13850267665725,29.112957924368743],[80.15905374033792,29.051304734226164],[80.27722235402848,28.999927076373524],[80.41080426570437,28.999927076373524],[80.47759522154229,28.93827388623089],[80.60603936752284,28.892033994073643],[80.8064122350367,28.850931866712358],[81.00164733595585,28.79441644316438],[81.19688243777432,28.66083453148849],[81.37670424160751,28.568354746274565],[81.36129094362218,28.470737196264622],[81.47432179251678,28.388532942441373],[81.56680157683138,28.321741986603456],[81.67469465913126,28.31660422090812],[81.86479199525445,28.172746777841553],[82.04975156478292,28.06999146123701],[82.16792017847354,28.034027100470382],[82.18072222205296,27.995595371429317],[82.3758533946185,27.90081737322322],[82.52080798000435,27.85064078514415],[82.71036397641643,27.85064078514415],[83.14923345146269,27.766863277118603],[83.48832599634773,27.674383492803997],[83.54490764507182,27.659564489309787],[83.62284288189352,27.63915287990153],[83.70411216094755,27.6178680683567],[83.86081401915175,27.50740610320912],[83.98925816423298,27.43033961598053],[84.14339113958948,27.42520185028519],[84.24614645619408,27.358410894447275],[84.41055496204194,27.3481353630566],[84.5852390001798,27.34299759646194],[84.70854538046501,27.34299759646194]]},"properties":{"OBJECTID":1143,"NAME":"Eurasian:Indian","LABEL":"Convergent Boundary"}},{"type":"Feature","id":1144,"geometry":{"type":"LineString","coordinates":[[84.70854538046501,27.34299759646194],[84.81559096415174,27.33901187040152],[84.95515814013612,27.276206640624025],[85.09901558320269,27.276206640624025],[85.32507727919312,27.188864622004758],[85.60765439963092,27.111798134776166],[85.7412363113068,27.106660369080828],[85.9724357738919,27.01931834956224],[86.15739534342043,26.962802926014263],[87.03338441695735,26.80353218496242],[87.23375728447115,26.80353218496242],[87.49578334122828,26.741878994819785],[87.67046737936613,26.741878994819785],[87.79891152534668,26.690501336967202],[87.99928439286049,26.716190166343154],[88.18938172808436,26.77784335558647],[88.4514077857408,26.86004760940972],[88.65691841805062,26.901149735871684],[88.78536256403117,26.91656303295764],[88.96004660216903,26.921700798652978],[89.0473886207883,26.875460906495675],[89.19638383044946,26.741878994819785],[89.29913914705406,26.767567824195794],[89.4967200198131,26.77605273434625],[89.54575190672517,26.741878994819785],[89.75640030562965,26.685363571271864],[89.96704870453414,26.716190166343154],[90.13659497697665,26.793256653571746],[90.27531465434788,26.870323140800338],[90.39605215088613,26.896011970176346],[90.54504735964798,26.813807716353097],[90.84303777807105,26.798394419267083],[91.08451277204688,26.824083248643035],[91.2900234043567,26.78298112128175],[91.5777382913891,26.78298112128175],[91.76269786091763,26.829221014338373],[91.99903508919806,26.865185375105],[92.34840316547377,26.926838565247635],[92.5333627350023,26.931976330942973],[92.68749570945948,26.91656303295764],[92.84162868481599,26.91656303295764],[93.02658825434452,26.90628750156702],[93.33485420415826,26.952527393724267],[93.6636712167533,27.009042818171565],[93.82807972350048,27.137486964152117],[93.96679940087171,27.301895469999977],[94.08496801456226,27.389237489518564],[94.15305971473413,27.44516995722779],[94.22882545762883,27.50740610320912],[94.37194780474744,27.586186752216918],[94.6167267775188,27.64098801488501],[94.92499272733255,27.769432160865563],[95.21270761346562,27.887600774556176],[95.28463633499894,27.96466726178477]]},"properties":{"OBJECTID":1144,"NAME":"Eurasian:Indian","LABEL":"Convergent Boundary"}},{"type":"Feature","id":1145,"geometry":{"type":"LineString","coordinates":[[95.28463633499894,27.96466726178477],[95.3360139937509,28.07256034408465],[95.38988279435551,28.15388238996036],[95.46959590542673,28.180453426384588],[95.63914217696993,28.303759806669802],[95.72134643079323,28.28320874298913],[95.84979057587441,28.057147046998693],[96.06043897477895,28.031458217622685],[96.16833205797815,27.99035609116072],[96.29677620305938,27.841360882398874],[96.27108737368343,27.651263546275686],[96.20429641874478,27.497130571818502],[95.91144376601704,27.373824191533288],[95.64941770925992,27.307033235695314],[95.43876931035544,27.18372685630942],[95.26922303791292,27.111798134776166],[95.08426346838439,27.009042818171565],[94.90300407397888,26.95431622261566],[94.78113528426604,26.844634311424386],[94.68351773335678,26.77784335558647],[94.58076241675218,26.70077686835782]]},"properties":{"OBJECTID":1145,"NAME":"Eurasian:Indian","LABEL":"Convergent Boundary"}},{"type":"Feature","id":1146,"geometry":{"type":"LineString","coordinates":[[94.58076241675218,26.70077686835782],[94.3495629550664,26.64426144391058],[94.17487891692855,26.515817298829347],[94.11836349248125,26.34627102638683],[94.02074594157199,26.181862519639594],[93.9231283915621,26.007178481501796],[93.96423051802407,25.94552529225848]]},"properties":{"OBJECTID":1146,"NAME":"Eurasian:Indian","LABEL":"Convergent Boundary"}},{"type":"Feature","id":1147,"geometry":{"type":"LineString","coordinates":[[12.593954574743861,37.449180156339196],[12.638017083221882,37.50251898286484],[12.679760512637586,37.56513412653874],[12.70951405283131,37.58746517967438],[12.735169471493975,37.59574112155559],[12.772411208610436,37.60153427988314],[12.798066627273101,37.599879092046535],[12.827032422508353,37.599051498128176],[12.86179137697053,37.59574112155559],[12.887446795633139,37.59243074498295],[12.917240185686069,37.589120368410306],[12.95613711063919,37.5808444265291],[12.98593050069212,37.55684419570315],[12.998911480580432,37.53789111128583],[13.017106385251509,37.51514748067177],[13.028933073602502,37.49604282991271],[13.113799105744192,37.38767392531145],[13.172416234121954,37.28444163167603],[13.250425294491777,37.193431061694184],[13.357687752387903,37.11867237962667],[13.50395474001931,37.05691520627181],[13.679475125176907,37.00165878862225],[13.851745132931569,36.97890614680131],[13.956188610116328,37.00304592003323],[14.053699934904103,37.01929780794751],[14.140376668348608,37.046384287205115],[14.189132331192184,37.07076211817724],[14.233126015453308,37.11423154894686],[14.283236002439594,37.14979347478908],[14.352743402785848,37.17565669350165],[14.415784998678816,37.204752814890526],[14.469127888341404,37.25809570365385],[14.490141753039495,37.28395892236642],[14.516004972651444,37.32113729954676],[14.56611495873841,37.35184987227382],[14.619457847501735,37.38417889543973],[14.66310202913536,37.40357630969896],[14.722910723251346,37.42135727262007],[14.761705551769865,37.437521785102376],[14.81343198919501,37.453686296685305],[14.855459719490511,37.46176855247677],[14.907186157814976,37.46176855247677],[14.962145497916424,37.468234356930054],[15.017104838017929,37.473083710944536],[15.062365470989732,37.476316612721575],[15.084995787026003,37.476316612721575]]},"properties":{"OBJECTID":1147,"NAME":"Eurasian:African","LABEL":"Convergent Boundary"}},{"type":"Feature","id":1148,"geometry":{"type":"LineString","coordinates":[[32.789350897625866,34.32940834881629],[33.152854201260425,34.27767957405314],[33.52037808687925,34.26637114701089],[33.967060962693324,34.33987592413462],[34.32893063434136,34.413380701258404],[34.543790751741824,34.48123126441135],[34.945239919386836,34.59431553753211],[35.188371104842645,34.71305402282496],[35.30710959103487,34.854409364001015],[35.46542757232464,35.080577908443786],[35.606782912601375,35.48768128916021],[35.725521398793546,35.79300882469755],[35.74813825377743,36.098336360234896],[35.75685785370706,36.25528916975941]]},"properties":{"OBJECTID":1148,"NAME":"Eurasian:African","LABEL":"Transform Boundary"}},{"type":"Feature","id":1149,"geometry":{"type":"LineString","coordinates":[[119.25499725302086,16.555999756283768],[119.21444983828951,16.101969812357027],[119.19208829274055,15.77246584182518],[119.17929022056728,15.495449375288501],[119.14471851304904,15.197653782396173],[119.12337698575936,14.737302824865537],[119.10378833246568,14.388649277941852],[119.14887505543948,14.040311491082491],[119.24142456689026,13.759169532148235],[119.42501213700064,13.517033267571264],[119.61880644216365,13.38013569940307],[119.84196127569237,13.194826538214215]]},"properties":{"OBJECTID":1149,"NAME":"Philippine:Sunda","LABEL":"Convergent Boundary"}},{"type":"Feature","id":1150,"geometry":{"type":"LineString","coordinates":[[129.21737420675436,1.398446808773258],[129.24600219684396,1.927999973619933],[129.21699523963866,2.6710000036472934],[128.99800109887167,3.1140000819382863],[128.68400573737495,3.700000047564174],[128.38699340811934,4.3350000380214055],[128.1510009763141,4.763000011841143],[127.83599853510441,5.223999976817538],[127.49800109827208,5.473999977217204],[127.4589996334264,5.896999835573979],[127.25000000029979,6.447000026929743],[127.23400116002563,7.291999817137878],[127.2287962293625,7.58487577849445],[127.21900176961606,8.135999679941335],[127.14316055651454,8.416520321555652],[127.05300140349209,8.749999999700265],[126.82399749718684,9.449000358679655],[126.71138036431239,10.032198407330668],[126.56353770689975,10.493728305017328],[126.27518118416435,11.058194491682514],[126.14657548756873,11.655263068435886],[126.01659235605246,12.250218959637323],[125.68599700965433,12.817999839620938],[125.5427020664473,13.182219681693027],[125.4940032956157,13.30599975558431],[125.1500015261496,14.131999969123342],[124.89099883992458,14.70400047264377]]},"properties":{"OBJECTID":1150,"NAME":"Eurasian:Philippine","LABEL":"Convergent Boundary"}},{"type":"Feature","id":1151,"geometry":{"type":"LineString","coordinates":[[92.6303061172336,19.52683774006971],[93.03988393939233,18.756831435022775],[93.32565715145643,18.52148878947611],[93.6786711188771,17.832271042574632],[93.91401376442377,17.26072461844643],[93.91401376442377,16.705988382258113],[93.66186093003796,16.218492903224956],[93.4937590407472,15.613326100519146],[93.05669412823147,14.957728731295958],[92.51876808178162,14.234890606716192],[92.06249066820982,13.697731076727848],[91.88899993869626,13.154000282387187],[91.69999694800083,12.282999991956103],[91.64299774135276,11.791999817137878],[91.59100341837313,11.300000190656306],[91.57599639901468,10.513999938546363],[91.55899810797638,10.055999755784171],[91.50005651229827,9.591932131362796],[91.52677626870991,9.060035209157604],[91.64832245181975,8.543576971899768],[91.82740444995545,8.145820577957352],[91.90299987834175,7.663000106769573],[92.14192479249522,7.207449839138803],[92.25496618863878,6.957975157027931],[92.31019095824621,6.745983696190649],[92.37599945061419,6.3330001828122136],[92.53700256381734,5.702000141193594],[92.7385101140506,5.030240790180358],[92.98896670474966,4.4771671090748555],[93.29390007462882,3.7938195564274224],[93.75399780285636,3.0480000969269554],[94.4049987793702,2.4570000167374246],[94.97899627695665,2.1040000913312156],[95.541999817038,1.8819999693231466],[96.08899688699682,1.4869999884587628],[96.20200347937714,1.3450000285285455],[96.37999725377028,1.1230000261303417],[96.66999816888045,0.759000003547385],[97.01100158695374,0.11599999670255556],[97.37200164835747,-0.5469999908568184],[97.76999664323057,-1.2469999786660537],[98.03500366208937,-1.6339999440421593],[98.30100250276337,-2.0209999085188883],[98.87400054958573,-2.6649999614789976],[99.37000274642969,-3.312000035872927],[99.67500305194937,-3.729000091480998],[99.98000335656968,-4.144999981363981],[100.35900115977574,-4.6560001368967505],[100.79100036657371,-5.304999828679115],[101.3460006715938,-5.982999801999199],[101.85800170871192,-6.558000087733831],[102.53279165361198,-7.14455574625066],[103.20602784251099,-7.524743590843968],[103.727301674133,-7.7545337213541075],[104.12708590888764,-7.896108694960276],[104.5296259748589,-8.047443243610758],[104.85367489438096,-8.272181419037224],[105.1229630549011,-8.499336948741131],[105.63085106422528,-8.867004425513755],[105.95818151276666,-9.088580717725904],[106.18958280300404,-9.1936249132591],[106.36852835330092,-9.2748569217095],[106.80978714715917,-9.48658100151198],[107.36000109477476,-9.70615004468874],[107.8167646215901,-9.936615218017835],[108.42600479378626,-10.07268432801925],[109.01007267841146,-10.162346038139106],[109.64607857226838,-10.187506775717054],[110.17915375564138,-10.25989336998299],[110.6177186995584,-10.345243920870189],[111.01499938990997,-10.477000236671529],[111.52300262487131,-10.576999664502864],[112.16999816938005,-10.652000426978077],[112.56300354028122,-10.75800037341844],[113.2040023802058,-10.86999988518653],[113.7559967039848,-10.963999748589458],[114.41000366173967,-11.088000297575604],[115.0130004884818,-11.151000022832761],[115.57099914579396,-11.218999862653504],[116.17400360148508,-11.274999618537493],[116.85299682654238,-11.331000327702895],[117.54653798324136,-11.448087349251693],[118.12877420246753,-11.462656432048675],[118.61110382997788,-11.42055479906469],[119.26999664343043,-11.39299964891461],[119.75322987196114,-11.45161229237334],[120.01829358408168,-11.481252552163483],[120.22989565735872,-11.471392242258105]]},"properties":{"OBJECTID":1151,"NAME":"Australian:Sunda","LABEL":"Convergent Boundary"}},{"type":"Feature","id":1152,"geometry":{"type":"LineString","coordinates":[[-127.57900238005578,40.45000076282497],[-126.38118766757674,40.41218216637395],[-126.31620741933688,40.41252798357965],[-125.84098460335673,40.4150570687288],[-125.35414604580336,40.39906562537834],[-124.78438613571154,40.37534511878226]]},"properties":{"OBJECTID":1152,"NAME":"Pacific:Juan de Fuca","LABEL":"Transform Boundary"}},{"type":"Feature","id":1153,"geometry":{"type":"LineString","coordinates":[[-124.783070893407,40.37529036266017],[-124.69598421659828,40.37166472964361],[-124.55886332877958,40.31187681166557],[-124.4031982917677,40.24400321057976],[-124.35995224719841,40.219940184591906],[-124.280331654782,40.17563757871136],[-124.13808284434776,40.09648729035621],[-124.063516306932,40.0505795088373],[-124.04896231385965,40.02587370230958],[-124.00673795669132,39.91348492888642],[-123.99532833703307,39.67298535309163],[-123.97059439881241,39.5792279163353],[-123.92237889756802,39.39646034087207],[-123.872607990966,39.25891653157271],[-123.84071515068365,39.1706046363949],[-123.78941702617476,39.101428500425015],[-123.42251392187995,38.72451541295601],[-123.11436529672102,38.407959765231055],[-123.04186514236238,38.32899116241225],[-122.91698864560948,38.181025957082284],[-122.72239685043428,37.96172852265323],[-122.57407235155773,37.785553902290815],[-122.5414259117764,37.74656960010702],[-122.49806423777432,37.69478984727368],[-122.3001061713627,37.4584009169688],[-122.28299351713707,37.43796607357547],[-122.20995419762806,37.36699308136565],[-122.13996942814657,37.29700836674277],[-122.00359360166334,37.17617464364491],[-121.9070164584428,37.10403378193354],[-121.81196658888695,37.053005125786],[-121.65196300199091,36.92597248104522],[-121.56445962611082,36.87009253194486],[-121.4967076772175,36.81755162081072],[-121.28901266000622,36.682867696087385],[-120.87242834209428,36.2938639764414],[-120.56086606221896,36.00260532527557],[-120.29997308918666,35.75195398998471],[-119.97026327193242,35.41388915885767],[-119.86595998826283,35.314167585565656],[-119.7067648658059,35.16072232537505],[-119.56059657337312,35.048872491372435],[-119.40550928062879,34.94444754022186]]},"properties":{"OBJECTID":1153,"NAME":"North American:Pacific","LABEL":"Transform Boundary"}},{"type":"Feature","id":1154,"geometry":{"type":"LineString","coordinates":[[-119.40550928062879,34.94444754022186],[-119.36286046144113,34.915730804133375],[-119.36123210038107,34.91517876878521],[-119.20995419642901,34.86389357113143],[-118.88159195120755,34.80639658073767],[-118.54910880462762,34.710130391604366],[-118.40078832751925,34.65827602022222],[-118.10385409179287,34.54783934670854],[-117.73641186281719,34.39861644938969],[-117.49815837081212,34.28946181521064],[-117.23816368560557,34.15470314333544],[-116.7747730744178,33.987781823772195],[-116.48049287564567,33.92461035678258],[-116.47529670977531,33.92349492495089]]},"properties":{"OBJECTID":1154,"NAME":"North American:Pacific","LABEL":"Transform Boundary"}},{"type":"Feature","id":1155,"geometry":{"type":"LineString","coordinates":[[-116.47529670977531,33.92349492495089],[-116.469679241204,33.92228905459626],[-116.24633903401917,33.788159201286135],[-115.71362068634556,33.35152530954542]]},"properties":{"OBJECTID":1155,"NAME":"North American:Pacific","LABEL":"Transform Boundary"}},{"type":"Feature","id":1156,"geometry":{"type":"LineString","coordinates":[[-115.5641602474974,32.910907030834835],[-115.5220622369826,32.86429246942197],[-115.3812010768682,32.70831880037241],[-115.24033991765305,32.552345132222115],[-115.16503461685403,32.46896058476324],[-115.13825856378168,32.39637146317256],[-115.07919181125305,32.23624317268434],[-114.76499938941026,31.99500083961709],[-114.56210145581753,31.820487912786973],[-114.51984356023206,31.78390790942251],[-114.33200073274759,31.601999282740735],[-114.2070007320981,31.45800018296211],[-114.11799621595259,31.356000900321362]]},"properties":{"OBJECTID":1156,"NAME":"North American:Pacific","LABEL":"Transform Boundary"}},{"type":"Feature","id":1157,"geometry":{"type":"LineString","coordinates":[[49.20116930821706,33.38056218809453],[49.80079348123422,33.00936627073685],[50.7649737411453,32.169850277468356],[51.52444252790042,31.635647657213667],[52.39332630886213,31.0049023935307],[52.82035400043685,30.72082299968173],[53.4552953748817,30.432082715544936],[53.99593417142495,30.129582436280486],[54.13167199996286,29.79772800034698],[54.47221120778107,29.164156012789817],[55.15444587997342,28.81660250040511],[55.53830700006807,28.466863999673876],[55.79806349533408,28.34676164123681],[56.132015000092224,28.35917699971884],[56.43278499992783,28.183397000071523],[56.78597999997709,28.10790800015411],[56.867792669196376,27.826900200284058],[57.081944159495436,27.241552792627317],[56.99200058026264,26.545000076192593]]},"properties":{"OBJECTID":1157,"NAME":"Eurasian:Arabian","LABEL":"Convergent Boundary"}},{"type":"Feature","id":1158,"geometry":{"type":"LineString","coordinates":[[49.20116930821706,33.38056218809453],[48.73003602883972,33.79458840333223],[48.05902802542306,34.35138227846943],[47.25952912746732,34.63691759916793],[46.85977967848942,34.83679232320719],[46.203048440433236,35.27937207096437],[45.660531331555774,35.42213973086393],[45.146567754298474,35.70767505156243],[44.61832741078143,36.135978033059814],[44.35699844372323,36.57199859615832]]},"properties":{"OBJECTID":1158,"NAME":"Eurasian:Arabian","LABEL":"Transform Boundary"}},{"type":"Feature","id":1159,"geometry":{"type":"LineString","coordinates":[[-133.42599487266523,53.92399978596143],[-133.0930023195014,53.521999359083225],[-132.71400451629535,53.12699890157808]]},"properties":{"OBJECTID":1159,"NAME":"North American:Pacific","LABEL":"Other"}},{"type":"Feature","id":1160,"geometry":{"type":"LineString","coordinates":[[94.03085349849022,20.986482199893658],[94.11611446251248,20.759853653123628],[94.18902360875262,20.577580786624026],[94.28927368483272,20.386194277743755],[94.46243290805234,20.021648544744608],[94.66293306111191,19.547739092385257],[94.8452059267122,19.119397857325282],[94.96368329025171,18.845988557126248],[95.01836514993181,18.527011041426476],[95.04570607977183,18.016647015947058],[94.95456964697166,17.58830578088714],[94.79052406703215,17.123509971807778],[94.58091027069247,16.850100672508063],[94.51711476773238,16.7954188119287]]},"properties":{"OBJECTID":1160,"NAME":"Australian:Sunda","LABEL":"Transform Boundary"}},{"type":"Feature","id":1161,"geometry":{"type":"LineString","coordinates":[[162.53117493937202,-11.327996873556799],[162.9337972204654,-11.225734826101302],[164.25250321804913,-10.924818469696561],[164.5774604141668,-10.896014700817716]]},"properties":{"OBJECTID":1161,"NAME":"Pacific:Australian","LABEL":"Transform Boundary"}},{"type":"Feature","id":1162,"geometry":{"type":"LineString","coordinates":[[-3.0072705701805944,37.81416273232429],[-4.248255075511281,37.647379623271036],[-5.3008948480188,37.21462771629615],[-6.423710605659892,36.70000382711498],[-6.87985450767934,36.37251589739083],[-6.996814482002719,36.05672396563858],[-7.102078460152768,35.72923603681369],[-6.950030492812971,35.43683609920669],[-6.365230618498174,34.91051621295293],[-5.277502852974237,34.52454829606705],[-4.142991097361232,34.302324344492945]]},"properties":{"OBJECTID":1162,"NAME":"Africa:Eurasia","LABEL":"Convergent Boundary"}},{"type":"Feature","id":1163,"geometry":{"type":"LineString","coordinates":[[-1.3207130801444578,35.38128857011145],[-0.5212141821887144,35.30990473971201],[1.20627450826197,35.32418150597175],[2.6482278771148913,35.39556533637125],[3.8331994586881137,35.43839563425115],[4.932510442702835,35.42411886799141],[6.631445601533358,35.73820772120939],[8.387487823604204,36.32355512796681],[10.186360343555066,36.851795471483854],[11.128626902309747,37.265821686721495],[12.47064290914301,37.665571135699395]]},"properties":{"OBJECTID":1163,"NAME":"Africa:Eurasia","LABEL":"Convergent Boundary"}},{"type":"Feature","id":1164,"geometry":{"type":"LineString","coordinates":[[15.338081493566108,37.10444824798833],[15.723554176284267,36.50482407497111],[16.35173188182091,36.23356551963309],[17.22261461017615,36.20501198801287],[17.96500644399225,36.40488671205219],[18.478970021249552,36.89029675768927],[18.678844746188133,37.46136739908627],[18.621737682048433,38.23231276452253],[18.393309425489633,38.774829874299314],[17.922176146112292,39.317346983176776],[17.465319632994692,39.78848026255412],[16.86569545907821,40.3309973723309]]},"properties":{"OBJECTID":1164,"NAME":"Africa:Eurasia","LABEL":"Convergent Boundary"}},{"type":"Feature","id":1165,"geometry":{"type":"LineString","coordinates":[[16.73720456543839,40.459488265970776],[16.03764302950225,41.03055890736772],[15.380911791446067,41.5873527834043],[14.938332044588265,42.05848606188232],[14.102764968128838,42.67665853896045],[13.915629008671885,43.02753846282985],[13.63492506903674,43.57725034412812],[13.213869160033767,43.84625828669061],[12.430237329189424,44.26731419569364],[11.426247600446459,44.713964544827945],[10.184168954733536,45.070883695925886],[9.170518566478734,45.27075841996515],[8.599447925081734,45.27075841996515],[8.185421709844093,45.19937458956571]]},"properties":{"OBJECTID":1165,"NAME":"Eurasia","LABEL":"Convergent Boundary"}},{"type":"Feature","id":1166,"geometry":{"type":"LineString","coordinates":[[41.00098532331407,39.079958856615974],[40.651406330837574,39.27780312821187],[40.44900131206094,39.391998290688605],[39.891998290588674,39.70299911481737],[39.26800155572727,39.90900039655111],[38.794998169430016,40.008998871101085],[38.020999907819544,40.26900100719081],[37.06200027529252,40.59999847375059],[36.16899871941541,40.848999023386284],[35.527000426928225,41.00199890062879],[34.83200073174845,41.123001099121495],[34.28599929762953,41.15900039585165],[33.40499877897054,41.02299880964739],[32.39199829118826,40.86000061073963],[31.482000350835563,40.679000855105414],[31.115999220687513,40.61500167818497],[30.77400016767365,40.60100174033812],[30.006999969772835,40.768001556326794],[29.030000686182746,40.68600082357921],[28.724000929899034,40.667999267752066],[27.986999511917986,40.61800002957773]]},"properties":{"OBJECTID":1166,"NAME":"Eurasia:Anatolia Block","LABEL":"Transform Boundary"}},{"type":"Feature","id":1167,"geometry":{"type":"LineString","coordinates":[[152.68515887568162,-10.391305645638965],[153.48042581499942,-10.357224706255124],[154.211594736508,-10.313650063799344]]},"properties":{"OBJECTID":1167,"NAME":"Solomon Sea Microplate:Southern Bismarck Microplate","LABEL":"Divergent Boundary"}},{"type":"Feature","id":1168,"geometry":{"type":"LineString","coordinates":[[154.211594736508,-10.313650063799344],[154.231855934304,-9.897841153946047]]},"properties":{"OBJECTID":1168,"NAME":"Solomon Sea Microplate:Southern Bismarck Microplate","LABEL":"Transform Boundary"}},{"type":"Feature","id":1169,"geometry":{"type":"LineString","coordinates":[[154.231855934304,-9.897841153946047],[155.16729539946323,-9.7166271519215]]},"properties":{"OBJECTID":1169,"NAME":"Solomon Sea Microplate:Southern Bismarck Microplate","LABEL":"Divergent Boundary"}},{"type":"Feature","id":1170,"geometry":{"type":"LineString","coordinates":[[155.16729539946323,-9.7166271519215],[155.16856925676586,-9.71638037975066],[155.16050118238377,-9.319829667305271]]},"properties":{"OBJECTID":1170,"NAME":"Solomon Sea Microplate:Southern Bismarck Microplate","LABEL":"Transform Boundary"}},{"type":"Feature","id":1171,"geometry":{"type":"LineString","coordinates":[[155.16050118238377,-9.319829667305271],[155.83248955564852,-9.271789435833739],[156.09721021328073,-9.19651658437283],[156.09954789751748,-9.177194664602041]]},"properties":{"OBJECTID":1171,"NAME":"Solomon Sea Microplate:Southern Bismarck Microplate","LABEL":"Divergent Boundary"}},{"type":"Feature","id":1172,"geometry":{"type":"LineString","coordinates":[[156.09954789751748,-9.177194664602041],[156.11978252214578,-9.00994718881168]]},"properties":{"OBJECTID":1172,"NAME":"Solomon Sea Microplate:Southern Bismarck Microplate","LABEL":"Transform Boundary"}},{"type":"Feature","id":1173,"geometry":{"type":"LineString","coordinates":[[156.11978252214578,-9.00994718881168],[156.11980766539148,-9.009739368976625],[156.44784370762113,-8.947408356210644]]},"properties":{"OBJECTID":1173,"NAME":"Solomon Sea Microplate:Southern Bismarck Microplate","LABEL":"Divergent Boundary"}},{"type":"Feature","id":1174,"geometry":{"type":"LineString","coordinates":[[26.168371138517273,33.99603290029819],[26.231514353304817,34.00992440688594],[27.202282143606112,34.46606830890539],[27.68400001538845,34.70600128213351],[28.049999237175086,34.8699989318053],[28.47800064091689,35.12699890157808],[28.77899932845628,35.31200027429327],[29.069999695229797,35.37799835184251],[29.34499931336768,35.424999236825386],[29.731000899971605,35.42699813835344]]},"properties":{"OBJECTID":1174,"NAME":"Eurasian:African","LABEL":"Transform Boundary"}},{"type":"Feature","id":1175,"geometry":{"type":"LineString","coordinates":[[35.75685785370706,36.25528916975941],[35.759446680819735,36.30188805059311],[35.87253095304112,36.46586024585372],[36.11566213849693,36.66941193621193],[36.30225118874142,36.935159976651676],[36.50580287909963,37.17263694903602],[36.78933433311306,37.39755153457571]]},"properties":{"OBJECTID":1175,"NAME":"Eurasian:African","LABEL":"Other"}},{"type":"Feature","id":1178,"geometry":{"type":"LineString","coordinates":[[71.52820137169601,33.19272835023321],[71.42798204433592,33.61026615455944],[71.29663053317262,33.61865029297667],[71.01995394471885,33.51804062477504],[70.8020082362911,33.49303006408621],[70.56860779361483,33.57114017228116],[70.36040167369833,33.719259962077615],[70.18433475434551,33.83524055220977],[70.13402991934538,33.91768458597494],[70.02643346852983,33.94423435972794],[69.99708898227078,33.92746608109479],[69.85176390498026,33.97357884598699],[69.72600181972825,34.118903922378195],[69.7078361852918,34.246063365232146],[69.73019388893687,34.34946774593976],[69.73159124563955,34.41095143276249],[69.72600181972825,34.59400513472923],[69.68128641153874,34.70439629895009],[69.65892870789361,34.8469266628353],[69.59604766436826,34.95452311365085],[69.46749086571094,35.04535128673257],[69.38784154535108,35.115219111972465],[69.26300912976757,35.12932385770989]]},"properties":{"OBJECTID":1178,"NAME":null,"LABEL":"Other"}},{"type":"Feature","id":1179,"geometry":{"type":"LineString","coordinates":[[66.23392224771362,25.56407211053954],[66.23392224771362,25.849607431237985],[66.18633302804687,26.33144828441084],[66.33504934085443,26.53965112270123],[66.31720338302978,26.813289138483015],[66.2755628153717,27.182105594497614],[66.28746012028836,27.598511270179017]]},"properties":{"OBJECTID":1179,"NAME":null,"LABEL":"Transform Boundary"}},{"type":"Feature","id":1180,"geometry":{"type":"LineString","coordinates":[[71.52820137169601,33.19272835023321],[71.56473573806392,32.936987784758514],[71.63780447169904,32.72143502210861],[71.70356633152102,32.63740597910271],[71.83143661380876,32.49857538564561],[72.0214153203608,32.41089290618271]]},"properties":{"OBJECTID":1180,"NAME":"Eurasian:Indian","LABEL":"Convergent Boundary"}},{"type":"Feature","id":1181,"geometry":{"type":"LineString","coordinates":[[69.26300912976757,35.12932385770989],[69.15743741980111,35.01671403362582],[69.06594193717069,34.80557061369291],[68.86939383865479,34.305590281965976],[68.69292189612867,33.9715541051379],[68.45221068557476,33.628637189654626],[68.40227632629149,33.50879472719498],[68.21751919685352,33.27909667377253],[68.0876898619976,33.02443144115813],[67.6982018592285,32.639936873687816],[67.26377293247492,32.12561297136159],[67.07402236683879,31.935862405725516],[66.8742849288065,31.68619060930922],[66.71948841475859,31.416545068100447],[66.6346000038871,31.16687327168421],[66.56968533690883,30.927188346764865],[66.43985600295224,30.702483729540518],[66.29504636040127,30.467792239920016],[66.13525641015525,30.24308762269567],[66.13026297395714,29.958461774691216],[66.0254008191925,29.63888187419917],[65.94550584451918,29.379223205386666],[65.82563681878423,28.879772463728273],[65.72560421226461,28.500338437169205],[65.70973550029316,28.440146771256536],[65.66859239262487,28.194487694051872],[65.80184220895086,27.95178267123333],[65.8161189752106,27.813773933120558],[65.89226172739689,27.72335441467453],[66.1587613600488,27.65672950606188],[66.28746012028836,27.598511270179017],[66.2755628153717,27.182105594497614],[66.31720338302978,26.813289138483015],[66.33504934085443,26.53965112270123],[66.18633302804687,26.33144828441084],[66.23392224771362,25.849607431237985],[66.23392224771362,25.56407211053954]]},"properties":{"OBJECTID":1181,"NAME":null,"LABEL":"Transform Boundary"}}],"exceededTransferLimit":true,"properties":{"exceededTransferLimit":true},"meta":{"source":"USGS Tectonic Plate Boundaries (Bird, 2003)","sourceUrl":"https://earthquake.usgs.gov/arcgis/rest/services/eq/map_plateboundaries/MapServer/1","snapshotDate":"2026-09-02"}}